t_s,k=0 (uncompensated),k=1 (freezes drift),k=2 (restores to pull)
0.0,197.18873385392467,197.18873385392467,197.18873385392467
0.0010001666944490749,197.32886125201458,197.18873385392467,197.0486064558348
0.0020003333888981498,197.47009610978404,197.18873385392467,196.90958735557822
0.0030005000833472247,197.61244632490988,197.18873385392467,196.77166860909102
0.0040006667777962995,197.7559198303201,197.18873385392467,196.63484230928154
0.005000833472245374,197.90052459379712,197.18873385392467,196.4991005863753
0.006001000166694449,198.0462686175637,197.18873385392467,196.3644356082433
0.007001166861143524,198.19315993785006,197.18873385392467,196.230839580714
0.008001333555592599,198.3412066244426,197.18873385392467,196.09830474786943
0.009001500250041674,198.49041678021322,197.18873385392467,195.96682339232603
0.010001666944490749,198.6407985406291,197.18873385392467,195.8363878354998
0.011001833638939824,198.79236007324263,197.18873385392467,195.70699043785743
0.012002000333388899,198.9451095771606,197.18873385392467,195.57862359915237
0.013002167027837973,199.09905528249251,197.18873385392467,195.45127975864742
0.014002333722287048,199.25420544977786,197.18873385392467,195.32495139532318
0.015002500416736123,199.41056836939092,197.18873385392467,195.1996310280734
0.016002667111185198,199.56815236092373,197.18873385392467,195.07531121588735
0.017002833805634273,199.7269657725462,197.18873385392467,194.95198455801926
0.018003000500083348,199.88701698034268,197.18873385392467,194.82964369414566
0.019003167194532423,200.04831438762503,197.18873385392467,194.70828130451068
0.020003333888981498,200.21086642422148,197.18873385392467,194.58789011005936
0.021003500583430573,200.37468154574034,197.18873385392467,194.4684628725599
0.022003667277879647,200.53976823280897,197.18873385392467,194.34999239471446
0.023003833972328722,200.70613499028656,197.18873385392467,194.23247152025942
0.024004000666777797,200.87379034645093,197.18873385392467,194.1158931340549
0.025004167361226872,201.0427428521583,197.18873385392467,194.00025016216415
0.026004334055675947,201.21300107997598,197.18873385392467,193.88553557192296
0.027004500750125022,201.38457362328677,197.18873385392467,193.77174237199924
0.028004667444574097,201.5574690953656,197.18873385392467,193.65886361244338
0.02900483413902317,201.73169612842665,197.18873385392467,193.54689238472932
0.030005000833472247,201.9072633726414,197.18873385392467,193.4358218217866
0.03100516752792132,202.0841794951263,197.18873385392467,193.32564509802407
0.032005334222370396,202.26245317890036,197.18873385392467,193.21635542934482
0.033005500916819475,202.442093121811,197.18873385392467,193.1079460731531
0.034005667611268546,202.62310803542877,197.18873385392467,193.0004103283534
0.03500583430571762,202.8055066439095,197.18873385392467,192.89374153534163
0.036006001000166696,202.98929768282372,197.18873385392467,192.78793307598895
0.037006167694615774,203.1744898979527,197.18873385392467,192.68297837361814
0.038006334389064846,203.36109204405062,197.18873385392467,192.5788708929734
0.03900650108351392,203.5491128835721,197.18873385392467,192.47560414018267
0.040006667777962995,203.73856118536466,197.18873385392467,192.37317166271382
0.041006834472412074,203.92944572332567,197.18873385392467,192.27156704932415
0.042007001166861145,204.1217752750228,197.18873385392467,192.17078393000386
0.043007167861310217,204.3155586202779,197.18873385392467,192.0708159759133
0.044007334555759295,204.51080453971338,197.18873385392467,191.9716568993145
0.04500750125020837,204.70752181326068,197.18873385392467,191.87330045349702
0.046007667944657445,204.90571921863014,197.18873385392467,191.77574043269834
0.047007834639106516,205.1054055297417,197.18873385392467,191.67897067201883
0.048008001333555594,205.30658951511631,197.18873385392467,191.58298504733185
0.04900816802800467,205.5092799362266,197.18873385392467,191.48777747518847
0.050008334722453744,205.713485545807,197.18873385392467,191.39334191271803
0.051008501416902816,205.9192150861227,197.18873385392467,191.29967235752343
0.052008668111351894,206.12647728719617,197.18873385392467,191.20676284757235
0.05300883480580097,206.33528086499174,197.18873385392467,191.11460746108392
0.054009001500250044,206.54563451955696,197.18873385392467,191.0232003164115
0.055009168194699115,206.7575469331203,197.18873385392467,190.9325355719212
0.056009334889148193,206.97102676814507,197.18873385392467,190.8426074258665
0.05700950158359727,207.18608266533843,197.18873385392467,190.75341011625946
0.05800966827804634,207.40272324161552,197.18873385392467,190.66493792073788
0.059009834972495415,207.62095708801797,197.18873385392467,190.57718515642935
0.06001000166694449,207.84079276758612,197.18873385392467,190.49014617981175
0.06101016836139357,208.06223881318485,197.18873385392467,190.40381538657073
0.06201033505584264,208.28530372528226,197.18873385392467,190.31818721145393
0.06301050175029171,208.5099959696809,197.18873385392467,190.23325612812235
0.06401066844474079,208.73632397520095,197.18873385392467,190.1490166489988
0.06501083513918987,208.96429613131522,197.18873385392467,190.06546332511365
0.06601100183363895,209.19392078573512,197.18873385392467,189.98259074594802
0.06701116852808801,209.4252062419475,197.18873385392467,189.90039353927432
0.06801133522253709,209.6581607567022,197.18873385392467,189.81886637099458
0.06901150191698617,209.89279253744914,197.18873385392467,189.7380039449763
0.07001166861143523,210.12910973972578,197.18873385392467,189.6578010028862
0.07101183530588431,210.36712046449355,197.18873385392467,189.57825232402192
0.07201200200033339,210.60683275542365,197.18873385392467,189.49935272514145
0.07301216869478247,210.84825459613157,197.18873385392467,189.42109706029115
0.07401233538923155,211.09139390736047,197.18873385392467,189.3434802206314
0.07501250208368061,211.33625854411264,197.18873385392467,189.26649713426087
0.07601266877812969,211.58285629272953,197.18873385392467,189.19014276603917
0.07701283547257877,211.83119486791972,197.18873385392467,189.11441211740765
0.07801300216702783,212.0812819097346,197.18873385392467,189.03930022620892
0.07901316886147691,212.33312498049233,197.18873385392467,188.96480216650514
0.08001333555592599,212.5867315616492,197.18873385392467,188.8909130483946
0.08101350225037507,212.84210905061897,197.18873385392467,188.81762801782742
0.08201366894482415,213.0992647575399,197.18873385392467,188.7449422564199
0.08301383563927321,213.35820590198955,197.18873385392467,188.67285098126774
0.08401400233372229,213.61893960964753,197.18873385392467,188.60134944475843
0.08501416902817137,213.88147290890626,197.18873385392467,188.5304329343824
0.08601433572262043,214.14581272743004,197.18873385392467,188.46009677254355
0.08701450241706951,214.41196588866225,197.18873385392467,188.39033631636886
0.08801466911151859,214.67993910828147,197.18873385392467,188.32114695751704
0.08901483580596767,214.94973899060656,197.18873385392467,188.25252412198688
0.09001500250041675,215.22137202495088,197.18873385392467,188.18446326992446
0.09101516919486581,215.4948445819266,197.18873385392467,188.1169598954303
0.09201533588931489,215.77016290969877,197.18873385392467,188.05000952636544
0.09301550258376397,216.0473331301905,197.18873385392467,187.98360772415754
0.09401566927821303,216.32636123523935,197.18873385392467,187.91775008360617
0.09501583597266211,216.60725308270534,197.18873385392467,187.8524322326879
0.09601600266711119,216.890014392532,197.18873385392467,187.78764983236107
0.09701616936156027,217.17465074276055,197.18873385392467,187.72339857637027
0.09801633605600935,217.46116756549824,197.18873385392467,187.65967419105053
0.09901650275045841,217.74957014284175,197.18873385392467,187.5964724351313
0.10001666944490749,218.03986360275672,197.18873385392467,187.53378909954046
0.10101683613935657,218.33205291491407,197.18873385392467,187.4716200072081
0.10201700283380563,218.62614288648444,197.18873385392467,187.40996101287018
0.10301716952825471,218.92213815789216,197.18873385392467,187.34880800287235
0.10401733622270379,219.2200431985291,197.18873385392467,187.28815689497358
0.10501750291715287,219.51986230243097,197.18873385392467,187.22800363815008
0.10601766961160194,219.82159958391603,197.18873385392467,187.16834421239912
0.10701783630605101,220.12525897318898,197.18873385392467,187.10917462854306
0.10801800300050009,220.4308442119106,197.18873385392467,187.0504909280335
0.10901816969494917,220.73835884873526,197.18873385392467,186.99228918275574
0.11001833638939823,221.04780623481787,197.18873385392467,186.93456549483335
0.11101850308384731,221.35918951929182,197.18873385392467,186.87731599643305
0.11201866977829639,221.67251164472015,197.18873385392467,186.8205368495698
0.11301883647274547,221.9877753425218,197.18873385392467,186.76422424591243
0.11401900316719454,222.3049831283746,197.18873385392467,186.70837440658926
0.11501916986164361,222.62413729759766,197.18873385392467,186.65298358199448
0.11601933655609269,222.945239920515,197.18873385392467,186.5980480515946
0.11701950325054176,223.26829283780287,197.18873385392467,186.54356412373562
0.11801966994499083,223.59329765582314,197.18873385392467,186.48952813545034
0.11901983663943991,223.92025574194508,197.18873385392467,186.43593645226647
0.12002000333388899,224.24916821985852,197.18873385392467,186.3827854680149
0.12102017002833806,224.5800359648804,197.18873385392467,186.3300716046388
0.12202033672278714,224.91285959925816,197.18873385392467,186.27779131200296
0.12302050341723621,225.24763948747233,197.18873385392467,186.22594106770404
0.12402067011168529,225.58437573154146,197.18873385392467,186.17451737688106
0.12502083680613435,225.9230681663324,197.18873385392467,186.12351677202662
0.12602100350058343,226.26371635487914,197.18873385392467,186.07293581279885
0.1270211701950325,226.6063195837131,197.18873385392467,186.0227710858338
0.12802133688948159,226.9508768582087,197.18873385392467,185.97301920455863
0.12902150358393066,227.29738689794726,197.18873385392467,185.92367680900531
0.13002167027837974,227.64584813210263,197.18873385392467,185.87474056562522
0.13102183697282882,227.99625869485257,197.18873385392467,185.8262071671042
0.1320220036672779,228.34861642081907,197.18873385392467,185.77807333217848
0.13302217036172695,228.70291884054177,197.18873385392467,185.73033580545143
0.13402233705617603,229.0591631759879,197.18873385392467,185.68299135721062
0.1350225037506251,229.41734633610324,197.18873385392467,185.6360367832462
0.13602267044507418,229.77746491240745,197.18873385392467,185.5894689046695
0.13702283713952326,230.1395151746385,197.18873385392467,185.5432845677329
0.13802300383397234,230.50349306644964,197.18873385392467,185.4974806436501
0.13902317052842142,230.86939420116403,197.18873385392467,185.45205402841736
0.14002333722287047,231.2372138575905,197.18873385392467,185.40700164263555
0.14102350391731955,231.60694697590552,197.18873385392467,185.3623204313329
0.14202367061176863,231.97858815360524,197.18873385392467,185.31800736378887
0.1430238373062177,232.3521316415326,197.18873385392467,185.27405943335833
0.14402400400066678,232.72757133998346,197.18873385392467,185.2304736572971
0.14502417069511586,233.10490079489745,197.18873385392467,185.18724707658808
0.14602433738956494,233.4841131941369,197.18873385392467,185.1443767557683
0.14702450408401402,233.86520136385946,197.18873385392467,185.10185978275678
0.1480246707784631,234.2481577649889,197.18873385392467,185.0596932686833
0.14902483747291215,234.63297448978884,197.18873385392467,185.0178743477181
0.15002500416736123,235.01964325854456,197.18873385392467,184.97640017690227
0.1510251708618103,235.40815541635703,197.18873385392467,184.9352679359794
0.15202533755625938,235.79850193005473,197.18873385392467,184.89447482722758
0.15302550425070846,236.19067338522808,197.18873385392467,184.85401807529283
0.15402567094515754,236.5846599833908,197.18873385392467,184.8138949270231
0.15502583763960662,236.98045153927382,197.18873385392467,184.77410265130337
0.15602600433405567,237.37803747825635,197.18873385392467,184.73463853889135
0.15702617102850475,237.7774068339384,197.18873385392467,184.6954999022546
0.15802633772295382,238.178548245861,197.18873385392467,184.65668407540798
0.1590265044174029,238.58144995737752,197.18873385392467,184.6181884137526
0.16002667111185198,238.98609981368168,197.18873385392467,184.5800102939151
0.16102683780630106,239.39248525999696,197.18873385392467,184.5421471135885
0.16202700450075014,239.8005933399319,197.18873385392467,184.5045962913733
0.16302717119519922,240.210410694006,197.18873385392467,184.46735526662
0.1640273378896483,240.62192355835106,197.18873385392467,184.43042149927246
0.16502750458409735,241.03511776359218,197.18873385392467,184.3937924697119
0.16602767127854642,241.44997873391316,197.18873385392467,184.35746567860238
0.1670278379729955,241.8664914863104,197.18873385392467,184.32143864673657
0.16802800466744458,242.28464063003946,197.18873385392467,184.28570891488286
0.16902817136189366,242.70441036625914,197.18873385392467,184.25027404363342
0.17002833805634274,243.12578448787627,197.18873385392467,184.21513161325302
0.17102850475079182,243.54874637959549,197.18873385392467,184.18027922352883
0.17202867144524087,243.97327901817798,197.18873385392467,184.14571449362114
0.17302883813968994,244.39936497291254,197.18873385392467,184.1114350619152
0.17402900483413902,244.82698640630267,197.18873385392467,184.0774385858737
0.1750291715285881,245.25612507497272,197.18873385392467,184.04372274189035
0.17602933822303718,245.68676233079682,197.18873385392467,184.01028522514446
0.17702950491748626,246.11887912225308,197.18873385392467,183.97712374945627
0.17802967161193534,246.55245599600602,197.18873385392467,183.94423604714333
0.17902983830638441,246.98747309872005,197.18873385392467,183.9116198688778
0.1800300050008335,247.42391017910637,197.18873385392467,183.8792729835447
0.18103017169528254,247.86174659020514,197.18873385392467,183.8471931781008
0.18203033838973162,248.30096129190554,197.18873385392467,183.81537825743513
0.1830305050841807,248.7415328537051,197.18873385392467,183.7838260442295
0.18403067177862978,249.18343945770982,197.18873385392467,183.75253437882068
0.18503083847307886,249.62665890187688,197.18873385392467,183.72150111906325
0.18603100516752794,250.07116860350024,197.18873385392467,183.6907241401931
0.187031171861977,250.51694560294075,197.18873385392467,183.66020133469235
0.18803133855642606,250.96396656760083,197.18873385392467,183.62993061215468
0.18903150525087514,251.41220779614417,197.18873385392467,183.59990989915198
0.19003167194532422,251.86164522296042,197.18873385392467,183.57013713910175
0.1910318386397733,252.31225442287504,197.18873385392467,183.5406102921352
0.19203200533422238,252.76401061610315,197.18873385392467,183.5113273349666
0.19303217202867146,253.21688867344693,197.18873385392467,183.48228626076337
0.19403233872312053,253.6708631217357,197.18873385392467,183.45348507901693
0.1950325054175696,254.12590814950684,197.18873385392467,183.42492181541476
0.1960326721120187,254.5819976129265,197.18873385392467,183.396594511713
0.19703283880646774,255.03910504194715,197.18873385392467,183.36850122561023
0.19803300550091682,255.4972036467011,197.18873385392467,183.34064003062187
0.1990331721953659,255.9562663241262,197.18873385392467,183.3130090159558
0.20003333888981498,256.4162656648216,197.18873385392467,183.28560628638846
0.20103350558426406,256.8771739601302,197.18873385392467,183.25842996214203
0.20203367227871313,257.3389632094443,197.18873385392467,183.23147817876264
0.2030338389731622,257.8016051277308,197.18873385392467,183.20474908699907
0.20403400566761126,258.2650711532721,197.18873385392467,183.17824085268262
0.20503417236206034,258.7293324556181,197.18873385392467,183.1519516566077
0.20603433905650942,259.1943599437443,197.18873385392467,183.12587969441336
0.2070345057509585,259.6601242744127,197.18873385392467,183.10002317646544
0.20803467244540758,260.12659586072806,197.18873385392467,183.07438032774004
0.20903483913985665,260.59374488088616,197.18873385392467,183.0489493877072
0.21003500583430573,261.0615412871066,197.18873385392467,183.02372861021604
0.2110351725287548,261.5299548147459,197.18873385392467,182.99871626338032
0.2120353392232039,261.9989549915827,197.18873385392467,182.97391062946488
0.21303550591765294,262.4685111472707,197.18873385392467,182.94931000477322
0.21403567261210202,262.9385924229503,197.18873385392467,182.9249126995354
0.2150358393065511,263.4091677810143,197.18873385392467,182.90071703779734
0.21603600600100017,263.8802060150184,197.18873385392467,182.87672135731026
0.21703617269544925,264.35167575973065,197.18873385392467,182.8529240094216
0.21803633938989833,264.82354550131123,197.18873385392467,182.8293233589663
0.2190365060843474,265.295783587615,197.18873385392467,182.80591778415902
0.22003667277879646,265.7683582386091,197.18873385392467,182.78270567648724
0.22103683947324554,266.24123755689726,197.18873385392467,182.759685440605
0.22203700616769462,266.71438953834206,197.18873385392467,182.73685549422757
0.2230371728621437,267.1877820827771,197.18873385392467,182.71421426802672
0.22403733955659277,267.66138300480077,197.18873385392467,182.69176020552703
0.22503750625104185,268.13516004464134,197.18873385392467,182.66949176300272
0.22603767294549093,268.609080879087,197.18873385392467,182.64740740937552
0.22703783963994,269.08311313246895,197.18873385392467,182.6255056261129
0.2280380063343891,269.557224387691,197.18873385392467,182.6037849071276
0.22903817302883814,270.031382197295,197.18873385392467,182.5822437586774
0.23003833972328722,270.5055540945533,197.18873385392467,182.56088069926608
0.2310385064177363,270.9797076045796,197.18873385392467,182.53969425954472
0.23203867311218537,271.45381025544754,197.18873385392467,182.51868298221413
0.23303883980663445,271.9278295893096,197.18873385392467,182.4978454219278
0.23403900650108353,272.4017331735054,197.18873385392467,182.47718014519546
0.2350391731955326,272.87548861165055,197.18873385392467,182.45668573028786
0.23603933988998166,273.3490635546975,197.18873385392467,182.4363607671417
0.23703950658443074,273.8224257119588,197.18873385392467,182.41620385726563
0.23803967327887982,274.2955428620827,197.18873385392467,182.3962136136469
0.2390398399733289,274.76838286397367,197.18873385392467,182.37638866065862
0.24004000666777797,275.24091366764765,197.18873385392467,182.35672763396798
0.24104017336222705,275.7131033250132,197.18873385392467,182.33722918044478
0.24204034005667613,276.18492000057086,197.18873385392467,182.31789195807104
0.2430405067511252,276.65633198202016,197.18873385392467,182.2987146358512
0.24404067344557429,277.1273076907679,197.18873385392467,182.27969589372285
0.24504084014002334,277.5978156923275,197.18873385392467,182.2608344224682
0.24604100683447241,278.06782470660255,197.18873385392467,182.2421289236266
0.2470411735289215,278.53730361804566,197.18873385392467,182.22357810940704
0.24804134022337057,279.00622148568516,197.18873385392467,182.20518070260204
0.24904150691781965,279.47454755301186,197.18873385392467,182.18693543650164
0.2500416736122687,279.94225125771874,197.18873385392467,182.16884105480855
0.2510418403067178,280.4093022412858,197.18873385392467,182.1508963115535
0.25204200700116686,280.87567035840345,197.18873385392467,182.1330999710116
0.25304217369561594,281.3413256862278,197.18873385392467,182.11545080761903
0.254042340390065,281.8062385334607,197.18873385392467,182.09794760589082
0.2550425070845141,282.2703794492493,197.18873385392467,182.0805891603388
0.25604267377896317,282.73371923189774,197.18873385392467,182.06337427539046
0.25704284047341225,283.1962289373869,197.18873385392467,182.04630176530844
0.2580430071678613,283.65787988769483,197.18873385392467,182.02937045411053
0.2590431738623104,284.1186436789149,197.18873385392467,182.01257917549034
0.2600433405567595,284.5784921891643,197.18873385392467,181.99592677273873
0.26104350725120856,285.03739758628046,197.18873385392467,181.9794120986656
0.26204367394565764,285.4953323352995,197.18873385392467,181.96303401552245
0.2630438406401067,285.9522692057137,197.18873385392467,181.94679139492567
0.2640440073345558,286.4081812785038,197.18873385392467,181.93068311778012
0.2650441740290048,286.8630419529422,197.18873385392467,181.9147080742036
0.2660443407234539,287.31682495316534,197.18873385392467,181.89886516345172
0.267044507417903,287.76950433451054,197.18873385392467,181.8831532938435
0.26804467411235205,288.22105448961656,197.18873385392467,181.86757138268746
0.26904484080680113,288.67145015428423,197.18873385392467,181.8521183562084
0.2700450075012502,289.120666413096,197.18873385392467,181.8367931494746
0.2710451741956993,289.5686787047926,197.18873385392467,181.82159470632573
0.27204534089014837,290.01546282740514,197.18873385392467,181.8065219793013
0.27304550758459745,290.46099494314205,197.18873385392467,181.7915739295697
0.2740456742790465,290.90525158302967,197.18873385392467,181.77674952685763
0.2750458409734956,291.34820965130643,197.18873385392467,181.76204774938037
0.2760460076679447,291.7898464295699,197.18873385392467,181.74746758377248
0.27704617436239376,292.23013958067696,197.18873385392467,181.73300802501882
0.27804634105684284,292.66906715239816,197.18873385392467,181.71866807638656
0.2790465077512919,293.106607580825,197.18873385392467,181.70444674935746
0.28004667444574094,293.5427396935336,197.18873385392467,181.69034306356056
0.28104684114019,293.97744271250286,197.18873385392467,181.67635604670582
0.2820470078346391,294.41069625679194,197.18873385392467,181.66248473451785
0.2830471745290882,294.8424803449749,197.18873385392467,181.6487281706705
0.28404734122353725,295.27277539733757,197.18873385392467,181.63508540672174
0.28504750791798633,295.7015622378366,197.18873385392467,181.62155550204926
0.2860476746124354,296.1288220958241,197.18873385392467,181.60813752378627
0.2870478413068845,296.55453660753966,197.18873385392467,181.59483054675835
0.28804800800133357,296.978687817373,197.18873385392467,181.58163365342017
0.28904817469578264,297.4012581788996,197.18873385392467,181.56854593379325
0.2900483413902317,297.8222305556928,197.18873385392467,181.55556648540383
0.2910485080846808,298.2415882219152,197.18873385392467,181.54269441322154
0.2920486747791299,298.65931486269363,197.18873385392467,181.52992882959836
0.29304884147357896,299.0753945742795,197.18873385392467,181.51726885420803
0.29404900816802804,299.48981186400056,197.18873385392467,181.5047136139863
0.2950491748624771,299.902551650006,197.18873385392467,181.49226224307122
0.2960493415569262,300.3135992608098,197.18873385392467,181.47991388274409
0.2970495082513752,300.7229404346362,197.18873385392467,181.46766768137104
0.2980496749458243,301.13056131857184,197.18873385392467,181.45552279434483
0.2990498416402734,301.5364484675284,197.18873385392467,181.4434783840272
0.30005000833472245,301.9405888430202,197.18873385392467,181.4315336196918
0.30105017502917153,302.3429698117621,197.18873385392467,181.4196876774675
0.3020503417236206,302.7435791440911,197.18873385392467,181.4079397402819
0.3030505084180697,303.14240501221724,197.18873385392467,181.39628899780593
0.30405067511251876,303.5394359883083,197.18873385392467,181.3847346463982
0.30505084180696784,303.9346610424125,197.18873385392467,181.37327588905018
0.3060510085014169,304.3280695402251,197.18873385392467,181.36191193533188
0.307051175195866,304.71965124070294,197.18873385392467,181.3506420013377
0.3080513418903151,305.1093962935324,197.18873385392467,181.3394653096328
0.30905150858476416,305.49729523645493,197.18873385392467,181.32838108920018
0.31005167527921323,305.88333899245606,197.18873385392467,181.31738857538778
0.3110518419736623,306.2675188668223,197.18873385392467,181.30648700985626
0.31205200866811134,306.6498265440712,197.18873385392467,181.2956756405271
0.3130521753625604,307.0302540847588,197.18873385392467,181.2849537215312
0.3140523420570095,307.4087939221708,197.18873385392467,181.27432051315782
0.31505250875145857,307.78543885890076,197.18873385392467,181.26377528180404
0.31605267544590765,308.1601820633219,197.18873385392467,181.2533172999245
0.3170528421403567,308.5330170659557,197.18873385392467,181.24294584598152
0.3180530088348058,308.9039377557439,197.18873385392467,181.23266020439587
0.3190531755292549,309.2729383762273,197.18873385392467,181.22245966549767
0.32005334222370396,309.64001352163666,197.18873385392467,181.21234352547782
0.32105350891815304,310.0051581329011,197.18873385392467,181.20231108633985
0.3220536756126021,310.36836749357747,197.18873385392467,181.19236165585204
0.3230538423070512,310.72963722570586,197.18873385392467,181.1824945475
0.3240540090015003,311.08896328559655,197.18873385392467,181.1727090804398
0.32505417569594935,311.44634195955143,197.18873385392467,181.163004579451
0.32605434239039843,311.80176985952573,197.18873385392467,181.15338037489073
0.3270545090848475,312.1552439187332,197.18873385392467,181.1438358026475
0.3280546757792966,312.5067613872004,197.18873385392467,181.13437020409583
0.3290548424737456,312.85631982727284,197.18873385392467,181.12498292605113
0.3300550091681947,313.2039171090783,197.18873385392467,181.11567332072485
0.33105517586264377,313.5495514059506,197.18873385392467,181.10644074567998
0.33205534255709285,313.8932211898182,197.18873385392467,181.09728456378718
0.3330555092515419,314.2349252265616,197.18873385392467,181.08820414318095
0.334055675945991,314.5746625713426,197.18873385392467,181.07919885721626
0.3350558426404401,314.9124325639104,197.18873385392467,181.07026808442563
0.33605600933488916,315.2482348238866,197.18873385392467,181.06141120847658
0.33705617602933824,315.5820692460343,197.18873385392467,181.0526276181291
0.3380563427237873,315.913935995513,197.18873385392467,181.0439167071939
0.3390565094182364,316.24383550312405,197.18873385392467,181.03527787449076
0.3400566761126855,316.57176846054955,197.18873385392467,181.0267105238072
0.34105684280713455,316.8977358155867,197.18873385392467,181.01821406385758
0.34205700950158363,317.2217387673828,197.18873385392467,181.00978790824266
0.3430571761960327,317.5437787616718,197.18873385392467,181.00143147540905
0.34405734289048173,317.8638574860162,197.18873385392467,180.99314418860948
0.3450575095849308,318.18197686505755,197.18873385392467,180.98492547586318
0.3460576762793799,318.4981390557771,197.18873385392467,180.97677476991652
0.34705784297382897,318.81234644277004,197.18873385392467,180.9686915082041
0.34805800966827805,319.12460163353524,197.18873385392467,180.96067513281008
0.3490581763627271,319.43490745378347,197.18873385392467,180.95272509042985
0.3500583430571762,319.74326694276584,197.18873385392467,180.9448408323321
0.3510585097516253,320.0496833486252,197.18873385392467,180.93702181432096
0.35205867644607436,320.35416012377215,197.18873385392467,180.92926749669869
0.35305884314052344,320.65670092028773,197.18873385392467,180.92157734422867
0.3540590098349725,320.9573095853552,197.18873385392467,180.9139508260985
0.3550591765294216,321.2559901567223,197.18873385392467,180.9063874158835
0.3560593432238707,321.55274685819586,197.18873385392467,180.89888659151066
0.35705950991831975,321.84758409517053,197.18873385392467,180.89144783522264
0.35805967661276883,322.1405064501933,197.18873385392467,180.88407063354214
0.3590598433072179,322.4315186785648,197.18873385392467,180.8767544772367
0.360060010001667,322.72062570398,197.18873385392467,180.86949886128366
0.361060176696116,323.0078326142078,197.18873385392467,180.86230328483546
0.3620603433905651,323.2931446568133,197.18873385392467,180.85516725118504
0.36306051008501417,323.57656723492096,197.18873385392467,180.84809026773186
0.36406067677946324,323.8581059030228,197.18873385392467,180.84107184594797
0.3650608434739123,324.1377663628303,197.18873385392467,180.83411150134432
0.3660610101683614,324.41555445917254,197.18873385392467,180.82720875343756
0.3670611768628105,324.6914761759406,197.18873385392467,180.8203631257169
0.36806134355725956,324.9655376320794,197.18873385392467,180.8135741456114
0.36906151025170864,325.2377450776283,197.18873385392467,180.80684134445735
0.3700616769461577,325.5081048898094,197.18873385392467,180.80016425746615
0.3710618436406068,325.7766235691671,197.18873385392467,180.79354242369217
0.37206201033505587,326.04330773575685,197.18873385392467,180.78697538600127
0.37306217702950495,326.3081641253844,197.18873385392467,180.78046269103908
0.374062343723954,326.5711995858974,197.18873385392467,180.77400388919997
0.3750625104184031,326.8324210735276,197.18873385392467,180.767598534596
0.37606267711285213,327.09183564928594,197.18873385392467,180.76124618502632
0.3770628438073012,327.3494504754093,197.18873385392467,180.75494640194668
0.3780630105017503,327.60527281186063,197.18873385392467,180.74869875043927
0.37906317719619936,327.8593100128815,197.18873385392467,180.74250279918274
0.38006334389064844,328.1115695235979,197.18873385392467,180.73635812042252
0.3810635105850975,328.3620588766793,197.18873385392467,180.73026428994143
0.3820636772795466,328.6107856890511,197.18873385392467,180.72422088703038
0.3830638439739957,328.8577576586603,197.18873385392467,180.71822749445948
0.38406401066844476,329.1029825612947,197.18873385392467,180.71228369844923
0.38506417736289383,329.34646824745545,197.18873385392467,180.70638908864206
0.3860643440573429,329.58822263928306,197.18873385392467,180.70054325807413
0.387064510751792,329.8282537275363,197.18873385392467,180.69474580314724
0.38806467744624107,330.06656956862486,197.18873385392467,180.68899632360103
0.38906484414069015,330.3031782816941,197.18873385392467,180.68329442248543
0.3900650108351392,330.53808804576335,197.18873385392467,180.67763970613333
0.3910651775295883,330.7713070969163,197.18873385392467,180.67203178413345
0.3920653442240374,331.0028437255439,197.18873385392467,180.6664702693034
0.3930655109184864,331.2327062736391,197.18873385392467,180.6609547776632
0.3940656776129355,331.46090313214376,197.18873385392467,180.6554849284085
0.39506584430738456,331.6874427383465,197.18873385392467,180.65006034388466
0.39606601100183364,331.9123335733315,197.18873385392467,180.64468064956054
0.3970661776962827,332.13558415947904,197.18873385392467,180.6393454740028
0.3980663443907318,332.35720305801505,197.18873385392467,180.63405444885018
0.3990665110851809,332.5771988666113,197.18873385392467,180.62880720878834
0.40006667777962995,332.7955802170351,197.18873385392467,180.62360339152445
0.40106684447407903,333.01235577284797,197.18873385392467,180.61844263776234
0.4020670111685281,333.2275342271526,197.18873385392467,180.61332459117773
0.4030671778629772,333.44112430038865,197.18873385392467,180.6082488983937
0.40406734455742627,333.6531347381754,197.18873385392467,180.6032152089563
0.40506751125187535,333.8635743092022,197.18873385392467,180.59822317531035
0.4060676779463244,334.0724518031653,197.18873385392467,180.5932724527756
0.4070678446407735,334.27977602875075,197.18873385392467,180.58836269952295
0.4080680113352225,334.4855558116632,197.18873385392467,180.58349357655075
0.4090681780296716,334.68979999269936,197.18873385392467,180.5786647476616
0.4100683447241207,334.8925174258665,197.18873385392467,180.57387587943913
0.41106851141856976,335.09371697654444,197.18873385392467,180.56912664122495
0.41206867811301884,335.29340751969124,197.18873385392467,180.56441670509597
0.4130688448074679,335.49159793809173,197.18873385392467,180.55974574584164
0.414069011501917,335.6882971206481,197.18873385392467,180.5551134409417
0.4150691781963661,335.88351396071255,197.18873385392467,180.5505194705439
0.41606934489081515,336.07725735446076,197.18873385392467,180.54596351744178
0.41706951158526423,336.269536199306,197.18873385392467,180.54144526705304
0.4180696782797133,336.46035939235344,197.18873385392467,180.53696440739773
0.4190698449741624,336.64973582889326,197.18873385392467,180.53252062907674
0.42007001166861146,336.8376744009332,197.18873385392467,180.52811362525054
0.42107017836306054,337.0241839957688,197.18873385392467,180.5237430916179
0.4220703450575096,337.20927349459146,197.18873385392467,180.51940872639497
0.4230705117519587,337.3929517711336,197.18873385392467,180.51511023029448
0.4240706784464078,337.57522769035,197.18873385392467,180.51084730650518
0.4250708451408568,337.756110107135,197.18873385392467,180.50661966067116
0.4260710118353059,337.93560786507516,197.18873385392467,180.5024270008718
0.42707117852975496,338.1137297952364,197.18873385392467,180.49826903760143
0.42807134522420404,338.2904847149851,197.18873385392467,180.49414548374946
0.4290715119186531,338.46588142684294,197.18873385392467,180.49005605458063
0.4300716786131022,338.63992871737446,197.18873385392467,180.48600046771531
0.43107184530755127,338.8126353561068,197.18873385392467,180.4819784431099
0.43207201200200035,338.9840100944818,197.18873385392467,180.47798970303785
0.43307217869644943,339.1540616648382,197.18873385392467,180.47403397207015
0.4340723453908985,339.3227987794256,197.18873385392467,180.4701109770565
0.4350725120853476,339.49023012944787,197.18873385392467,180.4662204471065
0.43607267877979666,339.6563643841357,197.18873385392467,180.46236211357092
0.43707284547424574,339.82121018984907,197.18873385392467,180.45853571002309
0.4380730121686948,339.98477616920707,197.18873385392467,180.4547409722407
0.4390731788631439,340.1470709202462,197.18873385392467,180.45097763818737
0.4400733455575929,340.30810301560575,197.18873385392467,180.44724544799476
0.441073512252042,340.4678810017399,197.18873385392467,180.4435441439445
0.4420736789464911,340.62641339815605,197.18873385392467,180.43987347045055
0.44307384564094016,340.78370869667907,197.18873385392467,180.4362331740414
0.44407401233538923,340.9397753607404,197.18873385392467,180.43262300334274
0.4450741790298383,341.0946218246919,197.18873385392467,180.42904270906
0.4460743457242874,341.2482564931444,197.18873385392467,180.42549204396124
0.44707451241873647,341.40068774032886,197.18873385392467,180.42197076286007
0.44807467911318555,341.55192390948184,197.18873385392467,180.41847862259863
0.4490748458076346,341.7019733122526,197.18873385392467,180.41501538203102
0.4500750125020837,341.8508442281336,197.18873385392467,180.41158080200645
0.4510751791965328,341.9985449039113,197.18873385392467,180.40817464535297
0.45207534589098186,342.1450835531395,197.18873385392467,180.40479667686085
0.45307551258543094,342.29046835563275,197.18873385392467,180.4014466632665
0.45407567927988,342.4347074569802,197.18873385392467,180.39812437323639
0.4550758459743291,342.57780896807975,197.18873385392467,180.39482957735098
0.4560760126687782,342.71978096469076,197.18873385392467,180.39156204808904
0.4570761793632272,342.86063148700674,197.18873385392467,180.38832155981183
0.4580763460576763,343.0003685392461,197.18873385392467,180.38510788874754
0.45907651275212535,343.1390000892611,197.18873385392467,180.38192081297595
0.46007667944657443,343.27653406816455,197.18873385392467,180.37876011241295
0.4610768461410235,343.41297836997387,197.18873385392467,180.37562556879553
0.4620770128354726,343.54834085127203,197.18873385392467,180.3725169656666
0.46307717952992167,343.6826293308853,197.18873385392467,180.36943408836012
0.46407734622437075,343.8158515895763,197.18873385392467,180.36637672398618
0.4650775129188198,343.9480153697539,197.18873385392467,180.36334466141648
0.4660776796132689,344.07912837519757,197.18873385392467,180.3603376912696
0.467077846307718,344.2091982707973,197.18873385392467,180.35735560589666
0.46807801300216706,344.33823268230793,197.18873385392467,180.3543981993669
0.46907817969661614,344.46623919611767,197.18873385392467,180.35146526745356
0.4700783463910652,344.5932253590305,197.18873385392467,180.34855660761968
0.4710785130855143,344.7191986780627,197.18873385392467,180.34567201900424
0.4720786797799633,344.84416662025166,197.18873385392467,180.3428113024082
0.4730788464744124,344.9681366124783,197.18873385392467,180.33997426028085
0.4740790131688615,345.091116041302,197.18873385392467,180.337160696706
0.47507917986331055,345.2131122528072,197.18873385392467,180.33437041738875
0.47607934655775963,345.3341325524629,197.18873385392467,180.33160322964173
0.4770795132522087,345.4541842049927,197.18873385392467,180.32885894237205
0.4780796799466578,345.573274434257,197.18873385392467,180.3261373660681
0.47907984664110687,345.69141042314556,197.18873385392467,180.3234383127863
0.48008001333555594,345.8085993134817,197.18873385392467,180.32076159613828
0.481080180030005,345.9248482059355,197.18873385392467,180.31810703127798
0.4820803467244541,346.0401641599487,197.18873385392467,180.31547443488893
0.4830805134189032,346.1545541936684,197.18873385392467,180.31286362517145
0.48408068011335226,346.2680252838907,197.18873385392467,180.31027442183026
0.48508084680780134,346.3805843660139,197.18873385392467,180.30770664606194
0.4860810135022504,346.49223833400043,197.18873385392467,180.30516012054272
0.4870811801966995,346.6029940403478,197.18873385392467,180.30263466941602
0.48808134689114857,346.7128582960681,197.18873385392467,180.30013011828052
0.4890815135855976,346.82183787067567,197.18873385392467,180.297646294178
0.49008168028004667,346.9299394921832,197.18873385392467,180.2951830255815
0.49108184697449575,347.03716984710553,197.18873385392467,180.2927401423833
0.49208201366894483,347.1435355804707,197.18873385392467,180.29031747588343
0.4930821803633939,347.2490432958391,197.18873385392467,180.28791485877784
0.494082347057843,347.3536995553292,197.18873385392467,180.28553212514683
0.49508251375229206,347.45751087965067,197.18873385392467,180.28316911044382
0.49608268044674114,347.56048374814407,197.18873385392467,180.28082565148372
0.4970828471411902,347.662624598827,197.18873385392467,180.27850158643182
0.4980830138356393,347.7639398284467,197.18873385392467,180.27619675479264
0.4990831805300884,347.86443579253915,197.18873385392467,180.2739109973987
0.5000833472245374,347.9641188054933,197.18873385392467,180.2716441563997
0.5010835139189865,348.0629951406219,197.18873385392467,180.26939607525154
0.5020836806134356,348.1610710302378,197.18873385392467,180.2671665987055
0.5030838473078847,348.2583526657348,197.18873385392467,180.2649555727976
0.5040840140023337,348.3548461976751,197.18873385392467,180.26276284483782
0.5050841806967828,348.45055773588086,197.18873385392467,180.2605882633998
0.5060843473912319,348.5454933495307,197.18873385392467,180.2584316783101
0.507084514085681,348.63965906726145,197.18873385392467,180.25629294063808
0.50808468078013,348.73306087727406,197.18873385392467,180.25417190268547
0.5090848474745792,348.82570472744396,197.18873385392467,180.25206841797626
0.5100850141690282,348.91759652543584,197.18873385392467,180.24998234124647
0.5110851808634773,349.0087421388226,197.18873385392467,180.24791352843425
0.5120853475579263,349.09914739520775,197.18873385392467,180.24586183666992
0.5130855142523754,349.18881808235244,197.18873385392467,180.243827124266
0.5140856809468245,349.2777599483055,197.18873385392467,180.24180925070755
0.5150858476412735,349.3659787015373,197.18873385392467,180.23980807664236
0.5160860143357227,349.45348001107715,197.18873385392467,180.23782346387142
0.5170861810301717,349.5402695066537,197.18873385392467,180.2358552753394
0.5180863477246208,349.62635277883885,197.18873385392467,180.233903375125
0.5190865144190698,349.71173537919435,197.18873385392467,180.23196762843185
0.520086681113519,349.7964228204215,197.18873385392467,180.2300479015789
0.521086847807968,349.88042057651364,197.18873385392467,180.2281440619915
0.5220870145024171,349.96373408291146,197.18873385392467,180.22625597819194
0.5230871811968661,350.04636873666055,197.18873385392467,180.22438351979065
0.5240873478913153,350.12832989657187,197.18873385392467,180.22252655747695
0.5250875145857643,350.2096228833841,197.18873385392467,180.2206849630104
0.5260876812802134,350.29025297992854,197.18873385392467,180.21885860921162
0.5270878479746625,350.3702254312964,197.18873385392467,180.2170473699538
0.5280880146691116,350.44954544500746,197.18873385392467,180.21525112015382
0.5290881813635606,350.5282181911815,197.18873385392467,180.2134697357636
0.5300883480580096,350.606248802711,197.18873385392467,180.2117030937617
0.5310885147524588,350.68364237543585,197.18873385392467,180.20995107214472
0.5320886814469078,350.76040396831985,197.18873385392467,180.2082135499188
0.5330888481413569,350.83653860362875,197.18873385392467,180.20649040709145
0.534089014835806,350.91205126710975,197.18873385392467,180.20478152466308
0.5350891815302551,350.98694690817234,197.18873385392467,180.20308678461888
0.5360893482247041,351.06123044007103,197.18873385392467,180.20140606992067
0.5370895149191532,351.13490674008864,197.18873385392467,180.19973926449885
0.5380896816136023,351.2079806497212,197.18873385392467,180.19808625324427
0.5390898483080514,351.28045697486436,197.18873385392467,180.1964469220004
0.5400900150025004,351.3523404859999,197.18873385392467,180.19482115755537
0.5410901816969496,351.4236359183841,197.18873385392467,180.1932088476342
0.5420903483913986,351.494347972237,197.18873385392467,180.19160988089104
0.5430905150858477,351.56448131293166,197.18873385392467,180.1900241469015
0.5440906817802967,351.63404057118555,197.18873385392467,180.18845153615496
0.5450908484747458,351.7030303432513,197.18873385392467,180.18689194004705
0.5460910151691949,351.7714551911095,197.18873385392467,180.1853452508722
0.5470911818636439,351.839319642661,197.18873385392467,180.18381136181605
0.548091348558093,351.9066281919201,197.18873385392467,180.18229016694832
0.5490915152525421,351.9733852992089,197.18873385392467,180.18078156121524
0.5500916819469912,352.0395953913513,197.18873385392467,180.17928544043244
0.5510918486414402,352.1052628618676,197.18873385392467,180.17780170127776
0.5520920153358894,352.17039207116954,197.18873385392467,180.17633024128403
0.5530921820303384,352.234987346756,197.18873385392467,180.17487095883214
0.5540923487247875,352.2990529834084,197.18873385392467,180.17342375314382
0.5550925154192365,352.3625932433864,197.18873385392467,180.1719885242748
0.5560926821136857,352.4256123566242,197.18873385392467,180.170565173108
0.5570928488081347,352.48811452092644,197.18873385392467,180.1691536013465
0.5580930155025838,352.5501039021646,197.18873385392467,180.16775371150686
0.5590931821970329,352.6115846344733,197.18873385392467,180.16636540691238
0.5600933488914819,352.6725608204463,197.18873385392467,180.16498859168638
0.561093515585931,352.73303653133297,197.18873385392467,180.16362317074567
0.56209368228038,352.79301580723455,197.18873385392467,180.16226904979385
0.5630938489748292,352.8525026573001,197.18873385392467,180.16092613531492
0.5640940156692782,352.9115010599221,197.18873385392467,180.1595943345668
0.5650941823637273,352.97001496293285,197.18873385392467,180.15827355557488
0.5660943490581763,353.0280482837996,197.18873385392467,180.15696370712564
0.5670945157526255,353.0856049098198,197.18873385392467,180.1556646987605
0.5680946824470745,353.14268869831636,197.18873385392467,180.15437644076937
0.5690948491415236,353.1993034768323,197.18873385392467,180.15309884418468
0.5700950158359727,353.2554530433251,197.18873385392467,180.15183182077507
0.5710951825304218,353.31114116636076,197.18873385392467,180.1505752830393
0.5720953492248708,353.3663715853075,197.18873385392467,180.14932914420027
0.57309551591932,353.42114801052907,197.18873385392467,180.1480933181991
0.574095682613769,353.4754741235775,197.18873385392467,180.146867719689
0.5750958493082181,353.52935357738545,197.18873385392467,180.14565226402954
0.5760960160026671,353.58278999645813,197.18873385392467,180.1444468672807
0.5770961826971162,353.63578697706464,197.18873385392467,180.1432514461971
0.5780963493915653,353.688348087429,197.18873385392467,180.1420659182223
0.5790965160860143,353.74047686792017,197.18873385392467,180.14089020148313
0.5800966827804634,353.79217683124205,197.18873385392467,180.13972421478385
0.5810968494749125,353.84345146262257,197.18873385392467,180.13856787760074
0.5820970161693616,353.89430422000214,197.18873385392467,180.13742111007642
0.5830971828638106,353.9447385342216,197.18873385392467,180.13628383301446
0.5840973495582598,353.99475780920983,197.18873385392467,180.13515596787371
0.5850975162527088,354.0443654221699,197.18873385392467,180.13403743676315
0.5860976829471579,354.0935647237653,197.18873385392467,180.13292816243623
0.5870978496416069,354.14235903830536,197.18873385392467,180.1318280682857
0.5880980163360561,354.1907516639295,197.18873385392467,180.13073707833834
0.5890981830305051,354.2387458727914,197.18873385392467,180.1296551172496
0.5900983497249542,354.28634491124194,197.18873385392467,180.12858211029845
0.5910985164194033,354.33355200001154,197.18873385392467,180.12751798338232
0.5920986831138524,354.38037033439207,197.18873385392467,180.12646266301175
0.5930988498083014,354.42680308441743,197.18873385392467,180.12541607630558
0.5940990165027504,354.47285339504384,197.18873385392467,180.12437815098568
0.5950991831971996,354.51852438632915,197.18873385392467,180.1233488153722
0.5960993498916486,354.5638191536111,197.18873385392467,180.12232799837832
0.5970995165860977,354.60874076768533,197.18873385392467,180.12131562950572
0.5980996832805467,354.653292274982,197.18873385392467,180.1203116388393
0.5990998499749959,354.6974766977421,197.18873385392467,180.1193159570427
0.6001000166694449,354.7412970341924,197.18873385392467,180.11832851535326
0.601100183363894,354.78475625872,197.18873385392467,180.1173492455775
0.6021003500583431,354.82785732204576,197.18873385392467,180.11637808008618
0.6031005167527922,354.87060315139706,197.18873385392467,180.11541495180978
0.6041006834472412,354.91299665067953,197.18873385392467,180.11445979423388
0.6051008501416903,354.955040700648,197.18873385392467,180.1135125413944
0.6061010168361394,354.9967381590764,197.18873385392467,180.11257312787328
0.6071011835305885,355.03809186092724,197.18873385392467,180.1116414887937
0.6081013502250375,355.07910461851964,197.18873385392467,180.11071755981592
0.6091015169194866,355.1197792216967,197.18873385392467,180.1098012771325
0.6101016836139357,355.16011843799225,197.18873385392467,180.10889257746416
0.6111018503083847,355.20012501279604,197.18873385392467,180.10799139805525
0.6121020170028338,355.2398016695188,197.18873385392467,180.1070976766695
0.6131021836972829,355.2791511097556,197.18873385392467,180.10621135158559
0.614102350391732,355.31817601344926,197.18873385392467,180.10533236159313
0.615102517086181,355.3568790390517,197.18873385392467,180.1044606459882
0.6161026837806302,355.39526282368524,197.18873385392467,180.1035961445693
0.6171028504750792,355.43332998330277,197.18873385392467,180.10273879763312
0.6181030171695283,355.4710831128467,197.18873385392467,180.1018885459704
0.6191031838639773,355.50852478640735,197.18873385392467,180.10104533086195
0.6201033505584265,355.5456575573802,197.18873385392467,180.1002090940745
0.6211035172528755,355.58248395862245,197.18873385392467,180.09937977785668
0.6221036839473246,355.61900650260804,197.18873385392467,180.0985573249351
0.6231038506417736,355.6552276815827,197.18873385392467,180.0977416785103
0.6241040173362227,355.69114996771714,197.18873385392467,180.0969327822529
0.6251041840306718,355.72677581325996,197.18873385392467,180.0961305802997
0.6261043507251208,355.76210765068913,197.18873385392467,180.09533501724977
0.62710451741957,355.797147892863,197.18873385392467,180.09454603816073
0.628104684114019,355.83189893317007,197.18873385392467,180.09376358854485
0.6291048508084681,355.8663631456777,197.18873385392467,180.0929876143653
0.6301050175029171,355.9005428852805,197.18873385392467,180.09221806203254
0.6311051841973663,355.9344404878471,197.18873385392467,180.09145487840038
0.6321053508918153,355.96805827036627,197.18873385392467,180.09069801076262
0.6331055175862644,356.00139853109215,197.18873385392467,180.08994740684912
0.6341056842807135,356.03446354968844,197.18873385392467,180.08920301482232
0.6351058509751626,356.06725558737196,197.18873385392467,180.08846478327376
0.6361060176696116,356.0997768870547,197.18873385392467,180.08773266122031
0.6371061843640607,356.1320296734855,197.18873385392467,180.08700659810083
0.6381063510585098,356.16401615339055,197.18873385392467,180.08628654377262
0.6391065177529589,356.19573851561296,197.18873385392467,180.08557244850786
0.6401066844474079,356.22719893125156,197.18873385392467,180.08486426299038
0.641106851141857,356.2583995537985,197.18873385392467,180.0841619383121
0.6421070178363061,356.28934251927615,197.18873385392467,180.08346542596962
0.6431071845307551,356.32002994637327,197.18873385392467,180.08277467786107
0.6441073512252042,356.3504639365798,197.18873385392467,180.08208964628258
0.6451075179196533,356.38064657432085,197.18873385392467,180.0814102839251
0.6461076846141024,356.4105799270903,197.18873385392467,180.08073654387104
0.6471078513085514,356.4402660455827,197.18873385392467,180.08006837959115
0.6481080180030006,356.469706963825,197.18873385392467,180.07940574494123
0.6491081846974496,356.4989046993067,197.18873385392467,180.07874859415898
0.6501083513918987,356.5278612531099,197.18873385392467,180.07809688186077
0.6511085180863477,356.55657861003743,197.18873385392467,180.0774505630386
0.6521086847807969,356.58505873874117,197.18873385392467,180.07680959305694
0.6531088514752459,356.61330359184865,197.18873385392467,180.07617392764962
0.654109018169695,356.64131510608934,197.18873385392467,180.07554352291683
0.655109184864144,356.66909520241944,197.18873385392467,180.0749183353221
0.6561093515585932,356.69664578614663,197.18873385392467,180.07429832168924
0.6571095182530422,356.72396874705305,197.18873385392467,180.0736834391993
0.6581096849474912,356.7510659595181,197.18873385392467,180.0730736453878
0.6591098516419404,356.77793928263986,197.18873385392467,180.07246889814166
0.6601100183363894,356.8045905603562,197.18873385392467,180.07186915569625
0.6611101850308385,356.83102162156445,197.18873385392467,180.07127437663266
0.6621103517252875,356.8572342802405,197.18873385392467,180.07068451987473
0.6631105184197367,356.88323033555724,197.18873385392467,180.0700995446862
0.6641106851141857,356.90901157200176,197.18873385392467,180.069519410668
0.6651108518086348,356.93457975949184,197.18873385392467,180.06894407775536
0.6661110185030839,356.9599366534917,197.18873385392467,180.06837350621507
0.667111185197533,356.98508399512696,197.18873385392467,180.06780765664277
0.668111351891982,357.01002351129847,197.18873385392467,180.06724648996018
0.6691115185864311,357.03475691479565,197.18873385392467,180.0666899674124
0.6701116852808802,357.05928590440874,197.18873385392467,180.06613805056534
0.6711118519753293,357.08361216504034,197.18873385392467,180.0655907013029
0.6721120186697783,357.10773736781624,197.18873385392467,180.06504788182448
0.6731121853642273,357.1316631701953,197.18873385392467,180.06450955464226
0.6741123520586765,357.15539121607844,197.18873385392467,180.0639756825787
0.6751125187531255,357.17892313591705,197.18873385392467,180.06344622876392
0.6761126854475746,357.2022605468204,197.18873385392467,180.06292115663317
0.6771128521420237,357.22540505266255,197.18873385392467,180.0624004299243
0.6781130188364728,357.2483582441879,197.18873385392467,180.0618840126753
0.6791131855309218,357.27112169911663,197.18873385392467,180.06137186922172
0.680113352225371,357.29369698224895,197.18873385392467,180.06086396419425
0.68111351891982,357.3160856455685,197.18873385392467,180.06036026251635
0.6821136856142691,357.3382892283452,197.18873385392467,180.05986072940172
0.6831138523087181,357.3603092572376,197.18873385392467,180.05936533035197
0.6841140190031673,357.38214724639363,197.18873385392467,180.0588740311542
0.6851141856976163,357.4038046975513,197.18873385392467,180.05838679787868
0.6861143523920654,357.4252831001387,197.18873385392467,180.05790359687643
0.6871145190865144,357.4465839313723,197.18873385392467,180.05742439477694
0.6881146857809635,357.4677086563558,197.18873385392467,180.05694915848593
0.6891148524754126,357.48865872817754,197.18873385392467,180.05647785518298
0.6901150191698616,357.50943558800697,197.18873385392467,180.0560104523192
0.6911151858643108,357.5300406651908,197.18873385392467,180.05554691761523
0.6921153525587598,357.5504753773484,197.18873385392467,180.0550872190587
0.6931155192532089,357.5707411304661,197.18873385392467,180.05463132490226
0.6941156859476579,357.59083931899124,197.18873385392467,180.05417920366122
0.6951158526421071,357.61077132592527,197.18873385392467,180.05373082411154
0.6961160193365561,357.6305385229161,197.18873385392467,180.0532861552875
0.6971161860310052,357.65014227034976,197.18873385392467,180.05284516647976
0.6981163527254542,357.6695839174414,197.18873385392467,180.05240782723297
0.6991165194199034,357.68886480232584,197.18873385392467,180.0519741073439
0.7001166861143524,357.7079862521467,197.18873385392467,180.05154397685936
0.7011168528088015,357.72694958314577,197.18873385392467,180.05111740607396
0.7021170195032506,357.74575610075084,197.18873385392467,180.05069436552807
0.7031171861976997,357.7644070996637,197.18873385392467,180.05027482600602
0.7041173528921487,357.78290386394656,197.18873385392467,180.04985875853384
0.7051175195865977,357.80124766710856,197.18873385392467,180.04944613437735
0.7061176862810469,357.8194397721911,197.18873385392467,180.0490369250402
0.7071178529754959,357.83748143185284,197.18873385392467,180.04863110226182
0.708118019669945,357.85537388845376,197.18873385392467,180.04822863801556
0.709118186364394,357.8731183741389,197.18873385392467,180.04782950450672
0.7101183530588432,357.8907161109212,197.18873385392467,180.04743367417058
0.7111185197532922,357.90816831076353,197.18873385392467,180.04704111967055
0.7121186864477413,357.9254761756607,197.18873385392467,180.04665181389632
0.7131188531421904,357.94264089772014,197.18873385392467,180.0462657299619
0.7141190198366395,357.9596636592424,197.18873385392467,180.04588284120385
0.7151191865310885,357.9765456328006,197.18873385392467,180.04550312117928
0.7161193532255377,357.99328798131995,197.18873385392467,180.04512654366428
0.7171195199199867,358.009891858156,197.18873385392467,180.04475308265188
0.7181196866144358,358.0263584071722,197.18873385392467,180.04438271235034
0.7191198533088848,358.04268876281776,197.18873385392467,180.04401540718143
0.720120020003334,358.0588840502039,197.18873385392467,180.0436511417785
0.721120186697783,358.0749453851798,197.18873385392467,180.04328989098494
0.722120353392232,358.0908738744082,197.18873385392467,180.04293162985226
0.7231205200866812,358.1066706154404,197.18873385392467,180.04257633363844
0.7241206867811302,358.1223366967902,197.18873385392467,180.0422239778063
0.7251208534755793,358.1378731980077,197.18873385392467,180.0418745380216
0.7261210201700283,358.1532811897523,197.18873385392467,180.04152799015156
0.7271211868644775,358.1685617338656,197.18873385392467,180.04118431026316
0.7281213535589265,358.1837158834427,197.18873385392467,180.04084347462137
0.7291215202533756,358.19874468290396,197.18873385392467,180.0405054596876
0.7301216869478246,358.2136491680658,197.18873385392467,180.04017024211814
0.7311218536422738,358.2284303662107,197.18873385392467,180.03983779876233
0.7321220203367228,358.2430892961573,197.18873385392467,180.0395081066612
0.7331221870311719,358.2576269683289,197.18873385392467,180.0391811430458
0.734122353725621,358.2720443848227,197.18873385392467,180.03885688533552
0.7351225204200701,358.28634253947746,197.18873385392467,180.0385353111367
0.7361226871145191,358.30052241794084,197.18873385392467,180.038216398241
0.7371228538089681,358.31458499773674,197.18873385392467,180.0379001246238
0.7381230205034173,358.32853124833156,197.18873385392467,180.0375864684429
0.7391231871978663,358.34236213119993,197.18873385392467,180.03727540803672
0.7401233538923154,358.3560785998903,197.18873385392467,180.036966921923
0.7411235205867645,358.3696816000896,197.18873385392467,180.0366609887973
0.7421236872812136,358.3831720696878,197.18873385392467,180.0363575875314
0.7431238539756626,358.3965509388414,197.18873385392467,180.036056697172
0.7441240206701117,358.409819130037,197.18873385392467,180.03575829693924
0.7451241873645608,358.422977558154,197.18873385392467,180.03546236622518
0.7461243540590099,358.43602713052667,197.18873385392467,180.0351688845924
0.7471245207534589,358.4489687470064,197.18873385392467,180.03487783177266
0.748124687447908,358.46180330002267,197.18873385392467,180.03458918766546
0.7491248541423571,358.47453167464374,197.18873385392467,180.03430293233663
0.7501250208368062,358.48715474863735,197.18873385392467,180.03401904601702
0.7511251875312552,358.49967339253027,197.18873385392467,180.033737509101
0.7521253542257043,358.5120884696676,197.18873385392467,180.03345830214528
0.7531255209201534,358.52440083627204,197.18873385392467,180.0331814058674
0.7541256876146024,358.5366113415017,197.18873385392467,180.03290680114452
0.7551258543090515,358.54872082750853,197.18873385392467,180.03263446901207
0.7561260210035006,358.5607301294956,197.18873385392467,180.03236439066245
0.7571261876979497,358.57264007577396,197.18873385392467,180.03209654744362
0.7581263543923987,358.58445148781936,197.18873385392467,180.031830920858
0.7591265210868479,358.59616518032846,197.18873385392467,180.03156749256098
0.7601266877812969,358.60778196127404,197.18873385392467,180.0313062443599
0.761126854475746,358.61930263196064,197.18873385392467,180.03104715821257
0.762127021170195,358.63072798707884,197.18873385392467,180.03079021622614
0.7631271878646442,358.6420588147601,197.18873385392467,180.03053540065585
0.7641273545590932,358.65329589663025,197.18873385392467,180.03028269390376
0.7651275212535423,358.66444000786277,197.18873385392467,180.03003207851762
0.7661276879479914,358.67549191723225,197.18873385392467,180.02978353718953
0.7671278546424405,358.6864523871667,197.18873385392467,180.0295370527549
0.7681280213368895,358.6973221737995,197.18873385392467,180.0292926081912
0.7691281880313385,358.7081020270215,197.18873385392467,180.02905018661673
0.7701283547257877,358.718792690532,197.18873385392467,180.02880977128953
0.7711285214202367,358.7293949018898,197.18873385392467,180.02857134560614
0.7721286881146858,358.7399093925637,197.18873385392467,180.02833489310058
0.7731288548091348,358.75033688798237,197.18873385392467,180.0281003974431
0.774129021503584,358.76067810758406,197.18873385392467,180.0278678424391
0.775129188198033,358.77093376486613,197.18873385392467,180.027637212028
0.7761293548924821,358.7811045674335,197.18873385392467,180.02740849028214
0.7771295215869312,358.79119121704724,197.18873385392467,180.0271816614057
0.7781296882813803,358.8011944096729,197.18873385392467,180.02695670973355
0.7791298549758293,358.81111483552775,197.18873385392467,180.0267336197302
0.7801300216702785,358.8209531791283,197.18873385392467,180.02651237598874
0.7811301883647275,358.83071011933737,197.18873385392467,180.02629296322976
0.7821303550591766,358.84038632941,197.18873385392467,180.02607536630032
0.7831305217536256,358.84998247704044,197.18873385392467,180.02585957017286
0.7841306884480748,358.8594992244072,197.18873385392467,180.02564555994422
0.7851308551425238,358.8689372282188,197.18873385392467,180.0254333208345
0.7861310218369728,358.8782971397587,197.18873385392467,180.02522283818624
0.7871311885314219,358.8875796049299,197.18873385392467,180.02501409746316
0.788131355225871,358.89678526429935,197.18873385392467,180.02480708424935
0.7891315219203201,358.90591475314193,197.18873385392467,180.0246017842482
0.7901316886147691,358.9149687014838,197.18873385392467,180.02439818328136
0.7911318553092183,358.9239477341457,197.18873385392467,180.0241962672879
0.7921320220036673,358.93285247078603,197.18873385392467,180.0239960223232
0.7931321886981164,358.9416835259429,197.18873385392467,180.02379743455805
0.7941323553925654,358.950441509077,197.18873385392467,180.02360049027772
0.7951325220870146,358.95912702461266,197.18873385392467,180.02340517588092
0.7961326887814636,358.96774067197987,197.18873385392467,180.02321147787902
0.7971328554759127,358.97628304565524,197.18873385392467,180.02301938289494
0.7981330221703618,358.9847547352028,197.18873385392467,180.0228288776623
0.7991331888648109,358.9931563253145,197.18873385392467,180.02263994902458
0.8001333555592599,359.00148839585034,197.18873385392467,180.0224525839341
0.8011335222537089,359.00975152187823,197.18873385392467,180.0222667694511
0.8021336889481581,359.0179462737135,197.18873385392467,180.02208249274304
0.8031338556426071,359.02607321695797,197.18873385392467,180.0218997410835
0.8041340223370562,359.0341329125388,197.18873385392467,180.02171850185135
0.8051341890315052,359.04212591674724,197.18873385392467,180.02153876252999
0.8061343557259544,359.0500527812766,197.18873385392467,180.02136051070636
0.8071345224204034,359.05791405326016,197.18873385392467,180.02118373407012
0.8081346891148525,359.065710275309,197.18873385392467,180.02100842041287
0.8091348558093016,359.0734419855491,197.18873385392467,180.02083455762713
0.8101350225037507,359.0811097176583,197.18873385392467,180.02066213370574
0.8111351891981997,359.0887140009031,197.18873385392467,180.02049113674082
0.8121353558926488,359.0962553601749,197.18873385392467,180.02032155492316
0.8131355225870979,359.1037343160263,197.18873385392467,180.02015337654112
0.814135689281547,359.11115138470655,197.18873385392467,180.01998658998005
0.815135855975996,359.1185070781974,197.18873385392467,180.01982118372152
0.816136022670445,359.125801904248,197.18873385392467,180.01965714634227
0.8171361893648942,359.1330363664102,197.18873385392467,180.01949446651366
0.8181363560593432,359.1402109640726,197.18873385392467,180.0193331330008
0.8191365227537923,359.1473261924954,197.18873385392467,180.01917313466177
0.8201366894482414,359.15438254284436,197.18873385392467,180.01901446044684
0.8211368561426905,359.16138050222435,197.18873385392467,180.01885709939774
0.8221370228371395,359.16832055371304,197.18873385392467,180.0187010406469
0.8231371895315887,359.17520317639423,197.18873385392467,180.01854627341672
0.8241373562260377,359.1820288453905,197.18873385392467,180.0183927870187
0.8251375229204868,359.1887980318962,197.18873385392467,180.01824057085292
0.8261376896149358,359.1955112032097,197.18873385392467,180.01808961440705
0.827137856309385,359.2021688227657,197.18873385392467,180.01793990725582
0.828138023003834,359.20877135016684,197.18873385392467,180.01779143906026
0.8291381896982831,359.2153192412156,197.18873385392467,180.01764419956694
0.8301383563927321,359.2218129479455,197.18873385392467,180.01749817860733
0.8311385230871813,359.2282529186524,197.18873385392467,180.01735336609698
0.8321386897816303,359.2346395979251,197.18873385392467,180.01720975203492
0.8331388564760793,359.2409734266761,197.18873385392467,180.01706732650297
0.8341390231705285,359.24725484217197,197.18873385392467,180.01692607966504
0.8351391898649775,359.25348427806347,197.18873385392467,180.01678600176638
0.8361393565594266,359.25966216441515,197.18873385392467,180.01664708313308
0.8371395232538756,359.2657889277353,197.18873385392467,180.01650931417115
0.8381396899483248,359.2718649910051,197.18873385392467,180.0163726853661
0.8391398566427738,359.27789077370784,197.18873385392467,180.01623718728214
0.8401400233372229,359.2838666918577,197.18873385392467,180.01610281056162
0.841140190031672,359.2897931580286,197.18873385392467,180.01596954592424
0.8421403567261211,359.2956705813823,197.18873385392467,180.0158373841666
0.8431405234205701,359.3014993676969,197.18873385392467,180.01570631616136
0.8441406901150192,359.30727991939455,197.18873385392467,180.01557633285682
0.8451408568094683,359.3130126355693,197.18873385392467,180.01544742527614
0.8461410235039174,359.31869791201444,197.18873385392467,180.0153195845168
0.8471411901983664,359.3243361412501,197.18873385392467,180.01519280174986
0.8481413568928156,359.3299277125499,197.18873385392467,180.01506706821962
0.8491415235872646,359.3354730119678,197.18873385392467,180.0149423752427
0.8501416902817136,359.3409724223651,197.18873385392467,180.01481871420762
0.8511418569761627,359.34642632343633,197.18873385392467,180.01469607657415
0.8521420236706118,359.3518350917356,197.18873385392467,180.0145744538728
0.8531421903650609,359.3571991007026,197.18873385392467,180.01445383770414
0.8541423570595099,359.36251872068834,197.18873385392467,180.0143342197382
0.855142523753959,359.3677943189805,197.18873385392467,180.014215591714
0.8561426904484081,359.3730262598289,197.18873385392467,180.01409794543895
0.8571428571428572,359.37821490447055,197.18873385392467,180.01398127278821
0.8581430238373062,359.3833606111545,197.18873385392467,180.01386556570424
0.8591431905317554,359.3884637351666,197.18873385392467,180.01375081619608
0.8601433572262044,359.393524628854,197.18873385392467,180.013637016339
0.8611435239206535,359.3985436416491,197.18873385392467,180.0135241582738
0.8621436906151025,359.40352112009435,197.18873385392467,180.01341223420638
0.8631438573095517,359.40845740786546,197.18873385392467,180.01330123640707
0.8641440240040007,359.41335284579526,197.18873385392467,180.0131911572102
0.8651441906984497,359.4182077718974,197.18873385392467,180.01308198901359
0.8661443573928989,359.4230225213895,197.18873385392467,180.01297372427786
0.8671445240873479,359.4277974267161,197.18873385392467,180.0128663555261
0.868144690781797,359.43253281757194,197.18873385392467,180.01275987534333
0.869144857476246,359.4372290209244,197.18873385392467,180.01265427637586
0.8701450241706952,359.4418863610361,197.18873385392467,180.01254955133084
0.8711451908651442,359.4465051594873,197.18873385392467,180.0124456929758
0.8721453575595933,359.4510857351981,197.18873385392467,180.0123426941382
0.8731455242540423,359.4556284044503,197.18873385392467,180.01224054770475
0.8741456909484915,359.4601334809094,197.18873385392467,180.01213924662105
0.8751458576429405,359.46460127564603,197.18873385392467,180.01203878389114
0.8761460243373896,359.4690320971575,197.18873385392467,180.0119391525769
0.8771461910318387,359.47342625138896,197.18873385392467,180.01184034579768
0.8781463577262878,359.4777840417547,197.18873385392467,180.0117423567297
0.8791465244207368,359.482105769159,197.18873385392467,180.0116451786057
0.8801466911151858,359.48639173201667,197.18873385392467,180.01154880471447
0.881146857809635,359.4906422262739,197.18873385392467,180.01145322840023
0.882147024504084,359.4948575454286,197.18873385392467,180.0113584430624
0.8831471911985331,359.49903798055055,197.18873385392467,180.0112644421549
0.8841473578929822,359.50318382030156,197.18873385392467,180.01117121918594
0.8851475245874313,359.50729535095525,197.18873385392467,180.01107876771738
0.8861476912818803,359.5113728564169,197.18873385392467,180.01098708136445
0.8871478579763294,359.51541661824325,197.18873385392467,180.0108961537951
0.8881480246707785,359.51942691566137,197.18873385392467,180.01080597872976
0.8891481913652276,359.5234040255884,197.18873385392467,180.01071654994078
0.8901483580596766,359.52734822265046,197.18873385392467,180.01062786125215
0.8911485247541258,359.5312597792016,197.18873385392467,180.01053990653884
0.8921486914485748,359.5351389653426,197.18873385392467,180.0104526797266
0.8931488581430239,359.53898604893965,197.18873385392467,180.01036617479141
0.8941490248374729,359.54280129564273,197.18873385392467,180.01028038575913
0.8951491915319221,359.5465849689039,197.18873385392467,180.01019530670504
0.8961493582263711,359.55033732999584,197.18873385392467,180.01011093175345
0.8971495249208201,359.55405863802923,197.18873385392467,180.01002725507732
0.8981496916152693,359.55774914997124,197.18873385392467,180.00994427089776
0.8991498583097183,359.5614091206629,197.18873385392467,180.00986197348385
0.9001500250041674,359.5650388028368,197.18873385392467,180.00978035715198
0.9011501916986164,359.56863844713445,197.18873385392467,180.00969941626562
0.9021503583930656,359.5722083021238,197.18873385392467,180.00961914523484
0.9031505250875146,359.575748614316,197.18873385392467,180.00953953851604
0.9041506917819637,359.57925962818274,197.18873385392467,180.0094605906114
0.9051508584764127,359.582741586173,197.18873385392467,180.00938229606876
0.9061510251708619,359.58619472872965,197.18873385392467,180.00930464948095
0.9071511918653109,359.5896192943064,197.18873385392467,180.0092276454856
0.90815135855976,359.59301551938375,197.18873385392467,180.00915127876468
0.9091515252542091,359.5963836384859,197.18873385392467,180.00907554404418
0.9101516919486582,359.5997238841963,197.18873385392467,180.00900043609377
0.9111518586431072,359.60303648717417,197.18873385392467,180.00892594972643
0.9121520253375563,359.6063216761702,197.18873385392467,180.00885207979795
0.9131521920320054,359.60957967804234,197.18873385392467,180.0087788212068
0.9141523587264544,359.6128107177716,197.18873385392467,180.00870616889367
0.9151525254209035,359.61601501847736,197.18873385392467,180.008634117841
0.9161526921153526,359.619192801433,197.18873385392467,180.00856266307295
0.9171528588098017,359.6223442860808,197.18873385392467,180.00849179965465
0.9181530255042507,359.6254696900478,197.18873385392467,180.00842152269226
0.9191531921986998,359.62856922915984,197.18873385392467,180.00835182733232
0.9201533588931489,359.6316431174572,197.18873385392467,180.00828270876153
0.921153525587598,359.63469156720913,197.18873385392467,180.00821416220649
0.922153692282047,359.63771478892846,197.18873385392467,180.00814618293327
0.9231538589764962,359.6407129913862,197.18873385392467,180.00807876624717
0.9241540256709452,359.6436863816259,197.18873385392467,180.00801190749223
0.9251541923653943,359.6466351649779,197.18873385392467,180.00794560205117
0.9261543590598433,359.64955954507354,197.18873385392467,180.00787984534472
0.9271545257542925,359.6524597238594,197.18873385392467,180.00781463283175
0.9281546924487415,359.65533590161095,197.18873385392467,180.0077499600085
0.9291548591431905,359.65818827694636,197.18873385392467,180.00768582240863
0.9301550258376396,359.66101704684047,197.18873385392467,180.00762221560265
0.9311551925320887,359.66382240663825,197.18873385392467,180.00755913519785
0.9321553592265378,359.6666045500683,197.18873385392467,180.00749657683778
0.9331555259209868,359.66936366925614,197.18873385392467,180.00743453620206
0.934155692615436,359.6720999547375,197.18873385392467,180.00737300900607
0.935155859309885,359.6748135954716,197.18873385392467,180.00731199100068
0.9361560260043341,359.67750477885403,197.18873385392467,180.0072514779719
0.9371561926987831,359.6801736907297,197.18873385392467,180.00719146574056
0.9381563593932323,359.68282051540587,197.18873385392467,180.0071319501622
0.9391565260876813,359.68544543566446,197.18873385392467,180.00707292712653
0.9401566927821304,359.6880486327752,197.18873385392467,180.00701439255735
0.9411568594765795,359.6906302865077,197.18873385392467,180.00695634241217
0.9421570261710286,359.69319057514406,197.18873385392467,180.006898772682
0.9431571928654776,359.69572967549107,197.18873385392467,180.006841679391
0.9441573595599266,359.69824776289266,197.18873385392467,180.00678505859617
0.9451575262543758,359.7007450112416,197.18873385392467,180.0067289063872
0.9461576929488248,359.703221592992,197.18873385392467,180.0066732188862
0.9471578596432739,359.7056776791706,197.18873385392467,180.00661799224727
0.948158026337723,359.7081134393892,197.18873385392467,180.00656322265638
0.9491581930321721,359.710529041856,197.18873385392467,180.00650890633108
0.9501583597266211,359.71292465338723,197.18873385392467,180.00645503952018
0.9511585264210702,359.7153004394188,197.18873385392467,180.0064016185036
0.9521586931155193,359.7176565640176,197.18873385392467,180.00634863959192
0.9531588598099684,359.719993189893,197.18873385392467,180.00629609912644
0.9541590265044174,359.72231047840773,197.18873385392467,180.0062439934786
0.9551591931988666,359.7246085895895,197.18873385392467,180.00619231904992
0.9561593598933156,359.7268876821416,197.18873385392467,180.00614107227167
0.9571595265877647,359.7291479134542,197.18873385392467,180.0060902496047
0.9581596932822137,359.731389439615,197.18873385392467,180.0060398475391
0.9591598599766629,359.73361241542,197.18873385392467,180.00598986259405
0.9601600266711119,359.7358169943843,197.18873385392467,180.0059402913175
0.9611601933655609,359.7380033287528,197.18873385392467,180.00589113028602
0.96216036006001,359.74017156951044,197.18873385392467,180.00584237610443
0.9631605267544591,359.7423218663926,197.18873385392467,180.00579402540572
0.9641606934489082,359.74445436789586,197.18873385392467,180.00574607485072
0.9651608601433572,359.7465692212878,197.18873385392467,180.0056985211279
0.9661610268378064,359.7486665726174,197.18873385392467,180.00565136095312
0.9671611935322554,359.7507465667251,197.18873385392467,180.00560459106944
0.9681613602267045,359.75280934725276,197.18873385392467,180.00555820824687
0.9691615269211535,359.75485505665347,197.18873385392467,180.00551220928213
0.9701616936156027,359.7568838362016,197.18873385392467,180.00546659099848
0.9711618603100517,359.7588958260024,197.18873385392467,180.00542135024546
0.9721620270045008,359.76089116500185,197.18873385392467,180.0053764838987
0.9731621936989499,359.7628699909959,197.18873385392467,180.00533198885958
0.974162360393399,359.7648324406404,197.18873385392467,180.0052878620553
0.975162527087848,359.76677864946026,197.18873385392467,180.00524410043835
0.9761626937822971,359.7687087518589,197.18873385392467,180.0052007009865
0.9771628604767462,359.7706228811276,197.18873385392467,180.00515766070257
0.9781630271711952,359.7725211694545,197.18873385392467,180.00511497661404
0.9791631938656443,359.77440374793383,197.18873385392467,180.00507264577317
0.9801633605600933,359.77627074657516,197.18873385392467,180.00503066525647
0.9811635272545425,359.7781222943121,197.18873385392467,180.00498903216473
0.9821636939489915,359.77995851901113,197.18873385392467,180.00494774362272
0.9831638606434406,359.78177954748077,197.18873385392467,180.004906796779
0.9841640273378897,359.7835855054803,197.18873385392467,180.00486618880572
0.9851641940323388,359.78537651772797,197.18873385392467,180.00482591689843
0.9861643607267878,359.78715270791014,197.18873385392467,180.00478597827586
0.987164527421237,359.7889141986897,197.18873385392467,180.00474637017984
0.988164694115686,359.79066111171426,197.18873385392467,180.00470708987496
0.9891648608101351,359.7923935676249,197.18873385392467,180.00466813464843
0.9901650275045841,359.79411168606435,197.18873385392467,180.00462950181
0.9911651941990333,359.7958155856851,197.18873385392467,180.00459118869162
0.9921653608934823,359.7975053841579,197.18873385392467,180.00455319264734
0.9931655275879313,359.79918119817967,197.18873385392467,180.00451551105303
0.9941656942823804,359.80084314348164,197.18873385392467,180.00447814130644
0.9951658609768295,359.8024913348373,197.18873385392467,180.0044410808267
0.9961660276712786,359.8041258860704,197.18873385392467,180.00440432705437
0.9971661943657276,359.8057469100626,197.18873385392467,180.00436787745122
0.9981663610601768,359.80735451876166,197.18873385392467,180.00433172949994
0.9991665277546258,359.8089488231886,197.18873385392467,180.0042958807041
1.0001666944490748,359.81052993344605,197.18873385392467,180.00426032858797
1.001166861143524,359.8120979587252,197.18873385392467,180.00422507069624
1.002167027837973,359.8136530073138,197.18873385392467,180.00419010459396
1.003167194532422,359.8151951866034,197.18873385392467,180.00415542786632
1.0041673612268711,359.8167246030968,197.18873385392467,180.0041210381185
1.0051675279213204,359.8182413624156,197.18873385392467,180.0040869329755
1.0061676946157694,359.81974556930714,197.18873385392467,180.0040531100819
1.0071678613102184,359.8212373276521,197.18873385392467,180.00401956710195
1.0081680280046674,359.8227167404714,197.18873385392467,180.00398630171907
1.0091681946991164,359.82418390993325,197.18873385392467,180.00395331163588
1.0101683613935657,359.82563893736074,197.18873385392467,180.0039205945741
1.0111685280880147,359.8270819232381,197.18873385392467,180.0038881482742
1.0121686947824637,359.8285129672182,197.18873385392467,180.0038559704954
1.0131688614769128,359.8299321681292,197.18873385392467,180.00382405901544
1.014169028171362,359.8313396239814,197.18873385392467,180.0037924116305
1.015169194865811,359.832735431974,197.18873385392467,180.003761026155
1.01616936156026,359.8341196885018,197.18873385392467,180.0037299004213
1.017169528254709,359.83549248916194,197.18873385392467,180.0036990322799
1.0181696949491583,359.8368539287603,197.18873385392467,180.00366841959897
1.0191698616436073,359.8382041013185,197.18873385392467,180.0036380602644
1.0201700283380564,359.83954310007977,197.18873385392467,180.00360795217946
1.0211701950325054,359.8408710175157,197.18873385392467,180.00357809326488
1.0221703617269546,359.8421879453329,197.18873385392467,180.00354848145855
1.0231705284214037,359.8434939744788,197.18873385392467,180.0035191147155
1.0241706951158527,359.8447891951483,197.18873385392467,180.0034899910075
1.0251708618103017,359.84607369678986,197.18873385392467,180.00346110832334
1.0261710285047507,359.8473475681117,197.18873385392467,180.00343246466826
1.0271711951992,359.8486108970879,197.18873385392467,180.00340405806412
1.028171361893649,359.84986377096453,197.18873385392467,180.00337588654912
1.029171528588098,359.8511062762657,197.18873385392467,180.0033479481777
1.030171695282547,359.8523384987994,197.18873385392467,180.0033202410204
1.0311718619769963,359.8535605236635,197.18873385392467,180.0032927631637
1.0321720286714453,359.8547724352516,197.18873385392467,180.00326551270996
1.0331721953658943,359.8559743172591,197.18873385392467,180.0032384877772
1.0341723620603434,359.8571662526886,197.18873385392467,180.00321168649907
1.0351725287547926,359.85834832385575,197.18873385392467,180.0031851070246
1.0361726954492416,359.85952061239516,197.18873385392467,180.0031587475182
1.0371728621436906,359.8606831992657,197.18873385392467,180.00313260615945
1.0381730288381397,359.8618361647563,197.18873385392467,180.00310668114295
1.039173195532589,359.86297958849156,197.18873385392467,180.00308097067833
1.040173362227038,359.864113549437,197.18873385392467,180.00305547298998
1.041173528921487,359.8652381259046,197.18873385392467,180.00303018631698
1.042173695615936,359.8663533955585,197.18873385392467,180.003005108913
1.043173862310385,359.8674594354199,197.18873385392467,180.0029802390461
1.0441740290048342,359.8685563218726,197.18873385392467,180.00295557499885
1.0451741956992833,359.8696441306684,197.18873385392467,180.0029311150678
1.0461743623937323,359.87072293693217,197.18873385392467,180.0029068575638
1.0471745290881813,359.871792815167,197.18873385392467,180.0028828008116
1.0481746957826306,359.87285383925956,197.18873385392467,180.0028589431497
1.0491748624770796,359.8739060824848,197.18873385392467,180.00283528293056
1.0501750291715286,359.8749496175115,197.18873385392467,180.0028118185201
1.0511751958659776,359.875984516407,197.18873385392467,180.00278854829787
1.0521753625604269,359.87701085064225,197.18873385392467,180.00276547065678
1.053175529254876,359.8780286910967,197.18873385392467,180.0027425840031
1.054175695949325,359.8790381080631,197.18873385392467,180.00271988675618
1.055175862643774,359.88003917125275,197.18873385392467,180.00269737734857
1.0561760293382232,359.8810319497998,197.18873385392467,180.0026750542257
1.0571761960326722,359.88201651226643,197.18873385392467,180.0026529158459
1.0581763627271212,359.8829929266473,197.18873385392467,180.0026309606803
1.0591765294215703,359.8839612603744,197.18873385392467,180.00260918721258
1.0601766961160193,359.8849215803217,197.18873385392467,180.00258759393913
1.0611768628104685,359.88587395280973,197.18873385392467,180.00256617936859
1.0621770295049175,359.8868184436102,197.18873385392467,180.00254494202213
1.0631771961993666,359.8877551179505,197.18873385392467,180.002523880433
1.0641773628938156,359.8886840405181,197.18873385392467,180.00250299314663
1.0651775295882648,359.8896052754653,197.18873385392467,180.0024822787206
1.0661776962827139,359.8905188864134,197.18873385392467,180.0024617357243
1.0671778629771629,359.89142493645727,197.18873385392467,180.00244136273898
1.068178029671612,359.8923234881695,197.18873385392467,180.00242115835772
1.0691781963660612,359.893214603605,197.18873385392467,180.0024011211851
1.0701783630605102,359.89409834430484,197.18873385392467,180.00238124983736
1.0711785297549592,359.89497477130124,197.18873385392467,180.00236154294217
1.0721786964494082,359.895843945121,197.18873385392467,180.0023419991385
1.0731788631438572,359.89670592579006,197.18873385392467,180.00232261707666
1.0741790298383065,359.89756077283766,197.18873385392467,180.0023033954181
1.0751791965327555,359.89840854530047,197.18873385392467,180.00228433283536
1.0761793632272045,359.8992493017264,197.18873385392467,180.0022654280119
1.0771795299216536,359.90008310017896,197.18873385392467,180.00224667964216
1.0781796966161028,359.9009099982411,197.18873385392467,180.00222808643133
1.0791798633105518,359.9017300530193,197.18873385392467,180.00220964709536
1.0801800300050008,359.90254332114733,197.18873385392467,180.00219136036077
1.0811801966994499,359.9033498587903,197.18873385392467,180.0021732249647
1.0821803633938991,359.9041497216486,197.18873385392467,180.00215523965463
1.0831805300883481,359.9049429649615,197.18873385392467,180.00213740318853
1.0841806967827972,359.9057296435112,197.18873385392467,180.00211971433458
1.0851808634772462,359.90650981162673,197.18873385392467,180.00210217187112
1.0861810301716954,359.9072835231872,197.18873385392467,180.00208477458665
1.0871811968661445,359.9080508316259,197.18873385392467,180.00206752127974
1.0881813635605935,359.90881178993413,197.18873385392467,180.0020504107588
1.0891815302550425,359.9095664506644,197.18873385392467,180.00203344184217
1.0901816969494915,359.9103148659343,197.18873385392467,180.00201661335797
1.0911818636439408,359.9110570874304,197.18873385392467,180.00199992414397
1.0921820303383898,359.9117931664112,197.18873385392467,180.0019833730476
1.0931821970328388,359.91252315371116,197.18873385392467,180.00196695892586
1.0941823637272878,359.913247099744,197.18873385392467,180.00195068064508
1.095182530421737,359.9139650545063,197.18873385392467,180.00193453708113
1.096182697116186,359.9146770675807,197.18873385392467,180.00191852711907
1.0971828638106351,359.9153831881398,197.18873385392467,180.00190264965326
1.0981830305050841,359.9160834649489,197.18873385392467,180.00188690358718
1.0991831971995334,359.91677794636996,197.18873385392467,180.00187128783335
1.1001833638939824,359.9174666803647,197.18873385392467,180.00185580131335
1.1011835305884314,359.91814971449793,197.18873385392467,180.00184044295764
1.1021836972828805,359.9188270959406,197.18873385392467,180.0018252117056
1.1031838639773297,359.9194988714736,197.18873385392467,180.00181010650527
1.1041840306717787,359.9201650874905,197.18873385392467,180.0017951263135
1.1051841973662277,359.9208257900009,197.18873385392467,180.00178027009574
1.1061843640606768,359.92148102463375,197.18873385392467,180.00176553682599
1.1071845307551258,359.9221308366403,197.18873385392467,180.00175092548673
1.108184697449575,359.9227752708973,197.18873385392467,180.00173643506892
1.109184864144024,359.92341437191016,197.18873385392467,180.0017220645718
1.110185030838473,359.92404818381596,197.18873385392467,180.00170781300292
1.111185197532922,359.9246767503865,197.18873385392467,180.00169367937806
1.1121853642273714,359.9253001150313,197.18873385392467,180.00167966272113
1.1131855309218204,359.9259183208007,197.18873385392467,180.00166576206414
1.1141856976162694,359.9265314103888,197.18873385392467,180.00165197644705
1.1151858643107184,359.92713942613625,197.18873385392467,180.00163830491783
1.1161860310051677,359.92774241003326,197.18873385392467,180.0016247465323
1.1171861976996167,359.92834040372276,197.18873385392467,180.0016113003541
1.1181863643940657,359.92893344850285,197.18873385392467,180.00159796545464
1.1191865310885147,359.92952158532995,197.18873385392467,180.00158474091293
1.1201866977829638,359.9301048548215,197.18873385392467,180.00157162581573
1.121186864477413,359.93068329725884,197.18873385392467,180.00155861925725
1.122187031171862,359.9312569525899,197.18873385392467,180.00154572033927
1.123187197866311,359.9318258604319,197.18873385392467,180.00153292817095
1.12418736456076,359.9323900600745,197.18873385392467,180.00152024186886
1.1251875312552093,359.932949590482,197.18873385392467,180.00150766055683
1.1261876979496583,359.9335044902962,197.18873385392467,180.00149518336605
1.1271878646441074,359.93405479783917,197.18873385392467,180.00148280943475
1.1281880313385564,359.93460055111586,197.18873385392467,180.00147053790838
1.1291881980330056,359.9351417878167,197.18873385392467,180.00145836793948
1.1301883647274547,359.9356785453201,197.18873385392467,180.00144629868757
1.1311885314219037,359.9362108606953,197.18873385392467,180.0014343293191
1.1321886981163527,359.93673877070466,197.18873385392467,180.0014224590075
1.133188864810802,359.93726231180625,197.18873385392467,180.00141068693296
1.134189031505251,359.9377815201565,197.18873385392467,180.00139901228246
1.1351891981997,359.9382964316126,197.18873385392467,180.0013874342498
1.136189364894149,359.938807081735,197.18873385392467,180.00137595203532
1.137189531588598,359.93931350578987,197.18873385392467,180.00136456484606
1.1381896982830473,359.9398157387515,197.18873385392467,180.0013532718956
1.1391898649774963,359.94031381530476,197.18873385392467,180.00134207240404
1.1401900316719453,359.94080776984737,197.18873385392467,180.00133096559796
1.1411901983663943,359.9412976364925,197.18873385392467,180.00131995071024
1.1421903650608436,359.941783449071,197.18873385392467,180.0013090269802
1.1431905317552926,359.9422652411338,197.18873385392467,180.0012981936535
1.1441906984497416,359.9427430459539,197.18873385392467,180.00128744998187
1.1451908651441907,359.9432168965292,197.18873385392467,180.00127679522342
1.14619103183864,359.9436868255844,197.18873385392467,180.00126622864227
1.147191198533089,359.94415286557347,197.18873385392467,180.0012557495087
1.148191365227538,359.9446150486818,197.18873385392467,180.00124535709895
1.149191531921987,359.9450734068282,197.18873385392467,180.00123505069536
1.1501916986164362,359.9455279716676,197.18873385392467,180.00122482958616
1.1511918653108852,359.9459787745928,197.18873385392467,180.00121469306546
1.1521920320053343,359.9464258467368,197.18873385392467,180.00120464043317
1.1531921986997833,359.9468692189751,197.18873385392467,180.00119467099512
1.1541923653942323,359.94730892192746,197.18873385392467,180.00118478406276
1.1551925320886816,359.9477449859604,197.18873385392467,180.00117497895326
1.1561926987831306,359.94817744118905,197.18873385392467,180.00116525498953
1.1571928654775796,359.94860631747935,197.18873385392467,180.00115561149994
1.1581930321720286,359.94903164445003,197.18873385392467,180.00114604781857
1.1591931988664779,359.9494534514749,197.18873385392467,180.0011365632849
1.160193365560927,359.9498717676843,197.18873385392467,180.00112715724393
1.161193532255376,359.95028662196773,197.18873385392467,180.00111782904605
1.162193698949825,359.95069804297566,197.18873385392467,180.00110857804705
1.1631938656442742,359.95110605912134,197.18873385392467,180.00109940360804
1.1641940323387232,359.951510698583,197.18873385392467,180.0010903050954
1.1651941990331722,359.9519119893054,197.18873385392467,180.00108128188083
1.1661943657276213,359.9523099590024,197.18873385392467,180.0010723333411
1.1671945324220705,359.95270463515817,197.18873385392467,180.00106345885828
1.1681946991165195,359.9530960450296,197.18873385392467,180.00105465781945
1.1691948658109685,359.9534842156481,197.18873385392467,180.00104592961682
1.1701950325054176,359.9538691738211,197.18873385392467,180.0010372736476
1.1711951991998666,359.95425094613444,197.18873385392467,180.00102868931398
1.1721953658943158,359.95462955895374,197.18873385392467,180.0010201760231
1.1731955325887649,359.95500503842663,197.18873385392467,180.00101173318703
1.1741956992832139,359.9553774104841,197.18873385392467,180.0010033602227
1.175195865977663,359.9557467008428,197.18873385392467,180.00099505655191
1.1761960326721121,359.9561129350063,197.18873385392467,180.00098682160112
1.1771961993665612,359.95647613826725,197.18873385392467,180.00097865480166
1.1781963660610102,359.95683633570906,197.18873385392467,180.0009705555895
1.1791965327554592,359.9571935522073,197.18873385392467,180.00096252340532
1.1801966994499085,359.9575478124319,197.18873385392467,180.0009545576944
1.1811968661443575,359.9578991408486,197.18873385392467,180.00094665790655
1.1821970328388065,359.95824756172055,197.18873385392467,180.0009388234963
1.1831971995332555,359.9585930991102,197.18873385392467,180.00093105392256
1.1841973662277048,359.9589357768809,197.18873385392467,180.0009233486487
1.1851975329221538,359.95927561869826,197.18873385392467,180.00091570714267
1.1861976996166028,359.95961264803236,197.18873385392467,180.00090812887666
1.1871978663110518,359.95994688815887,197.18873385392467,180.00090061332736
1.1881980330055009,359.9602783621609,197.18873385392467,180.00089315997565
1.18919819969995,359.9606070929305,197.18873385392467,180.0008857683069
1.1901983663943991,359.96093310317025,197.18873385392467,180.00087843781057
1.1911985330888482,359.96125641539476,197.18873385392467,180.00087116798042
1.1921986997832972,359.96157705193264,197.18873385392467,180.0008639583144
1.1931988664777464,359.96189503492724,197.18873385392467,180.00085680831452
1.1941990331721954,359.9622103863391,197.18873385392467,180.0008497174871
1.1951991998666445,359.9625231279467,197.18873385392467,180.00084268534238
1.1961993665610935,359.9628332813485,197.18873385392467,180.0008357113947
1.1971995332555427,359.96314086796406,197.18873385392467,180.00082879516248
1.1981996999499918,359.9634459090357,197.18873385392467,180.00082193616805
1.1991998666444408,359.96374842563006,197.18873385392467,180.00081513393766
1.2002000333388898,359.96404843863934,197.18873385392467,180.00080838800162
1.2012002000333388,359.9643459687828,197.18873385392467,180.00080169789405
1.202200366727788,359.9646410366083,197.18873385392467,180.00079506315285
1.203200533422237,359.9649336624937,197.18873385392467,180.00078848331987
1.2042007001166861,359.96522386664805,197.18873385392467,180.00078195794066
1.2052008668111351,359.96551166911325,197.18873385392467,180.0007754865646
1.2062010335055844,359.96579708976543,197.18873385392467,180.00076906874475
1.2072012002000334,359.96608014831605,197.18873385392467,180.0007627040379
1.2082013668944824,359.96636086431363,197.18873385392467,180.00075639200446
1.2092015335889315,359.96663925714466,197.18873385392467,180.00075013220857
1.2102017002833807,359.9669153460354,197.18873385392467,180.0007439242179
1.2112018669778297,359.967189150053,197.18873385392467,180.00073776760365
1.2122020336722787,359.9674606881067,197.18873385392467,180.0007316619407
1.2132022003667278,359.9677299789493,197.18873385392467,180.0007256068074
1.214202367061177,359.96799704117836,197.18873385392467,180.00071960178553
1.215202533755626,359.9682618932376,197.18873385392467,180.00071364646044
1.216202700450075,359.96852455341804,197.18873385392467,180.00070774042075
1.217202867144524,359.9687850398594,197.18873385392467,180.00070188325867
1.218203033838973,359.9690433705513,197.18873385392467,180.00069607456962
1.2192032005334223,359.96929956333423,197.18873385392467,180.00069031395248
1.2202033672278714,359.96955363590143,197.18873385392467,180.00068460100943
1.2212035339223204,359.96980560579937,197.18873385392467,180.0006789353459
1.2222037006167694,359.97005549042944,197.18873385392467,180.0006733165706
1.2232038673112187,359.9703033070491,197.18873385392467,180.00066774429555
1.2242040340056677,359.9705490727729,197.18873385392467,180.00066221813586
1.2252042007001167,359.9707928045737,197.18873385392467,180.0006567377099
1.2262043673945657,359.971034519284,197.18873385392467,180.00065130263923
1.227204534089015,359.97127423359694,197.18873385392467,180.0006459125484
1.228204700783464,359.97151196406753,197.18873385392467,180.00064056706526
1.229204867477913,359.97174772711384,197.18873385392467,180.00063526582056
1.230205034172362,359.97198153901786,197.18873385392467,180.00063000844827
1.2312052008668113,359.9722134159271,197.18873385392467,180.00062479458526
1.2322053675612603,359.97244337385524,197.18873385392467,180.00061962387144
1.2332055342557093,359.9726714286835,197.18873385392467,180.00061449594975
1.2342057009501584,359.97289759616166,197.18873385392467,180.00060941046604
1.2352058676446074,359.9731218919092,197.18873385392467,180.0006043670691
1.2362060343390566,359.9733443314163,197.18873385392467,180.00059936541058
1.2372062010335056,359.97356493004486,197.18873385392467,180.00059440514508
1.2382063677279547,359.9737837030298,197.18873385392467,180.0005894859301
1.2392065344224037,359.97400066548,197.18873385392467,180.00058460742585
1.240206701116853,359.97421583237895,197.18873385392467,180.00057976929543
1.241206867811302,359.9744292185865,197.18873385392467,180.00057497120468
1.242207034505751,359.9746408388395,197.18873385392467,180.0005702128223
1.2432072012002,359.9748507077525,197.18873385392467,180.00056549381964
1.2442073678946493,359.9750588398196,197.18873385392467,180.00056081387078
1.2452075345890983,359.9752652494146,197.18873385392467,180.00055617265255
1.2462077012835473,359.9754699507924,197.18873385392467,180.0005515698444
1.2472078679779963,359.97567295809,197.18873385392467,180.00054700512845
1.2482080346724453,359.97587428532734,197.18873385392467,180.00054247818946
1.2492082013668946,359.97607394640835,197.18873385392467,180.0005379887148
1.2502083680613436,359.976271955122,197.18873385392467,180.0005335363944
1.2512085347557926,359.97646832514295,197.18873385392467,180.0005291209208
1.2522087014502417,359.9766630700328,197.18873385392467,180.00052474198904
1.253208868144691,359.97685620324097,197.18873385392467,180.00052039929673
1.25420903483914,359.9770477381055,197.18873385392467,180.0005160925439
1.255209201533589,359.9772376878541,197.18873385392467,180.0005118214332
1.256209368228038,359.97742606560485,197.18873385392467,180.00050758566962
1.2572095349224872,359.9776128843674,197.18873385392467,180.00050338496064
1.2582097016169362,359.97779815704376,197.18873385392467,180.00049921901615
1.2592098683113853,359.9779818964291,197.18873385392467,180.00049508754842
1.2602100350058343,359.97816411521285,197.18873385392467,180.00049099027217
1.2612102017002835,359.97834482597915,197.18873385392467,180.00048692690441
1.2622103683947326,359.9785240412082,197.18873385392467,180.0004828971645
1.2632105350891816,359.9787017732767,197.18873385392467,180.0004789007742
1.2642107017836306,359.97887803445934,197.18873385392467,180.00047493745743
1.2652108684780796,359.9790528369288,197.18873385392467,180.00047100694056
1.2662110351725289,359.97922619275727,197.18873385392467,180.00046710895208
1.2672112018669779,359.9793981139169,197.18873385392467,180.0004632432228
1.268211368561427,359.97956861228084,197.18873385392467,180.00045940948579
1.269211535255876,359.97973769962385,197.18873385392467,180.00045560747625
1.2702117019503252,359.9799053876235,197.18873385392467,180.00045183693163
1.2712118686447742,359.9800716878604,197.18873385392467,180.0004480975915
1.2722120353392232,359.98023661181963,197.18873385392467,180.00044438919764
1.2732122020336722,359.98040017089096,197.18873385392467,180.00044071149392
1.2742123687281215,359.9805623763701,197.18873385392467,180.0004370642264
1.2752125354225705,359.9807232394591,197.18873385392467,180.00043344714314
1.2762127021170195,359.9808827712675,197.18873385392467,180.00042985999437
1.2772128688114686,359.9810409828127,197.18873385392467,180.00042630253236
1.2782130355059178,359.98119788502106,197.18873385392467,180.00042277451138
1.2792132022003668,359.9813534887284,197.18873385392467,180.00041927568785
1.2802133688948159,359.9815078046811,197.18873385392467,180.00041580582007
1.2812135355892649,359.98166084353625,197.18873385392467,180.00041236466845
1.282213702283714,359.981812615863,197.18873385392467,180.00040895199535
1.2832138689781631,359.981963132143,197.18873385392467,180.00040556756505
1.2842140356726122,359.98211240277107,197.18873385392467,180.0004022111438
1.2852142023670612,359.9822604380561,197.18873385392467,180.00039888249987
1.2862143690615102,359.9824072482215,197.18873385392467,180.0003955814033
1.2872145357559595,359.9825528434063,197.18873385392467,180.00039230762619
1.2882147024504085,359.98269723366553,197.18873385392467,180.00038906094235
1.2892148691448575,359.982840428971,197.18873385392467,180.00038584112767
1.2902150358393065,359.98298243921187,197.18873385392467,180.00038264795973
1.2912152025337558,359.9831232741956,197.18873385392467,180.000379481218
1.2922153692282048,359.9832629436485,197.18873385392467,180.00037634068377
1.2932155359226538,359.9834014572163,197.18873385392467,180.0003732261402
1.2942157026171028,359.98353882446503,197.18873385392467,180.00037013737213
1.295215869311552,359.98367505488136,197.18873385392467,180.00036707416632
1.296216036006001,359.9838101578736,197.18873385392467,180.00036403631114
1.2972162027004501,359.9839441427722,197.18873385392467,180.00036102359684
1.2982163693948992,359.9840770188303,197.18873385392467,180.00035803581534
1.2992165360893482,359.9842087952245,197.18873385392467,180.00035507276033
1.3002167027837974,359.9843394810555,197.18873385392467,180.00035213422714
1.3012168694782464,359.98446908534856,197.18873385392467,180.00034922001285
1.3022170361726955,359.9845976170545,197.18873385392467,180.00034632991617
1.3032172028671445,359.9847250850497,197.18873385392467,180.00034346373758
1.3042173695615937,359.9848514981374,197.18873385392467,180.00034062127907
1.3052175362560428,359.98497686504794,197.18873385392467,180.00033780234435
1.3062177029504918,359.98510119443927,197.18873385392467,180.00033500673874
1.3072178696449408,359.98522449489764,197.18873385392467,180.00033223426917
1.30821803633939,359.98534677493853,197.18873385392467,180.00032948474416
1.309218203033839,359.9854680430067,197.18873385392467,180.00032675797388
1.310218369728288,359.98558830747703,197.18873385392467,180.00032405376996
1.3112185364227371,359.98570757665533,197.18873385392467,180.00032137194566
1.3122187031171864,359.9858258587783,197.18873385392467,180.00031871231576
1.3132188698116354,359.98594316201485,197.18873385392467,180.0003160746966
1.3142190365060844,359.98605949446596,197.18873385392467,180.00031345890602
1.3152192032005334,359.9861748641658,197.18873385392467,180.00031086476335
1.3162193698949824,359.98628927908186,197.18873385392467,180.00030829208944
1.3172195365894317,359.98640274711596,197.18873385392467,180.00030574070664
1.3182197032838807,359.9865152761043,197.18873385392467,180.00030321043874
1.3192198699783297,359.98662687381824,197.18873385392467,180.00030070111094
1.3202200366727788,359.98673754796494,197.18873385392467,180.00029821255004
1.321220203367228,359.9868473061877,197.18873385392467,180.0002957445841
1.322220370061677,359.9869561560666,197.18873385392467,180.00029329704273
1.323220536756126,359.9870641051189,197.18873385392467,180.00029086975684
1.324220703450575,359.9871711607998,197.18873385392467,180.00028846255887
1.3252208701450243,359.98727733050265,197.18873385392467,180.00028607528253
1.3262210368394733,359.9873826215597,197.18873385392467,180.00028370776292
1.3272212035339224,359.98748704124245,197.18873385392467,180.00028135983663
1.3282213702283714,359.98759059676235,197.18873385392467,180.00027903134142
1.3292215369228204,359.98769329527113,197.18873385392467,180.00027672211655
1.3302217036172697,359.9877951438612,197.18873385392467,180.00027443200247
1.3312218703117187,359.9878961495664,197.18873385392467,180.00027216084106
1.3322220370061677,359.98799631936237,197.18873385392467,180.0002699084755
1.3332222037006167,359.9880956601669,197.18873385392467,180.00026767475018
1.334222370395066,359.9881941788407,197.18873385392467,180.00026545951087
1.335222537089515,359.9882918821875,197.18873385392467,180.0002632626046
1.336222703783964,359.98838877695493,197.18873385392467,180.0002610838796
1.337222870478413,359.9884848698346,197.18873385392467,180.0002589231854
1.3382230371728623,359.98858016746294,197.18873385392467,180.00025678037284
1.3392232038673113,359.9886746764212,197.18873385392467,180.0002546552939
1.3402233705617603,359.98876840323646,197.18873385392467,180.0002525478018
1.3412235372562094,359.98886135438147,197.18873385392467,180.00025045775104
1.3422237039506586,359.9889535362757,197.18873385392467,180.00024838499724
1.3432238706451076,359.98904495528524,197.18873385392467,180.00024632939724
1.3442240373395566,359.98913561772366,197.18873385392467,180.00024429080912
1.3452242040340057,359.9892255298523,197.18873385392467,180.0002422690921
1.3462243707284547,359.9893146978806,197.18873385392467,180.0002402641065
1.347224537422904,359.98940312796657,197.18873385392467,180.00023827571388
1.348224704117353,359.9894908262174,197.18873385392467,180.00023630377694
1.349224870811802,359.9895777986896,197.18873385392467,180.0002343481595
1.350225037506251,359.98966405138964,197.18873385392467,180.00023240872648
1.3512252042007002,359.9897495902742,197.18873385392467,180.0002304853439
1.3522253708951493,359.9898344212508,197.18873385392467,180.00022857787897
1.3532255375895983,359.98991855017795,197.18873385392467,180.0002266862
1.3542257042840473,359.9900019828657,197.18873385392467,180.00022481017626
1.3552258709784966,359.99008472507603,197.18873385392467,180.00022294967826
1.3562260376729456,359.99016678252326,197.18873385392467,180.0002211045775
1.3572262043673946,359.9902481608744,197.18873385392467,180.00021927474648
1.3582263710618436,359.9903288657496,197.18873385392467,180.00021746005893
1.3592265377562929,359.99040890272227,197.18873385392467,180.00021566038947
1.360226704450742,359.99048827732,197.18873385392467,180.00021387561384
1.361226871145191,359.9905669950246,197.18873385392467,180.00021210560874
1.36222703783964,359.99064506127235,197.18873385392467,180.000210350252
1.363227204534089,359.99072248145455,197.18873385392467,180.00020860942232
1.3642273712285382,359.99079926091804,197.18873385392467,180.00020688299952
1.3652275379229872,359.99087540496527,197.18873385392467,180.00020517086432
1.3662277046174363,359.99095091885494,197.18873385392467,180.00020347289853
1.3672278713118853,359.99102580780203,197.18873385392467,180.00020178898492
1.3682280380063345,359.9911000769785,197.18873385392467,180.0002001190071
1.3692282047007835,359.9911737315136,197.18873385392467,180.0001984628498
1.3702283713952326,359.9912467764938,197.18873385392467,180.00019682039866
1.3712285380896816,359.991319216964,197.18873385392467,180.00019519154017
1.3722287047841308,359.9913910579267,197.18873385392467,180.00019357616193
1.3732288714785799,359.99146230434366,197.18873385392467,180.0001919741523
1.3742290381730289,359.991532961135,197.18873385392467,180.00019038540069
1.375229204867478,359.9916030331806,197.18873385392467,180.0001888097974
1.376229371561927,359.9916725253195,197.18873385392467,180.00018724723355
1.3772295382563762,359.9917414423511,197.18873385392467,180.00018569760127
1.3782297049508252,359.9918097890348,197.18873385392467,180.00018416079354
1.3792298716452742,359.9918775700908,197.18873385392467,180.0001826367042
1.3802300383397232,359.9919447902002,197.18873385392467,180.00018112522804
1.3812302050341725,359.99201145400525,197.18873385392467,180.00017962626063
1.3822303717286215,359.9920775661098,197.18873385392467,180.00017813969848
1.3832305384230705,359.99214313107973,197.18873385392467,180.0001766654389
1.3842307051175196,359.992208153443,197.18873385392467,180.00017520338008
1.3852308718119688,359.9922726376902,197.18873385392467,180.00017375342108
1.3862310385064178,359.99233658827467,197.18873385392467,180.00017231546173
1.3872312052008668,359.9924000096129,197.18873385392467,180.00017088940274
1.3882313718953159,359.9924629060849,197.18873385392467,180.0001694751456
1.3892315385897651,359.9925252820343,197.18873385392467,180.0001680725927
1.3902317052842141,359.99258714176904,197.18873385392467,180.00016668164707
1.3912318719786632,359.99264848956113,197.18873385392467,180.00016530221276
1.3922320386731122,359.99270932964737,197.18873385392467,180.00016393419443
1.3932322053675612,359.9927696662294,197.18873385392467,180.00016257749766
1.3942323720620104,359.99282950347424,197.18873385392467,180.00016123202872
1.3952325387564595,359.9928888455143,197.18873385392467,180.0001598976947
1.3962327054509085,359.9929476964478,197.18873385392467,180.0001585744034
1.3972328721453575,359.9930060603391,197.18873385392467,180.0001572620635
1.3982330388398068,359.9930639412189,197.18873385392467,180.00015596058435
1.3992332055342558,359.99312134308457,197.18873385392467,180.00015466987608
1.4002333722287048,359.9931782699003,197.18873385392467,180.00015338984952
1.4012335389231538,359.9932347255975,197.18873385392467,180.00015212041626
1.402233705617603,359.9932907140752,197.18873385392467,180.0001508614887
1.403233872312052,359.9933462392,197.18873385392467,180.0001496129798
1.4042340390065011,359.99340130480647,197.18873385392467,180.00014837480344
1.4052342057009501,359.9934559146976,197.18873385392467,180.000147146874
1.4062343723953994,359.9935100726448,197.18873385392467,180.00014592910676
1.4072345390898484,359.9935637823883,197.18873385392467,180.00014472141763
1.4082347057842974,359.99361704763743,197.18873385392467,180.00014352372315
1.4092348724787465,359.99366987207065,197.18873385392467,180.00014233594058
1.4102350391731955,359.99372225933615,197.18873385392467,180.00014115798797
1.4112352058676447,359.99377421305195,197.18873385392467,180.00013998978392
1.4122353725620937,359.9938257368059,197.18873385392467,180.00013883124777
1.4132355392565428,359.9938768341564,197.18873385392467,180.0001376822995
1.4142357059509918,359.9939275086322,197.18873385392467,180.0001365428598
1.415235872645441,359.99397776373314,197.18873385392467,180.00013541284991
1.41623603933989,359.99402760292975,197.18873385392467,180.00013429219186
1.417236206034339,359.994077029664,197.18873385392467,180.00013318080818
1.418236372728788,359.9941260473495,197.18873385392467,180.0001320786222
1.4192365394232374,359.99417465937137,197.18873385392467,180.00013098555772
1.4202367061176864,359.9942228690868,197.18873385392467,180.0001299015393
1.4212368728121354,359.9942706798253,197.18873385392467,180.0001288264921
1.4222370395065844,359.99431809488874,197.18873385392467,180.00012776034183
1.4232372062010337,359.99436511755164,197.18873385392467,180.00012670301487
1.4242373728954827,359.9944117510615,197.18873385392467,180.0001256544382
1.4252375395899317,359.99445799863884,197.18873385392467,180.0001246145394
1.4262377062843807,359.99450386347763,197.18873385392467,180.00012358324665
1.4272378729788298,359.99454934874535,197.18873385392467,180.00012256048873
1.428238039673279,359.9945944575832,197.18873385392467,180.00012154619506
1.429238206367728,359.99463919310665,197.18873385392467,180.00012054029548
1.430238373062177,359.99468355840503,197.18873385392467,180.00011954272063
1.431238539756626,359.9947275565423,197.18873385392467,180.00011855340156
1.4322387064510753,359.99477119055706,197.18873385392467,180.00011757226994
1.4332388731455243,359.9948144634627,197.18873385392467,180.0001165992581
1.4342390398399734,359.99485737824784,197.18873385392467,180.0001156342987
1.4352392065344224,359.9948999378761,197.18873385392467,180.0001146773252
1.4362393732288716,359.99494214528664,197.18873385392467,180.00011372827146
1.4372395399233207,359.9949840033946,197.18873385392467,180.00011278707197
1.4382397066177697,359.99502551509056,197.18873385392467,180.00011185366174
1.4392398733122187,359.9950666832415,197.18873385392467,180.00011092797624
1.440240040006668,359.9951075106905,197.18873385392467,180.0001100099516
1.441240206701117,359.99514800025713,197.18873385392467,180.00010909952442
1.442240373395566,359.9951881547377,197.18873385392467,180.0001081966318
1.443240540090015,359.99522797690537,197.18873385392467,180.00010730121141
1.444240706784464,359.9952674695103,197.18873385392467,180.0001064132014
1.4452408734789133,359.9953066352798,197.18873385392467,180.0001055325404
1.4462410401733623,359.9953454769188,197.18873385392467,180.00010465916765
1.4472412068678113,359.9953839971098,197.18873385392467,180.00010379302282
1.4482413735622603,359.995422198513,197.18873385392467,180.00010293404608
1.4492415402567096,359.9954600837666,197.18873385392467,180.00010208217813
1.4502417069511586,359.9954976554871,197.18873385392467,180.0001012373601
1.4512418736456076,359.99553491626926,197.18873385392467,180.0001003995337
1.4522420403400567,359.9955718686863,197.18873385392467,180.000099568641
1.453242207034506,359.99560851529026,197.18873385392467,180.00009874462464
1.454242373728955,359.9956448586119,197.18873385392467,180.00009792742776
1.455242540423404,359.99568090116134,197.18873385392467,180.00009711699389
1.456242707117853,359.99571664542754,197.18873385392467,180.00009631326702
1.457242873812302,359.9957520938791,197.18873385392467,180.0000955161917
1.4582430405067512,359.99578724896423,197.18873385392467,180.00009472571287
1.4592432072012003,359.9958221131107,197.18873385392467,180.00009394177593
1.4602433738956493,359.9958566887263,197.18873385392467,180.00009316432676
1.4612435405900983,359.99589097819893,197.18873385392467,180.00009239331163
1.4622437072845476,359.99592498389654,197.18873385392467,180.00009162867732
1.4632438739789966,359.99595870816773,197.18873385392467,180.00009087037103
1.4642440406734456,359.9959921533415,197.18873385392467,180.00009011834038
1.4652442073678946,359.9960253217276,197.18873385392467,180.00008937253344
1.4662443740623439,359.9960582156167,197.18873385392467,180.00008863289867
1.467244540756793,359.9960908372805,197.18873385392467,180.00008789938502
1.468244707451242,359.996123188972,197.18873385392467,180.00008717194183
1.469244874145691,359.9961552729253,197.18873385392467,180.00008645051886
1.4702450408401402,359.99618709135626,197.18873385392467,180.00008573506628
1.4712452075345892,359.99621864646224,197.18873385392467,180.00008502553473
1.4722453742290382,359.99624994042256,197.18873385392467,180.0000843218751
1.4732455409234873,359.9962809753983,197.18873385392467,180.0000836240389
1.4742457076179363,359.99631175353295,197.18873385392467,180.0000829319779
1.4752458743123855,359.99634227695196,197.18873385392467,180.00008224564428
1.4762460410068345,359.9963725477634,197.18873385392467,180.00008156499067
1.4772462077012836,359.9964025680577,197.18873385392467,180.00008088997004
1.4782463743957326,359.99643233990827,197.18873385392467,180.0000802205358
1.4792465410901818,359.99646186537103,197.18873385392467,180.0000795566417
1.4802467077846309,359.9964911464852,197.18873385392467,180.0000788982419
1.4812468744790799,359.9965201852729,197.18873385392467,180.00007824529095
1.482247041173529,359.9965489837396,197.18873385392467,180.0000775977437
1.4832472078679781,359.99657754387414,197.18873385392467,180.0000769555555
1.4842473745624272,359.996605867649,197.18873385392467,180.00007631868192
1.4852475412568762,359.99663395702015,197.18873385392467,180.00007568707903
1.4862477079513252,359.9966618139276,197.18873385392467,180.0000750607032
1.4872478746457745,359.99668944029503,197.18873385392467,180.0000744395112
1.4882480413402235,359.9967168380305,197.18873385392467,180.00007382346007
1.4892482080346725,359.9967440090261,197.18873385392467,180.0000732125073
1.4902483747291215,359.9967709551583,197.18873385392467,180.00007260661067
1.4912485414235706,359.996797678288,197.18873385392467,180.00007200572838
1.4922487081180198,359.9968241802608,197.18873385392467,180.0000714098189
1.4932488748124688,359.9968504629069,197.18873385392467,180.00007081884107
1.4942490415069178,359.99687652804147,197.18873385392467,180.0000702327541
1.4952492082013669,359.99690237746455,197.18873385392467,180.00006965151752
1.496249374895816,359.99692801296135,197.18873385392467,180.00006907509115
1.4972495415902651,359.99695343630236,197.18873385392467,180.00006850343524
1.4982497082847142,359.9969786492433,197.18873385392467,180.00006793651025
1.4992498749791632,359.99700365352544,197.18873385392467,180.00006737427705
1.5002500416736124,359.9970284508756,197.18873385392467,180.00006681669683
1.5012502083680614,359.99705304300625,197.18873385392467,180.00006626373107
1.5022503750625105,359.9970774316158,197.18873385392467,180.00006571534155
1.5032505417569595,359.9971016183886,197.18873385392467,180.00006517149043
1.5042507084514085,359.99712560499506,197.18873385392467,180.00006463214018
1.5052508751458578,359.99714939309166,197.18873385392467,180.0000640972535
1.5062510418403068,359.99717298432125,197.18873385392467,180.00006356679347
1.5072512085347558,359.997196380313,197.18873385392467,180.00006304072346
1.5082513752292048,359.9972195826828,197.18873385392467,180.00006251900712
1.509251541923654,359.99724259303304,197.18873385392467,180.00006200160843
1.510251708618103,359.99726541295274,197.18873385392467,180.0000614884917
1.5112518753125521,359.9972880440179,197.18873385392467,180.0000609796214
1.5122520420070011,359.99731048779154,197.18873385392467,180.00006047496245
1.5132522087014504,359.9973327458236,197.18873385392467,180.00005997448002
1.5142523753958994,359.9973548196513,197.18873385392467,180.00005947813952
1.5152525420903484,359.997376710799,197.18873385392467,180.00005898590663
1.5162527087847975,359.9973984207786,197.18873385392467,180.00005849774743
1.5172528754792467,359.9974199510894,197.18873385392467,180.00005801362812
1.5182530421736957,359.9974413032183,197.18873385392467,180.00005753351533
1.5192532088681447,359.99746247863993,197.18873385392467,180.00005705737587
1.5202533755625938,359.99748347881666,197.18873385392467,180.0000565851769
1.5212535422570428,359.99750430519885,197.18873385392467,180.0000561168858
1.522253708951492,359.9975249592248,197.18873385392467,180.00005565247017
1.523253875645941,359.99754544232087,197.18873385392467,180.00005519189799
1.52425404234039,359.99756575590163,197.18873385392467,180.00005473513747
1.525254209034839,359.99758590137003,197.18873385392467,180.000054282157
1.5262543757292883,359.99760588011725,197.18873385392467,180.00005383292537
1.5272545424237374,359.9976256935232,197.18873385392467,180.00005338741153
1.5282547091181864,359.9976453429561,197.18873385392467,180.00005294558466
1.5292548758126354,359.99766482977304,197.18873385392467,180.0000525074143
1.5302550425070847,359.99768415531975,197.18873385392467,180.00005207287018
1.5312552092015337,359.9977033209309,197.18873385392467,180.00005164192228
1.5322553758959827,359.9977223279301,197.18873385392467,180.00005121454086
1.5332555425904317,359.99774117762996,197.18873385392467,180.00005079069638
1.534255709284881,359.99775987133233,197.18873385392467,180.0000503703596
1.53525587597933,359.9977784103282,197.18873385392467,180.00004995350142
1.536256042673779,359.99779679589784,197.18873385392467,180.00004954009313
1.537256209368228,359.9978150293111,197.18873385392467,180.00004913010616
1.538256376062677,359.99783311182716,197.18873385392467,180.00004872351215
1.5392565427571263,359.99785104469476,197.18873385392467,180.0000483202831
1.5402567094515753,359.9978688291525,197.18873385392467,180.0000479203911
1.5412568761460244,359.99788646642844,197.18873385392467,180.00004752380855
1.5422570428404734,359.9979039577408,197.18873385392467,180.00004713050805
1.5432572095349226,359.9979213042974,197.18873385392467,180.00004674046244
1.5442573762293716,359.99793850729634,197.18873385392467,180.00004635364485
1.5452575429238207,359.9979555679256,197.18873385392467,180.00004597002845
1.5462577096182697,359.9979724873634,197.18873385392467,180.00004558958685
1.547257876312719,359.99798926677835,197.18873385392467,180.00004521229374
1.548258043007168,359.9980059073292,197.18873385392467,180.00004483812302
1.549258209701617,359.99802241016505,197.18873385392467,180.0000444670489
1.550258376396066,359.99803877642574,197.18873385392467,180.00004409904574
1.5512585430905153,359.99805500724153,197.18873385392467,180.0000437340881
1.5522587097849643,359.9980711037333,197.18873385392467,180.00004337215086
1.5532588764794133,359.99808706701276,197.18873385392467,180.0000430132089
1.5542590431738623,359.9981028981823,197.18873385392467,180.00004265723751
1.5552592098683113,359.9981185983353,197.18873385392467,180.00004230421212
1.5562593765627606,359.99813416855596,197.18873385392467,180.00004195410827
1.5572595432572096,359.9981496099196,197.18873385392467,180.00004160690185
1.5582597099516586,359.9981649234927,197.18873385392467,180.00004126256886
1.5592598766461077,359.9981801103328,197.18873385392467,180.00004092108554
1.560260043340557,359.9981951714886,197.18873385392467,180.00004058242826
1.561260210035006,359.9982101080004,197.18873385392467,180.0000402465737
1.562260376729455,359.99822492089976,197.18873385392467,180.0000399134986
1.563260543423904,359.9982396112095,197.18873385392467,180.00003958317996
1.5642607101183532,359.99825417994435,197.18873385392467,180.00003925559503
1.5652608768128022,359.9982686281103,197.18873385392467,180.00003893072113
1.5662610435072513,359.9982829567053,197.18873385392467,180.00003860853585
1.5672612102017003,359.9982971667187,197.18873385392467,180.0000382890169
1.5682613768961495,359.99831125913204,197.18873385392467,180.0000379721423
1.5692615435905986,359.9983252349185,197.18873385392467,180.0000376578901
1.5702617102850476,359.9983390950433,197.18873385392467,180.00003734623857
1.5712618769794966,359.99835284046367,197.18873385392467,180.00003703716627
1.5722620436739456,359.99836647212874,197.18873385392467,180.0000367306518
1.5732622103683949,359.9983799909801,197.18873385392467,180.000036426674
1.5742623770628439,359.9983933979513,197.18873385392467,180.00003612521186
1.575262543757293,359.9984066939682,197.18873385392467,180.00003582624458
1.576262710451742,359.9984198799492,197.18873385392467,180.00003552975153
1.5772628771461912,359.9984329568048,197.18873385392467,180.0000352357122
1.5782630438406402,359.99844592543815,197.18873385392467,180.0000349441063
1.5792632105350892,359.9984587867449,197.18873385392467,180.0000346549137
1.5802633772295382,359.9984715416132,197.18873385392467,180.0000343681144
1.5812635439239875,359.998484190924,197.18873385392467,180.00003408368863
1.5822637106184365,359.9984967355508,197.18873385392467,180.00003380161672
1.5832638773128855,359.9985091763601,197.18873385392467,180.0000335218792
1.5842640440073346,359.9985215142109,197.18873385392467,180.00003324445674
1.5852642107017836,359.9985337499553,197.18873385392467,180.00003296933022
1.5862643773962328,359.99854588443844,197.18873385392467,180.0000326964806
1.5872645440906819,359.99855791849825,197.18873385392467,180.00003242588903
1.5882647107851309,359.99856985296583,197.18873385392467,180.00003215753685
1.58926487747958,359.99858168866547,197.18873385392467,180.0000318914055
1.5902650441740291,359.9985934264144,197.18873385392467,180.00003162747663
1.5912652108684782,359.9986050670234,197.18873385392467,180.000031365732
1.5922653775629272,359.9986166112963,197.18873385392467,180.00003110615353
1.5932655442573762,359.9986280600304,197.18873385392467,180.0000308487233
1.5942657109518255,359.99863941401634,197.18873385392467,180.0000305934235
1.5952658776462745,359.9986506740383,197.18873385392467,180.00003034023655
1.5962660443407235,359.9986618408738,197.18873385392467,180.00003008914493
1.5972662110351725,359.99867291529415,197.18873385392467,180.0000298401313
1.5982663777296218,359.99868389806414,197.18873385392467,180.0000295931785
1.5992665444240708,359.99869478994225,197.18873385392467,180.00002934826944
1.6002667111185198,359.9987055916806,197.18873385392467,180.0000291053872
1.6012668778129688,359.9987163040253,197.18873385392467,180.00002886451506
1.6022670445074179,359.9987269277161,197.18873385392467,180.0000286256363
1.603267211201867,359.9987374634868,197.18873385392467,180.0000283887345
1.6042673778963161,359.9987479120648,197.18873385392467,180.00002815379327
1.6052675445907651,359.9987582741719,197.18873385392467,180.00002792079636
1.6062677112852142,359.99876855052355,197.18873385392467,180.0000276897277
1.6072678779796634,359.9987787418296,197.18873385392467,180.00002746057132
1.6082680446741124,359.99878884879377,197.18873385392467,180.0000272333114
1.6092682113685615,359.9987988721141,197.18873385392467,180.00002700793232
1.6102683780630105,359.99880881248276,197.18873385392467,180.0000267844184
1.6112685447574597,359.9988186705864,197.18873385392467,180.00002656275424
1.6122687114519088,359.99882844710567,197.18873385392467,180.00002634292454
1.6132688781463578,359.99883814271584,197.18873385392467,180.00002612491414
1.6142690448408068,359.99884775808647,197.18873385392467,180.00002590870795
1.615269211535256,359.9988572938816,197.18873385392467,180.00002569429105
1.616269378229705,359.9988667507599,197.18873385392467,180.00002548164863
1.617269544924154,359.99887612937425,197.18873385392467,180.00002527076603
1.6182697116186031,359.9988854303725,197.18873385392467,180.00002506162866
1.6192698783130521,359.998894654397,197.18873385392467,180.00002485422206
1.6202700450075014,359.9989038020848,197.18873385392467,180.00002464853196
1.6212702117019504,359.9989128740675,197.18873385392467,180.00002444454412
1.6222703783963994,359.99892187097186,197.18873385392467,180.00002424224445
1.6232705450908484,359.998930793419,197.18873385392467,180.00002404161899
1.6242707117852977,359.99893964202516,197.18873385392467,180.00002384265386
1.6252708784797467,359.9989484174015,197.18873385392467,180.00002364533535
1.6262710451741957,359.99895712015405,197.18873385392467,180.0000234496498
1.6272712118686448,359.9989657508838,197.18873385392467,180.00002325558373
1.628271378563094,359.99897431018684,197.18873385392467,180.00002306312373
1.629271545257543,359.99898279865425,197.18873385392467,180.00002287225652
1.630271711951992,359.9989912168723,197.18873385392467,180.00002268296888
1.631271878646441,359.9989995654223,197.18873385392467,180.00002249524778
1.63227204534089,359.9990078448809,197.18873385392467,180.0000223090802
1.6332722120353393,359.99901605581977,197.18873385392467,180.00002212445332
1.6342723787297884,359.9990241988061,197.18873385392467,180.0000219413544
1.6352725454242374,359.99903227440217,197.18873385392467,180.0000217597708
1.6362727121186864,359.9990402831657,197.18873385392467,180.0000215796899
1.6372728788131357,359.99904822564986,197.18873385392467,180.0000214010994
1.6382730455075847,359.99905610240313,197.18873385392467,180.00002122398683
1.6392732122020337,359.9990639139694,197.18873385392467,180.00002104834005
1.6402733788964827,359.99907166088826,197.18873385392467,180.00002087414688
1.641273545590932,359.9990793436947,197.18873385392467,180.0000207013953
1.642273712285381,359.9990869629193,197.18873385392467,180.0000205300734
1.64327387897983,359.99909451908826,197.18873385392467,180.00002036016934
1.644274045674279,359.99910201272337,197.18873385392467,180.0000201916714
1.6452742123687283,359.9991094443422,197.18873385392467,180.0000200245679
1.6462743790631773,359.999116814458,197.18873385392467,180.00001985884734
1.6472745457576263,359.9991241235797,197.18873385392467,180.00001969449826
1.6482747124520754,359.99913137221216,197.18873385392467,180.0000195315093
1.6492748791465244,359.9991385608559,197.18873385392467,180.00001936986922
1.6502750458409736,359.9991456900074,197.18873385392467,180.00001920956686
1.6512752125354226,359.99915276015906,197.18873385392467,180.00001905059113
1.6522753792298717,359.99915977179916,197.18873385392467,180.00001889293105
1.6532755459243207,359.99916672541184,197.18873385392467,180.00001873657578
1.65427571261877,359.99917362147744,197.18873385392467,180.00001858151444
1.655275879313219,359.99918046047213,197.18873385392467,180.0000184277364
1.656276046007668,359.9991872428682,197.18873385392467,180.00001827523099
1.657276212702117,359.99919396913407,197.18873385392467,180.0000181239877
1.6582763793965662,359.99920063973434,197.18873385392467,180.00001797399608
1.6592765460910153,359.9992072551297,197.18873385392467,180.00001782524578
1.6602767127854643,359.9992138157769,197.18873385392467,180.0000176777265
1.6612768794799133,359.999220322129,197.18873385392467,180.00001753142809
1.6622770461743626,359.99922677463553,197.18873385392467,180.0000173863404
1.6632772128688116,359.99923317374197,197.18873385392467,180.00001724245348
1.6642773795632606,359.99923951989035,197.18873385392467,180.0000170997573
1.6652775462577096,359.9992458135188,197.18873385392467,180.00001695824204
1.6662777129521587,359.99925205506213,197.18873385392467,180.000016817898
1.667277879646608,359.99925824495125,197.18873385392467,180.00001667871538
1.668278046341057,359.99926438361376,197.18873385392467,180.00001654068464
1.669278213035506,359.99927047147355,197.18873385392467,180.00001640379622
1.670278379729955,359.99927650895097,197.18873385392467,180.00001626804064
1.6712785464244042,359.99928249646314,197.18873385392467,180.0000161334086
1.6722787131188532,359.9992884344234,197.18873385392467,180.00001599989073
1.6732788798133023,359.999294323242,197.18873385392467,180.00001586747786
1.6742790465077513,359.99930016332553,197.18873385392467,180.00001573616078
1.6752792132022005,359.9993059550773,197.18873385392467,180.00001560593049
1.6762793798966495,359.9993116988974,197.18873385392467,180.00001547677795
1.6772795465910986,359.99931739518235,197.18873385392467,180.00001534869426
1.6782797132855476,359.9993230443257,197.18873385392467,180.0000152216706
1.6792798799799968,359.9993286467175,197.18873385392467,180.00001509569813
1.6802800466744459,359.99933420274465,197.18873385392467,180.0000149707682
1.6812802133688949,359.9993397127909,197.18873385392467,180.0000148468722
1.682280380063344,359.99934517723676,197.18873385392467,180.00001472400155
1.683280546757793,359.99935059645964,197.18873385392467,180.00001460214773
1.6842807134522422,359.99935597083373,197.18873385392467,180.00001448130237
1.6852808801466912,359.9993613007303,197.18873385392467,180.00001436145712
1.6862810468411402,359.9993665865174,197.18873385392467,180.00001424260367
1.6872812135355892,359.99937182855996,197.18873385392467,180.00001412473387
1.6882813802300385,359.99937702722013,197.18873385392467,180.00001400783952
1.6892815469244875,359.99938218285695,197.18873385392467,180.00001389191257
1.6902817136189365,359.9993872958264,197.18873385392467,180.000013776945
1.6912818803133856,359.9993923664817,197.18873385392467,180.00001366292892
1.6922820470078348,359.9993973951729,197.18873385392467,180.00001354985642
1.6932822137022838,359.9994023822473,197.18873385392467,180.00001343771967
1.6942823803967328,359.99940732804936,197.18873385392467,180.00001332651095
1.6952825470911819,359.9994122329207,197.18873385392467,180.0000132162226
1.6962827137856311,359.99941709719997,197.18873385392467,180.00001310684698
1.6972828804800801,359.99942192122313,197.18873385392467,180.00001299837652
1.6982830471745292,359.99942670532334,197.18873385392467,180.00001289080376
1.6992832138689782,359.999431449831,197.18873385392467,180.00001278412122
1.7002833805634272,359.9994361550738,197.18873385392467,180.0000126783216
1.7012835472578764,359.9994408213766,197.18873385392467,180.00001257339756
1.7022837139523255,359.9994454490618,197.18873385392467,180.00001246934187
1.7032838806467745,359.99945003844886,197.18873385392467,180.0000123661473
1.7042840473412235,359.9994545898548,197.18873385392467,180.00001226380678
1.7052842140356728,359.99945910359395,197.18873385392467,180.00001216231323
1.7062843807301218,359.999463579978,197.18873385392467,180.0000120616596
1.7072845474245708,359.9994680193161,197.18873385392467,180.00001196183896
1.7082847141190198,359.9994724219149,197.18873385392467,180.00001186284442
1.709284880813469,359.99947678807837,197.18873385392467,180.00001176466915
1.710285047507918,359.99948111810806,197.18873385392467,180.00001166730638
1.7112852142023671,359.999485412303,197.18873385392467,180.00001157074936
1.7122853808968161,359.9994896709598,197.18873385392467,180.00001147499142
1.7132855475912652,359.99949389437256,197.18873385392467,180.000011380026
1.7142857142857144,359.99949808283293,197.18873385392467,180.00001128584645
1.7152858809801634,359.9995022366302,197.18873385392467,180.00001119244635
1.7162860476746125,359.99950635605114,197.18873385392467,180.0000110998192
1.7172862143690615,359.9995104413804,197.18873385392467,180.00001100795862
1.7182863810635107,359.9995144929,197.18873385392467,180.0000109168583
1.7192865477579597,359.9995185108898,197.18873385392467,180.00001082651187
1.7202867144524088,359.9995224956273,197.18873385392467,180.00001073691317
1.7212868811468578,359.99952644738755,197.18873385392467,180.00001064805593
1.722287047841307,359.9995303664437,197.18873385392467,180.00001055993408
1.723287214535756,359.99953425306626,197.18873385392467,180.00001047254153
1.724287381230205,359.9995381075236,197.18873385392467,180.00001038587223
1.725287547924654,359.99954193008205,197.18873385392467,180.00001029992018
1.7262877146191034,359.9995457210055,197.18873385392467,180.00001021467946
1.7272878813135524,359.99954948055586,197.18873385392467,180.00001013014418
1.7282880480080014,359.9995532089926,197.18873385392467,180.00001004630852
1.7292882147024504,359.9995569065734,197.18873385392467,180.00000996316663
1.7302883813968994,359.9995605735534,197.18873385392467,180.00000988071284
1.7312885480913487,359.9995642101861,197.18873385392467,180.00000979894142
1.7322887147857977,359.9995678167225,197.18873385392467,180.00000971784675
1.7332888814802467,359.9995713934117,197.18873385392467,180.0000096374232
1.7342890481746958,359.99957494050074,197.18873385392467,180.0000095576652
1.735289214869145,359.9995784582345,197.18873385392467,180.00000947856728
1.736289381563594,359.99958194685604,197.18873385392467,180.00000940012396
1.737289548258043,359.9995854066062,197.18873385392467,180.00000932232984
1.738289714952492,359.99958883772393,197.18873385392467,180.00000924517954
1.7392898816469413,359.99959224044625,197.18873385392467,180.0000091686677
1.7402900483413903,359.99959561500805,197.18873385392467,180.00000909278907
1.7412902150358394,359.99959896164245,197.18873385392467,180.0000090175384
1.7422903817302884,359.9996022805806,197.18873385392467,180.0000089429105
1.7432905484247376,359.9996055720516,197.18873385392467,180.0000088689002
1.7442907151191867,359.9996088362829,197.18873385392467,180.00000879550242
1.7452908818136357,359.99961207349986,197.18873385392467,180.00000872271207
1.7462910485080847,359.99961528392606,197.18873385392467,180.0000086505241
1.7472912152025337,359.99961846778325,197.18873385392467,180.00000857893357
1.748291381896983,359.99962162529124,197.18873385392467,180.0000085079355
1.749291548591432,359.99962475666814,197.18873385392467,180.000008437525
1.750291715285881,359.9996278621302,197.18873385392467,180.0000083676972
1.75129188198033,359.9996309418919,197.18873385392467,180.0000082984473
1.7522920486747793,359.99963399616587,197.18873385392467,180.00000822977051
1.7532922153692283,359.9996370251631,197.18873385392467,180.00000816166207
1.7542923820636773,359.99964002909275,197.18873385392467,180.00000809411728
1.7552925487581263,359.99964300816237,197.18873385392467,180.00000802713149
1.7562927154525756,359.9996459625776,197.18873385392467,180.00000796070006
1.7572928821470246,359.99964889254244,197.18873385392467,180.0000078948184
1.7582930488414736,359.9996517982593,197.18873385392467,180.00000782948197
1.7592932155359227,359.9996546799289,197.18873385392467,180.00000776468627
1.7602933822303717,359.9996575377502,197.18873385392467,180.00000770042678
1.761293548924821,359.9996603719205,197.18873385392467,180.0000076366991
1.76229371561927,359.99966318263563,197.18873385392467,180.00000757349883
1.763293882313719,359.9996659700897,197.18873385392467,180.0000075108216
1.764294049008168,359.99966873447516,197.18873385392467,180.0000074486631
1.7652942157026172,359.999671475983,197.18873385392467,180.00000738701897
1.7662943823970663,359.9996741948024,197.18873385392467,180.00000732588504
1.7672945490915153,359.99967689112134,197.18873385392467,180.000007265257
1.7682947157859643,359.99967956512586,197.18873385392467,180.00000720513074
1.7692948824804136,359.9996822170007,197.18873385392467,180.00000714550208
1.7702950491748626,359.999684846929,197.18873385392467,180.0000070863669
1.7712952158693116,359.99968745509227,197.18873385392467,180.0000070277211
1.7722953825637606,359.9996900416709,197.18873385392467,180.00000696956064
1.7732955492582099,359.9996926068432,197.18873385392467,180.0000069118815
1.774295715952659,359.9996951507866,197.18873385392467,180.00000685467975
1.775295882647108,359.99969767367656,197.18873385392467,180.0000067979514
1.776296049341557,359.99970017568756,197.18873385392467,180.0000067416925
1.777296216036006,359.9997026569922,197.18873385392467,180.00000668589917
1.7782963827304552,359.99970511776195,197.18873385392467,180.00000663056758
1.7792965494249042,359.9997075581667,197.18873385392467,180.00000657569393
1.7802967161193533,359.99970997837494,197.18873385392467,180.00000652127437
1.7812968828138023,359.9997123785539,197.18873385392467,180.0000064673052
1.7822970495082515,359.99971475886935,197.18873385392467,180.00000641378267
1.7832972162027005,359.9997171194856,197.18873385392467,180.00000636070308
1.7842973828971496,359.9997194605657,197.18873385392467,180.0000063080628
1.7852975495915986,359.99972178227137,197.18873385392467,180.00000625585815
1.7862977162860478,359.99972408476293,197.18873385392467,180.00000620408554
1.7872978829804969,359.9997263681994,197.18873385392467,180.00000615274138
1.7882980496749459,359.9997286327384,197.18873385392467,180.00000610182215
1.789298216369395,359.9997308785364,197.18873385392467,180.0000060513243
1.7902983830638441,359.99973310574853,197.18873385392467,180.00000600124437
1.7912985497582932,359.99973531452855,197.18873385392467,180.0000059515789
1.7922987164527422,359.99973750502903,197.18873385392467,180.00000590232446
1.7932988831471912,359.99973967740124,197.18873385392467,180.00000585347763
1.7942990498416402,359.9997418317951,197.18873385392467,180.00000580503504
1.7952992165360895,359.9997439683596,197.18873385392467,180.00000575699337
1.7962993832305385,359.9997460872421,197.18873385392467,180.0000057093493
1.7972995499249875,359.9997481885891,197.18873385392467,180.0000056620995
1.7982997166194366,359.9997502725456,197.18873385392467,180.00000561524075
1.7992998833138858,359.9997523392556,197.18873385392467,180.0000055687698
1.8003000500083348,359.9997543888618,197.18873385392467,180.00000552268344
1.8013002167027838,359.9997564215057,197.18873385392467,180.00000547697846
1.8023003833972329,359.9997584373277,197.18873385392467,180.00000543165174
1.803300550091682,359.99976043646706,197.18873385392467,180.00000538670014
1.8043007167861311,359.9997624190618,197.18873385392467,180.00000534212055
1.8053008834805802,359.9997643852489,197.18873385392467,180.0000052979099
1.8063010501750292,359.9997663351641,197.18873385392467,180.00000525406514
1.8073012168694784,359.99976826894203,197.18873385392467,180.00000521058323
1.8083013835639274,359.9997701867163,197.18873385392467,180.00000516746115
1.8093015502583765,359.99977208861935,197.18873385392467,180.00000512469595
1.8103017169528255,359.99977397478256,197.18873385392467,180.00000508228467
1.8113018836472745,359.99977584533605,197.18873385392467,180.00000504022438
1.8123020503417238,359.99977770040914,197.18873385392467,180.00000499851217
1.8133022170361728,359.9997795401299,197.18873385392467,180.00000495714517
1.8143023837306218,359.9997813646254,197.18873385392467,180.00000491612053
1.8153025504250708,359.99978317402156,197.18873385392467,180.00000487543537
1.81630271711952,359.99978496844346,197.18873385392467,180.00000483508694
1.817302883813969,359.9997867480149,197.18873385392467,180.00000479507244
1.8183030505084181,359.9997885128589,197.18873385392467,180.00000475538909
1.8193032172028671,359.99979026309734,197.18873385392467,180.00000471603414
1.8203033838973164,359.99979199885104,197.18873385392467,180.00000467700488
1.8213035505917654,359.99979372023984,197.18873385392467,180.00000463829863
1.8223037172862144,359.99979542738265,197.18873385392467,180.00000459991273
1.8233038839806635,359.99979712039743,197.18873385392467,180.0000045618445
1.8243040506751127,359.99979879940105,197.18873385392467,180.0000045240913
1.8253042173695617,359.99980046450946,197.18873385392467,180.00000448665057
1.8263043840640107,359.99980211583767,197.18873385392467,180.00000444951968
1.8273045507584598,359.9998037534997,197.18873385392467,180.00000441269603
1.8283047174529088,359.99980537760865,197.18873385392467,180.00000437617717
1.829304884147358,359.9998069882767,197.18873385392467,180.00000433996053
1.830305050841807,359.9998085856151,197.18873385392467,180.0000043040436
1.831305217536256,359.9998101697341,197.18873385392467,180.00000426842394
1.832305384230705,359.9998117407432,197.18873385392467,180.00000423309905
1.8333055509251543,359.99981329875084,197.18873385392467,180.0000041980665
1.8343057176196034,359.9998148438646,197.18873385392467,180.0000041633239
1.8353058843140524,359.99981637619123,197.18873385392467,180.0000041288688
1.8363060510085014,359.99981789583654,197.18873385392467,180.00000409469885
1.8373062177029507,359.9998194029055,197.18873385392467,180.00000406081168
1.8383063843973997,359.9998208975021,197.18873385392467,180.00000402720497
1.8393065510918487,359.99982237972966,197.18873385392467,180.0000039938764
1.8403067177862977,359.9998238496906,197.18873385392467,180.0000039608236
1.8413068844807468,359.9998253074863,197.18873385392467,180.00000392804438
1.842307051175196,359.9998267532174,197.18873385392467,180.0000038955364
1.843307217869645,359.99982818698385,197.18873385392467,180.00000386329748
1.844307384564094,359.9998296088847,197.18873385392467,180.0000038313254
1.845307551258543,359.9998310190181,197.18873385392467,180.00000379961787
1.8463077179529923,359.99983241748134,197.18873385392467,180.00000376817277
1.8473078846474413,359.9998338043712,197.18873385392467,180.00000373698788
1.8483080513418904,359.99983517978325,197.18873385392467,180.00000370606108
1.8493082180363394,359.99983654381265,197.18873385392467,180.00000367539025
1.8503083847307886,359.99983789655346,197.18873385392467,180.00000364497322
1.8513085514252376,359.99983923809924,197.18873385392467,180.00000361480792
1.8523087181196867,359.99984056854254,197.18873385392467,180.00000358489226
1.8533088848141357,359.9998418879753,197.18873385392467,180.0000035552242
1.854309051508585,359.9998431964886,197.18873385392467,180.00000352580165
1.855309218203034,359.99984449417286,197.18873385392467,180.0000034966226
1.856309384897483,359.99984578111764,197.18873385392467,180.00000346768502
1.857309551591932,359.99984705741184,197.18873385392467,180.00000343898694
1.858309718286381,359.9998483231436,197.18873385392467,180.00000341052638
1.8593098849808303,359.99984957840036,197.18873385392467,180.00000338230132
1.8603100516752793,359.99985082326873,197.18873385392467,180.00000335430985
1.8613102183697283,359.99985205783474,197.18873385392467,180.00000332655006
1.8623103850641773,359.9998532821837,197.18873385392467,180.00000329902
1.8633105517586266,359.99985449640013,197.18873385392467,180.00000327171776
1.8643107184530756,359.9998557005679,197.18873385392467,180.00000324464145
1.8653108851475246,359.99985689477006,197.18873385392467,180.00000321778924
1.8663110518419737,359.9998580790892,197.18873385392467,180.0000031911593
1.867311218536423,359.9998592536071,197.18873385392467,180.0000031647497
1.868311385230872,359.9998604184048,197.18873385392467,180.00000313855867
1.869311551925321,359.99986157356284,197.18873385392467,180.0000031125844
1.87031171861977,359.99986271916094,197.18873385392467,180.00000308682507
1.8713118853142192,359.9998638552782,197.18873385392467,180.00000306127893
1.8723120520086682,359.9998649819932,197.18873385392467,180.00000303594422
1.8733122187031173,359.99986609938355,197.18873385392467,180.00000301081917
1.8743123853975663,359.99986720752656,197.18873385392467,180.00000298590203
1.8753125520920153,359.99986830649874,197.18873385392467,180.00000296119111
1.8763127187864646,359.999869396376,197.18873385392467,180.00000293668472
1.8773128854809136,359.99987047723357,197.18873385392467,180.00000291238112
1.8783130521753626,359.9998715491461,197.18873385392467,180.00000288827866
1.8793132188698116,359.9998726121877,197.18873385392467,180.00000286437566
1.8803133855642609,359.99987366643165,197.18873385392467,180.00000284067048
1.8813135522587099,359.9998747119508,197.18873385392467,180.0000028171615
1.882313718953159,359.99987574881743,197.18873385392467,180.00000279384705
1.883313885647608,359.99987677710305,197.18873385392467,180.00000277072556
1.8843140523420572,359.99987779687876,197.18873385392467,180.0000027477954
1.8853142190365062,359.99987880821493,197.18873385392467,180.00000272505503
1.8863143857309552,359.9998798111814,197.18873385392467,180.00000270250285
1.8873145524254042,359.9998808058475,197.18873385392467,180.00000268013733
1.8883147191198533,359.9998817922819,197.18873385392467,180.00000265795688
1.8893148858143025,359.9998827705527,197.18873385392467,180.00000263596
1.8903150525087515,359.9998837407274,197.18873385392467,180.00000261414513
1.8913152192032006,359.99988470287315,197.18873385392467,180.00000259251084
1.8923153858976496,359.9998856570562,197.18873385392467,180.00000257105557
1.8933155525920988,359.99988660334265,197.18873385392467,180.00000254977786
1.8943157192865478,359.9998875417977,197.18873385392467,180.00000252867625
1.8953158859809969,359.99988847248625,197.18873385392467,180.0000025077493
1.896316052675446,359.9998893954726,197.18873385392467,180.0000024869955
1.8973162193698951,359.99989031082043,197.18873385392467,180.00000246641346
1.8983163860643442,359.99989121859295,197.18873385392467,180.00000244600176
1.8993165527587932,359.99989211885287,197.18873385392467,180.000002425759
1.9003167194532422,359.9998930116624,197.18873385392467,180.00000240568372
1.9013168861476915,359.9998938970831,197.18873385392467,180.00000238577462
1.9023170528421405,359.9998947751762,197.18873385392467,180.0000023660303
1.9033172195365895,359.9998956460023,197.18873385392467,180.00000234644932
1.9043173862310385,359.9998965096216,197.18873385392467,180.00000232703044
1.9053175529254875,359.99989736609365,197.18873385392467,180.00000230777226
1.9063177196199368,359.99989821547774,197.18873385392467,180.00000228867347
1.9073178863143858,359.99989905783247,197.18873385392467,180.00000226973273
1.9083180530088348,359.9998998932159,197.18873385392467,180.0000022509487
1.9093182197032839,359.99990072168583,197.18873385392467,180.00000223232018
1.910318386397733,359.9999015432995,197.18873385392467,180.00000221384582
1.9113185530921821,359.99990235811356,197.18873385392467,180.00000219552436
1.9123187197866311,359.99990316618437,197.18873385392467,180.0000021773545
1.9133188864810802,359.99990396756766,197.18873385392467,180.000002159335
1.9143190531755294,359.9999047623188,197.18873385392467,180.00000214146465
1.9153192198699784,359.99990555049277,197.18873385392467,180.00000212374218
1.9163193865644275,359.99990633214384,197.18873385392467,180.0000021061664
1.9173195532588765,359.99990710732607,197.18873385392467,180.00000208873607
1.9183197199533257,359.999907876093,197.18873385392467,180.00000207144998
1.9193198866477748,359.99990863849774,197.18873385392467,180.00000205430695
1.9203200533422238,359.999909394593,197.18873385392467,180.00000203730576
1.9213202200366728,359.9999101444308,197.18873385392467,180.00000202044532
1.9223203867311218,359.99991088806314,197.18873385392467,180.00000200372438
1.923320553425571,359.99991162554124,197.18873385392467,180.00000198714184
1.92432072012002,359.99991235691607,197.18873385392467,180.00000197069653
1.9253208868144691,359.99991308223815,197.18873385392467,180.00000195438733
1.9263210535089181,359.9999138015575,197.18873385392467,180.00000193821307
1.9273212202033674,359.99991451492394,197.18873385392467,180.0000019221727
1.9283213868978164,359.9999152223866,197.18873385392467,180.00000190626506
1.9293215535922654,359.9999159239944,197.18873385392467,180.00000189048907
1.9303217202867144,359.9999166197959,197.18873385392467,180.00000187484366
1.9313218869811637,359.99991730983896,197.18873385392467,180.0000018593277
1.9323220536756127,359.9999179941713,197.18873385392467,180.00000184394017
1.9333222203700617,359.9999186728403,197.18873385392467,180.00000182867996
1.9343223870645108,359.99991934589264,197.18873385392467,180.00000181354608
1.93532255375896,359.99992001337483,197.18873385392467,180.00000179853743
1.936322720453409,359.9999206753331,197.18873385392467,180.00000178365298
1.937322887147858,359.99992133181314,197.18873385392467,180.0000017688917
1.938323053842307,359.9999219828602,197.18873385392467,180.00000175425262
1.939323220536756,359.9999226285193,197.18873385392467,180.00000173973467
1.9403233872312053,359.99992326883495,197.18873385392467,180.00000172533686
1.9413235539256544,359.9999239038515,197.18873385392467,180.0000017110582
1.9423237206201034,359.9999245336127,197.18873385392467,180.0000016968977
1.9433238873145524,359.9999251581621,197.18873385392467,180.00000168285442
1.9443240540090017,359.9999257775428,197.18873385392467,180.00000166892735
1.9453242207034507,359.99992639179766,197.18873385392467,180.00000165511554
1.9463243873978997,359.99992700096897,197.18873385392467,180.00000164141804
1.9473245540923487,359.9999276050989,197.18873385392467,180.00000162783388
1.948324720786798,359.9999282042291,197.18873385392467,180.00000161436216
1.949324887481247,359.99992879840096,197.18873385392467,180.0000016010019
1.950325054175696,359.9999293876556,197.18873385392467,180.00000158775222
1.951325220870145,359.9999299720336,197.18873385392467,180.0000015746122
1.9523253875645943,359.9999305515754,197.18873385392467,180.00000156158094
1.9533255542590433,359.999931126321,197.18873385392467,180.0000015486575
1.9543257209534923,359.99993169631006,197.18873385392467,180.00000153584105
1.9553258876479414,359.99993226158193,197.18873385392467,180.00000152313063
1.9563260543423904,359.9999328221757,197.18873385392467,180.0000015105254
1.9573262210368396,359.9999333781301,197.18873385392467,180.00000149802452
1.9583263877312886,359.9999339294835,197.18873385392467,180.00000148562705
1.9593265544257377,359.999934476274,197.18873385392467,180.00000147333222
1.9603267211201867,359.99993501853936,197.18873385392467,180.0000014611391
1.961326887814636,359.9999355563169,197.18873385392467,180.00000144904692
1.962327054509085,359.99993608964394,197.18873385392467,180.0000014370548
1.963327221203534,359.99993661855723,197.18873385392467,180.00000142516194
1.964327387897983,359.9999371430933,197.18873385392467,180.0000014133675
1.9653275545924322,359.9999376632884,197.18873385392467,180.0000014016707
1.9663277212868813,359.9999381791784,197.18873385392467,180.00000139007062
1.9673278879813303,359.999938690799,197.18873385392467,180.0000013785666
1.9683280546757793,359.99993919818553,197.18873385392467,180.00000136715778
1.9693282213702283,359.99993970137297,197.18873385392467,180.00000135584335
1.9703283880646776,359.99994020039605,197.18873385392467,180.0000013446226
1.9713285547591266,359.99994069528935,197.18873385392467,180.00000133349468
1.9723287214535756,359.99994118608697,197.18873385392467,180.00000132245887
1.9733288881480247,359.99994167282284,197.18873385392467,180.00000131151438
1.974329054842474,359.9999421555305,197.18873385392467,180.00000130066047
1.975329221536923,359.9999426342434,197.18873385392467,180.00000128989637
1.976329388231372,359.99994310899444,197.18873385392467,180.00000127922135
1.977329554925821,359.9999435798166,197.18873385392467,180.0000012686347
1.9783297216202702,359.9999440467422,197.18873385392467,180.00000125813565
1.9793298883147192,359.99994450980364,197.18873385392467,180.00000124772347
1.9803300550091683,359.99994496903287,197.18873385392467,180.0000012373975
1.9813302217036173,359.99994542446154,197.18873385392467,180.000001227157
1.9823303883980665,359.9999458761212,197.18873385392467,180.00000121700117
1.9833305550925155,359.9999463240429,197.18873385392467,180.00000120692945
1.9843307217869646,359.99994676825776,197.18873385392467,180.00000119694107
1.9853308884814136,359.99994720879636,197.18873385392467,180.00000118703534
1.9863310551758626,359.9999476456891,197.18873385392467,180.0000011772116
1.9873312218703119,359.9999480789661,197.18873385392467,180.00000116746915
1.9883313885647609,359.9999485086574,197.18873385392467,180.00000115780733
1.98933155525921,359.99994893479266,197.18873385392467,180.0000011482255
1.990331721953659,359.99994935740125,197.18873385392467,180.00000113872292
1.9913318886481082,359.9999497765124,197.18873385392467,180.00000112929902
1.9923320553425572,359.9999501921551,197.18873385392467,180.00000111995308
1.9933322220370062,359.99995060435793,197.18873385392467,180.00000111068454
1.9943323887314552,359.9999510131494,197.18873385392467,180.00000110149264
1.9953325554259045,359.9999514185578,197.18873385392467,180.00000109237683
1.9963327221203535,359.9999518206111,197.18873385392467,180.00000108333649
1.9973328888148025,359.9999522193371,197.18873385392467,180.00000107437094
1.9983330555092516,359.9999526147633,197.18873385392467,180.00000106547958
1.9993332222037008,359.99995300691694,197.18873385392467,180.0000010566618
2.0003333888981496,359.99995339582523,197.18873385392467,180.000001047917
2.001333555592599,359.99995378151493,197.18873385392467,180.0000010392446
2.002333722287048,359.99995416401276,197.18873385392467,180.00000103064397
2.003333888981497,359.99995454334504,197.18873385392467,180.0000010221145
2.004334055675946,359.9999549195381,197.18873385392467,180.00000101365563
2.005334222370395,359.99995529261776,197.18873385392467,180.00000100526674
2.006334389064844,359.99995566260986,197.18873385392467,180.0000009969473
2.0073345557592934,359.99995602954,197.18873385392467,180.0000009886967
2.0083347224537422,359.9999563934335,197.18873385392467,180.0000009805144
2.0093348891481915,359.9999567543154,197.18873385392467,180.0000009723998
2.0103350558426407,359.99995711221067,197.18873385392467,180.00000096435235
2.0113352225370895,359.9999574671441,197.18873385392467,180.0000009563715
2.0123353892315388,359.99995781914015,197.18873385392467,180.0000009484567
2.0133355559259876,359.99995816822315,197.18873385392467,180.0000009406074
2.014335722620437,359.99995851441713,197.18873385392467,180.00000093282304
2.015335889314886,359.9999588577461,197.18873385392467,180.00000092510314
2.016336056009335,359.99995919823374,197.18873385392467,180.0000009174471
2.017336222703784,359.99995953590354,197.18873385392467,180.00000090985444
2.018336389398233,359.9999598707788,197.18873385392467,180.00000090232462
2.019336556092682,359.9999602028827,197.18873385392467,180.0000008948571
2.0203367227871314,359.99996053223816,197.18873385392467,180.0000008874514
2.02133688948158,359.9999608588679,197.18873385392467,180.00000088010697
2.0223370561760294,359.9999611827945,197.18873385392467,180.0000008728233
2.0233372228704787,359.99996150404036,197.18873385392467,180.00000086559993
2.0243373895649275,359.9999618226276,197.18873385392467,180.00000085843635
2.0253375562593767,359.99996213857827,197.18873385392467,180.00000085133206
2.0263377229538255,359.99996245191414,197.18873385392467,180.00000084428655
2.0273378896482748,359.99996276265693,197.18873385392467,180.00000083729935
2.028338056342724,359.999963070828,197.18873385392467,180.00000083036997
2.029338223037173,359.99996337644876,197.18873385392467,180.00000082349794
2.030338389731622,359.9999636795402,197.18873385392467,180.00000081668279
2.0313385564260713,359.9999639801233,197.18873385392467,180.00000080992402
2.03233872312052,359.99996427821884,197.18873385392467,180.00000080322118
2.0333388898149694,359.99996457384736,197.18873385392467,180.00000079657383
2.034339056509418,359.99996486702935,197.18873385392467,180.00000078998153
2.0353392232038674,359.99996515778497,197.18873385392467,180.00000078344374
2.0363393898983166,359.9999654461343,197.18873385392467,180.00000077696006
2.0373395565927654,359.99996573209734,197.18873385392467,180.00000077053005
2.0383397232872147,359.99996601569376,197.18873385392467,180.00000076415324
2.0393398899816635,359.99996629694317,197.18873385392467,180.0000007578292
2.0403400566761127,359.999966575865,197.18873385392467,180.0000007515575
2.041340223370562,359.99996685247856,197.18873385392467,180.00000074533773
2.042340390065011,359.9999671268029,197.18873385392467,180.0000007391694
2.04334055675946,359.999967398857,197.18873385392467,180.00000073305213
2.0443407234539093,359.99996766865956,197.18873385392467,180.0000007269855
2.045340890148358,359.99996793622927,197.18873385392467,180.00000072096904
2.0463410568428073,359.99996820158464,197.18873385392467,180.00000071500241
2.047341223537256,359.999968464744,197.18873385392467,180.00000070908516
2.0483413902317054,359.99996872572535,197.18873385392467,180.00000070321684
2.0493415569261546,359.9999689845469,197.18873385392467,180.00000069739713
2.0503417236206034,359.99996924122655,197.18873385392467,180.00000069162556
2.0513418903150527,359.9999694957819,197.18873385392467,180.00000068590177
2.0523420570095015,359.9999697482306,197.18873385392467,180.00000068022533
2.0533422237039507,359.99996999859013,197.18873385392467,180.00000067459587
2.0543423903984,359.99997024687764,197.18873385392467,180.00000066901302
2.0553425570928487,359.99997049311037,197.18873385392467,180.00000066347636
2.056342723787298,359.9999707373053,197.18873385392467,180.0000006579855
2.0573428904817472,359.9999709794794,197.18873385392467,180.00000065254014
2.058343057176196,359.99997121964924,197.18873385392467,180.0000006471398
2.0593432238706453,359.99997145783146,197.18873385392467,180.00000064178414
2.060343390565094,359.9999716940425,197.18873385392467,180.00000063647283
2.0613435572595433,359.9999719282987,197.18873385392467,180.00000063120547
2.0623437239539926,359.9999721606162,197.18873385392467,180.0000006259817
2.0633438906484414,359.9999723910111,197.18873385392467,180.00000062080116
2.0643440573428906,359.9999726194993,197.18873385392467,180.0000006156635
2.0653442240373394,359.99997284609657,197.18873385392467,180.00000061056835
2.0663443907317887,359.99997307081856,197.18873385392467,180.00000060551537
2.067344557426238,359.99997329368074,197.18873385392467,180.00000060050422
2.0683447241206867,359.9999735146985,197.18873385392467,180.00000059553454
2.069344890815136,359.99997373388726,197.18873385392467,180.00000059060596
2.070345057509585,359.999973951262,197.18873385392467,180.0000005857182
2.071345224204034,359.9999741668378,197.18873385392467,180.00000058087087
2.0723453908984832,359.99997438062945,197.18873385392467,180.00000057606366
2.073345557592932,359.9999745926518,197.18873385392467,180.00000057129625
2.0743457242873813,359.99997480291955,197.18873385392467,180.00000056656827
2.0753458909818305,359.9999750114471,197.18873385392467,180.00000056187943
2.0763460576762793,359.9999752182489,197.18873385392467,180.00000055722938
2.0773462243707286,359.9999754233392,197.18873385392467,180.00000055261785
2.078346391065178,359.9999756267323,197.18873385392467,180.00000054804445
2.0793465577596266,359.99997582844213,197.18873385392467,180.00000054350892
2.080346724454076,359.9999760284826,197.18873385392467,180.0000005390109
2.0813468911485247,359.9999762268676,197.18873385392467,180.0000005345501
2.082347057842974,359.99997642361075,197.18873385392467,180.00000053012621
2.083347224537423,359.9999766187257,197.18873385392467,180.00000052573898
2.084347391231872,359.99997681222595,197.18873385392467,180.00000052138802
2.085347557926321,359.9999770041248,197.18873385392467,180.0000005170731
2.08634772462077,359.9999771944355,197.18873385392467,180.00000051279386
2.0873478913152193,359.9999773831712,197.18873385392467,180.00000050855004
2.0883480580096685,359.9999775703449,197.18873385392467,180.00000050434136
2.0893482247041173,359.99997775596967,197.18873385392467,180.00000050016752
2.0903483913985665,359.9999779400582,197.18873385392467,180.00000049602818
2.091348558093016,359.99997812262325,197.18873385392467,180.00000049192315
2.0923487247874646,359.99997830367744,197.18873385392467,180.00000048785205
2.093348891481914,359.99997848323324,197.18873385392467,180.00000048381466
2.0943490581763626,359.99997866130303,197.18873385392467,180.00000047981067
2.095349224870812,359.9999788378991,197.18873385392467,180.0000004758398
2.096349391565261,359.99997901303374,197.18873385392467,180.0000004719018
2.09734955825971,359.99997918671903,197.18873385392467,180.00000046799644
2.098349724954159,359.99997935896687,197.18873385392467,180.00000046412336
2.099349891648608,359.9999795297892,197.18873385392467,180.00000046028234
2.100350058343057,359.99997969919787,197.18873385392467,180.00000045647312
2.1013502250375065,359.9999798672045,197.18873385392467,180.0000004526954
2.1023503917319553,359.9999800338207,197.18873385392467,180.00000044894895
2.1033505584264045,359.9999801990581,197.18873385392467,180.0000004452335
2.1043507251208537,359.99998036292794,197.18873385392467,180.00000044154882
2.1053508918153025,359.99998052544163,197.18873385392467,180.0000004378946
2.106351058509752,359.99998068661046,197.18873385392467,180.00000043427067
2.1073512252042006,359.99998084644534,197.18873385392467,180.0000004306767
2.10835139189865,359.99998100495753,197.18873385392467,180.00000042711247
2.109351558593099,359.9999811621579,197.18873385392467,180.00000042357775
2.110351725287548,359.9999813180573,197.18873385392467,180.00000042007227
2.111351891981997,359.9999814726665,197.18873385392467,180.0000004165958
2.1123520586764464,359.99998162599616,197.18873385392467,180.00000041314811
2.113352225370895,359.9999817780569,197.18873385392467,180.00000040972898
2.1143523920653444,359.9999819288592,197.18873385392467,180.00000040633813
2.1153525587597932,359.9999820784135,197.18873385392467,180.00000040297533
2.1163527254542425,359.9999822267301,197.18873385392467,180.00000039964036
2.1173528921486917,359.9999823738192,197.18873385392467,180.00000039633298
2.1183530588431405,359.99998251969106,197.18873385392467,180.000000393053
2.1193532255375898,359.9999826643557,197.18873385392467,180.00000038980016
2.1203533922320386,359.9999828078231,197.18873385392467,180.00000038657424
2.121353558926488,359.9999829501032,197.18873385392467,180.000000383375
2.122353725620937,359.99998309120576,197.18873385392467,180.00000038020224
2.123353892315386,359.99998323114056,197.18873385392467,180.00000037705573
2.124354059009835,359.99998336991735,197.18873385392467,180.00000037393528
2.1253542257042843,359.9999835075456,197.18873385392467,180.00000037084064
2.126354392398733,359.99998364403484,197.18873385392467,180.0000003677716
2.1273545590931824,359.9999837793946,197.18873385392467,180.00000036472798
2.128354725787631,359.9999839136341,197.18873385392467,180.0000003617095
2.1293548924820804,359.9999840467626,197.18873385392467,180.00000035871605
2.1303550591765297,359.9999841787895,197.18873385392467,180.00000035574737
2.1313552258709785,359.99998430972363,197.18873385392467,180.00000035280326
2.1323553925654277,359.9999844395742,197.18873385392467,180.00000034988352
2.1333555592598765,359.9999845683501,197.18873385392467,180.00000034698792
2.1343557259543258,359.9999846960603,197.18873385392467,180.0000003441163
2.135355892648775,359.9999848227136,197.18873385392467,180.00000034126842
2.136356059343224,359.99998494831874,197.18873385392467,180.00000033844415
2.137356226037673,359.9999850728844,197.18873385392467,180.00000033564322
2.1383563927321223,359.9999851964191,197.18873385392467,180.00000033286548
2.139356559426571,359.99998531893146,197.18873385392467,180.00000033011074
2.1403567261210203,359.99998544043,197.18873385392467,180.00000032737879
2.141356892815469,359.999985560923,197.18873385392467,180.00000032466946
2.1423570595099184,359.99998568041883,197.18873385392467,180.00000032198253
2.1433572262043676,359.9999857989257,197.18873385392467,180.00000031931785
2.1443573928988164,359.9999859164518,197.18873385392467,180.0000003166752
2.1453575595932657,359.9999860330053,197.18873385392467,180.00000031405446
2.1463577262877145,359.99998614859425,197.18873385392467,180.00000031145538
2.1473578929821637,359.99998626322656,197.18873385392467,180.00000030887782
2.148358059676613,359.9999863769102,197.18873385392467,180.0000003063216
2.1493582263710618,359.99998648965305,197.18873385392467,180.0000003037865
2.150358393065511,359.9999866014628,197.18873385392467,180.00000030127242
2.1513585597599603,359.9999867123473,197.18873385392467,180.00000029877913
2.152358726454409,359.9999868223141,197.18873385392467,180.00000029630644
2.1533588931488583,359.99998693137076,197.18873385392467,180.00000029385427
2.154359059843307,359.99998703952497,197.18873385392467,180.00000029142237
2.1553592265377564,359.99998714678406,197.18873385392467,180.0000002890106
2.1563593932322056,359.9999872531555,197.18873385392467,180.00000028661879
2.1573595599266544,359.9999873586466,197.18873385392467,180.0000002842468
2.1583597266211036,359.9999874632647,197.18873385392467,180.0000002818944
2.159359893315553,359.999987567017,197.18873385392467,180.00000027956148
2.1603600600100017,359.99998766991064,197.18873385392467,180.00000027724786
2.161360226704451,359.99998777195276,197.18873385392467,180.00000027495338
2.1623603933988997,359.99998787315036,197.18873385392467,180.0000002726779
2.163360560093349,359.9999879735105,197.18873385392467,180.00000027042125
2.1643607267877982,359.9999880730401,197.18873385392467,180.0000002681833
2.165360893482247,359.999988171746,197.18873385392467,180.00000026596385
2.1663610601766963,359.99998826963497,197.18873385392467,180.0000002637628
2.167361226871145,359.9999883667138,197.18873385392467,180.00000026157994
2.1683613935655943,359.99998846298934,197.18873385392467,180.00000025941515
2.1693615602600436,359.99998855846803,197.18873385392467,180.00000025726828
2.1703617269544924,359.99998865315655,197.18873385392467,180.00000025513916
2.1713618936489416,359.99998874706154,197.18873385392467,180.00000025302765
2.172362060343391,359.99998884018925,197.18873385392467,180.00000025093362
2.1733622270378397,359.99998893254633,197.18873385392467,180.00000024885694
2.174362393732289,359.99998902413904,197.18873385392467,180.00000024679744
2.1753625604267377,359.99998911497374,197.18873385392467,180.00000024475497
2.176362727121187,359.9999892050567,197.18873385392467,180.0000002427294
2.177362893815636,359.99998929439414,197.18873385392467,180.00000024072062
2.178363060510085,359.9999893829923,197.18873385392467,180.00000023872846
2.1793632272045342,359.9999894708572,197.18873385392467,180.00000023675278
2.180363393898983,359.9999895579949,197.18873385392467,180.00000023479345
2.1813635605934323,359.9999896444115,197.18873385392467,180.00000023285034
2.1823637272878815,359.99998973011293,197.18873385392467,180.00000023092332
2.1833638939823303,359.9999898151051,197.18873385392467,180.00000022901222
2.1843640606767796,359.9999898993939,197.18873385392467,180.00000022711694
2.185364227371229,359.9999899829851,197.18873385392467,180.00000022523736
2.1863643940656776,359.99999006588456,197.18873385392467,180.00000022337332
2.187364560760127,359.99999014809794,197.18873385392467,180.00000022152472
2.1883647274545757,359.9999902296309,197.18873385392467,180.00000021969143
2.189364894149025,359.9999903104892,197.18873385392467,180.0000002178733
2.190365060843474,359.99999039067825,197.18873385392467,180.0000002160702
2.191365227537923,359.99999047020367,197.18873385392467,180.00000021428204
2.192365394232372,359.9999905490709,197.18873385392467,180.00000021250867
2.193365560926821,359.9999906272855,197.18873385392467,180.00000021074996
2.1943657276212702,359.9999907048528,197.18873385392467,180.00000020900583
2.1953658943157195,359.99999078177814,197.18873385392467,180.00000020727612
2.1963660610101683,359.9999908580669,197.18873385392467,180.00000020556072
2.1973662277046175,359.99999093372423,197.18873385392467,180.00000020385954
2.198366394399067,359.9999910087555,197.18873385392467,180.0000002021724
2.1993665610935156,359.99999108316587,197.18873385392467,180.00000020049927
2.200366727787965,359.99999115696033,197.18873385392467,180.00000019883996
2.2013668944824136,359.99999123014413,197.18873385392467,180.0000001971944
2.202367061176863,359.9999913027222,197.18873385392467,180.00000019556242
2.203367227871312,359.99999137469973,197.18873385392467,180.000000193944
2.204367394565761,359.9999914460815,197.18873385392467,180.00000019233892
2.20536756126021,359.9999915168725,197.18873385392467,180.00000019074716
2.2063677279546594,359.9999915870777,197.18873385392467,180.00000018916856
2.207367894649108,359.99999165670187,197.18873385392467,180.000000187603
2.2083680613435575,359.99999172574985,197.18873385392467,180.00000018605044
2.2093682280380063,359.9999917942264,197.18873385392467,180.00000018451072
2.2103683947324555,359.9999918621362,197.18873385392467,180.0000001829837
2.2113685614269047,359.99999192948405,197.18873385392467,180.00000018146937
2.2123687281213535,359.99999199627456,197.18873385392467,180.00000017996757
2.213368894815803,359.99999206251226,197.18873385392467,180.00000017847816
2.2143690615102516,359.9999921282018,197.18873385392467,180.0000001770011
2.215369228204701,359.99999219334774,197.18873385392467,180.0000001755363
2.21636939489915,359.9999922579545,197.18873385392467,180.00000017408357
2.217369561593599,359.99999232202657,197.18873385392467,180.00000017264287
2.218369728288048,359.9999923855684,197.18873385392467,180.0000001712141
2.2193698949824974,359.9999924485844,197.18873385392467,180.00000016979718
2.220370061676946,359.9999925110789,197.18873385392467,180.00000016839195
2.2213702283713954,359.9999925730562,197.18873385392467,180.00000016699835
2.222370395065844,359.99999263452054,197.18873385392467,180.00000016561629
2.2233705617602935,359.99999269547624,197.18873385392467,180.00000016424568
2.2243707284547427,359.9999927559275,197.18873385392467,180.0000001628864
2.2253708951491915,359.99999281587844,197.18873385392467,180.0000001615384
2.2263710618436408,359.99999287533325,197.18873385392467,180.00000016020152
2.2273712285380896,359.999992934296,197.18873385392467,180.0000001588757
2.228371395232539,359.9999929927708,197.18873385392467,180.00000015756086
2.229371561926988,359.99999305076165,197.18873385392467,180.0000001562569
2.230371728621437,359.9999931082726,197.18873385392467,180.00000015496374
2.231371895315886,359.99999316530756,197.18873385392467,180.0000001536813
2.2323720620103353,359.99999322187057,197.18873385392467,180.00000015240946
2.233372228704784,359.9999932779654,197.18873385392467,180.00000015114813
2.2343723953992334,359.9999933335961,197.18873385392467,180.00000014989726
2.235372562093682,359.9999933887663,197.18873385392467,180.00000014865674
2.2363727287881314,359.99999344348,197.18873385392467,180.00000014742648
2.2373728954825807,359.9999934977409,197.18873385392467,180.0000001462064
2.2383730621770295,359.9999935515527,197.18873385392467,180.0000001449964
2.2393732288714787,359.9999936049191,197.18873385392467,180.00000014379643
2.2403733955659275,359.9999936578439,197.18873385392467,180.0000001426064
2.2413735622603768,359.99999371033067,197.18873385392467,180.0000001414262
2.242373728954826,359.9999937623831,197.18873385392467,180.0000001402558
2.243373895649275,359.9999938140048,197.18873385392467,180.00000013909505
2.244374062343724,359.99999386519926,197.18873385392467,180.0000001379439
2.2453742290381733,359.99999391597004,197.18873385392467,180.0000001368023
2.246374395732622,359.9999939663206,197.18873385392467,180.00000013567015
2.2473745624270713,359.9999940162545,197.18873385392467,180.00000013454735
2.24837472912152,359.9999940657752,197.18873385392467,180.00000013343387
2.2493748958159694,359.99999411488596,197.18873385392467,180.00000013232957
2.2503750625104186,359.9999941635904,197.18873385392467,180.00000013123443
2.2513752292048674,359.9999942118917,197.18873385392467,180.00000013014835
2.2523753958993167,359.99999425979325,197.18873385392467,180.00000012907125
2.253375562593766,359.99999430729844,197.18873385392467,180.00000012800308
2.2543757292882147,359.99999435441043,197.18873385392467,180.00000012694375
2.255375895982664,359.9999944011326,197.18873385392467,180.00000012589317
2.2563760626771128,359.99999444746805,197.18873385392467,180.0000001248513
2.257376229371562,359.99999449342005,197.18873385392467,180.00000012381804
2.2583763960660113,359.99999453899176,197.18873385392467,180.00000012279335
2.25937656276046,359.9999945841863,197.18873385392467,180.00000012177713
2.2603767294549093,359.99999462900684,197.18873385392467,180.00000012076933
2.261376896149358,359.9999946734564,197.18873385392467,180.00000011976985
2.2623770628438074,359.99999471753813,197.18873385392467,180.00000011877864
2.2633772295382566,359.99999476125504,197.18873385392467,180.00000011779565
2.2643773962327054,359.9999948046102,197.18873385392467,180.00000011682081
2.2653775629271546,359.9999948476065,197.18873385392467,180.00000011585402
2.266377729621604,359.999994890247,197.18873385392467,180.00000011489522
2.2673778963160527,359.9999949325346,197.18873385392467,180.00000011394437
2.268378063010502,359.9999949744722,197.18873385392467,180.00000011300136
2.2693782297049507,359.99999501606277,197.18873385392467,180.00000011206618
2.2703783963994,359.99999505730915,197.18873385392467,180.00000011113875
2.2713785630938492,359.9999950982142,197.18873385392467,180.00000011021896
2.272378729788298,359.9999951387807,197.18873385392467,180.0000001093068
2.2733788964827473,359.9999951790115,197.18873385392467,180.00000010840222
2.274379063177196,359.99999521890936,197.18873385392467,180.0000001075051
2.2753792298716453,359.999995258477,197.18873385392467,180.0000001066154
2.2763793965660946,359.9999952977172,197.18873385392467,180.00000010573305
2.2773795632605434,359.9999953366326,197.18873385392467,180.00000010485803
2.2783797299549926,359.99999537522604,197.18873385392467,180.00000010399023
2.279379896649442,359.9999954135,197.18873385392467,180.00000010312965
2.2803800633438907,359.99999545145727,197.18873385392467,180.00000010227615
2.28138023003834,359.99999548910034,197.18873385392467,180.00000010142972
2.2823803967327887,359.9999955264319,197.18873385392467,180.0000001005903
2.283380563427238,359.99999556345455,197.18873385392467,180.00000009975784
2.284380730121687,359.9999956001708,197.18873385392467,180.00000009893228
2.285380896816136,359.99999563658315,197.18873385392467,180.00000009811353
2.2863810635105852,359.9999956726942,197.18873385392467,180.00000009730155
2.2873812302050345,359.9999957085064,197.18873385392467,180.00000009649628
2.2883813968994833,359.99999574402216,197.18873385392467,180.0000000956977
2.2893815635939325,359.99999577924405,197.18873385392467,180.0000000949057
2.2903817302883813,359.99999581417444,197.18873385392467,180.00000009412028
2.2913818969828306,359.99999584881573,197.18873385392467,180.00000009334133
2.29238206367728,359.99999588317036,197.18873385392467,180.00000009256888
2.2933822303717286,359.99999591724065,197.18873385392467,180.0000000918028
2.294382397066178,359.999995951029,197.18873385392467,180.00000009104303
2.2953825637606267,359.99999598453775,197.18873385392467,180.00000009028957
2.296382730455076,359.99999601776915,197.18873385392467,180.00000008954237
2.297382897149525,359.99999605072554,197.18873385392467,180.00000008880133
2.298383063843974,359.9999960834092,197.18873385392467,180.0000000880664
2.299383230538423,359.99999611582234,197.18873385392467,180.00000008733758
2.3003833972328724,359.9999961479673,197.18873385392467,180.00000008661476
2.3013835639273212,359.99999617984616,197.18873385392467,180.00000008589797
2.3023837306217705,359.9999962114612,197.18873385392467,180.00000008518705
2.3033838973162193,359.99999624281463,197.18873385392467,180.00000008448208
2.3043840640106685,359.9999962739086,197.18873385392467,180.0000000837829
2.3053842307051178,359.9999963047452,197.18873385392467,180.00000008308953
2.3063843973995666,359.9999963353266,197.18873385392467,180.0000000824019
2.307384564094016,359.99999636565497,197.18873385392467,180.00000008171995
2.3083847307884646,359.99999639573235,197.18873385392467,180.00000008104362
2.309384897482914,359.99999642556077,197.18873385392467,180.00000008037293
2.310385064177363,359.9999964551423,197.18873385392467,180.00000007970777
2.311385230871812,359.9999964844791,197.18873385392467,180.00000007904814
2.312385397566261,359.9999965135731,197.18873385392467,180.00000007839392
2.3133855642607104,359.99999654242623,197.18873385392467,180.00000007774514
2.314385730955159,359.99999657104064,197.18873385392467,180.00000007710173
2.3153858976496084,359.9999965994182,197.18873385392467,180.00000007646364
2.3163860643440572,359.99999662756096,197.18873385392467,180.00000007583083
2.3173862310385065,359.99999665547085,197.18873385392467,180.00000007520327
2.3183863977329557,359.9999966831497,197.18873385392467,180.0000000745809
2.3193865644274045,359.99999671059953,197.18873385392467,180.00000007396366
2.320386731121854,359.99999673782213,197.18873385392467,180.00000007335154
2.3213868978163026,359.99999676481946,197.18873385392467,180.0000000727445
2.322387064510752,359.9999967915934,197.18873385392467,180.00000007214248
2.323387231205201,359.9999968181457,197.18873385392467,180.00000007154543
2.32438739789965,359.99999684447835,197.18873385392467,180.00000007095335
2.325387564594099,359.99999687059295,197.18873385392467,180.00000007036613
2.3263877312885484,359.9999968964915,197.18873385392467,180.0000000697838
2.327387897982997,359.9999969221757,197.18873385392467,180.00000006920627
2.3283880646774464,359.9999969476474,197.18873385392467,180.0000000686335
2.329388231371895,359.9999969729082,197.18873385392467,180.00000006806553
2.3303883980663445,359.99999699795995,197.18873385392467,180.00000006750224
2.3313885647607937,359.99999702280445,197.18873385392467,180.0000000669436
2.3323887314552425,359.9999970474433,197.18873385392467,180.00000006638956
2.3333888981496917,359.9999970718783,197.18873385392467,180.00000006584014
2.334389064844141,359.999997096111,197.18873385392467,180.00000006529527
2.33538923153859,359.9999971201432,197.18873385392467,180.0000000647549
2.336389398233039,359.99999714397643,197.18873385392467,180.000000064219
2.337389564927488,359.9999971676125,197.18873385392467,180.00000006368754
2.338389731621937,359.99999719105296,197.18873385392467,180.00000006316046
2.3393898983163863,359.99999721429936,197.18873385392467,180.00000006263775
2.340390065010835,359.99999723735345,197.18873385392467,180.00000006211937
2.3413902317052844,359.9999972602168,197.18873385392467,180.00000006160528
2.342390398399733,359.99999728289083,197.18873385392467,180.00000006109545
2.3433905650941824,359.99999730537724,197.18873385392467,180.00000006058985
2.3443907317886317,359.99999732767753,197.18873385392467,180.0000000600884
2.3453908984830805,359.9999973497933,197.18873385392467,180.00000005959112
2.3463910651775297,359.99999737172607,197.18873385392467,180.00000005909797
2.347391231871979,359.9999973934773,197.18873385392467,180.00000005860886
2.3483913985664278,359.99999741504854,197.18873385392467,180.00000005812382
2.349391565260877,359.9999974364413,197.18873385392467,180.0000000576428
2.350391731955326,359.99999745765695,197.18873385392467,180.00000005716575
2.351391898649775,359.999997478697,197.18873385392467,180.00000005669267
2.3523920653442243,359.999997499563,197.18873385392467,180.0000000562235
2.353392232038673,359.9999975202562,197.18873385392467,180.0000000557582
2.3543923987331223,359.9999975407782,197.18873385392467,180.00000005529677
2.355392565427571,359.99999756113044,197.18873385392467,180.00000005483915
2.3563927321220204,359.9999975813142,197.18873385392467,180.00000005438528
2.3573928988164696,359.9999976013309,197.18873385392467,180.0000000539352
2.3583930655109184,359.99999762118193,197.18873385392467,180.00000005348883
2.3593932322053677,359.9999976408687,197.18873385392467,180.0000000530462
2.360393398899817,359.9999976603925,197.18873385392467,180.0000000526072
2.3613935655942657,359.99999767975476,197.18873385392467,180.0000000521718
2.362393732288715,359.9999976989568,197.18873385392467,180.00000005174005
2.3633938989831638,359.999997718,197.18873385392467,180.00000005131184
2.364394065677613,359.99999773688546,197.18873385392467,180.0000000508872
2.3653942323720623,359.99999775561474,197.18873385392467,180.00000005046607
2.366394399066511,359.99999777418896,197.18873385392467,180.0000000500484
2.3673945657609603,359.99999779260946,197.18873385392467,180.00000004963422
2.3683947324554095,359.9999978108775,197.18873385392467,180.00000004922347
2.3693948991498583,359.99999782899437,197.18873385392467,180.0000000488161
2.3703950658443076,359.9999978469613,197.18873385392467,180.0000000484121
2.3713952325387564,359.9999978647796,197.18873385392467,180.00000004801143
2.3723953992332056,359.9999978824504,197.18873385392467,180.0000000476141
2.373395565927655,359.9999978999749,197.18873385392467,180.00000004722003
2.3743957326221037,359.99999791735445,197.18873385392467,180.00000004682926
2.375395899316553,359.9999979345901,197.18873385392467,180.00000004644173
2.3763960660110017,359.9999979516832,197.18873385392467,180.00000004605738
2.377396232705451,359.9999979686348,197.18873385392467,180.00000004567622
2.3783963993999,359.9999979854461,197.18873385392467,180.00000004529824
2.379396566094349,359.9999980021182,197.18873385392467,180.00000004492335
2.3803967327887983,359.99999801865243,197.18873385392467,180.00000004455157
2.3813968994832475,359.9999980350498,197.18873385392467,180.00000004418285
2.3823970661776963,359.9999980513114,197.18873385392467,180.0000000438172
2.3833972328721456,359.9999980674385,197.18873385392467,180.00000004345458
2.3843973995665944,359.99999808343216,197.18873385392467,180.00000004309493
2.3853975662610436,359.9999980992934,197.18873385392467,180.0000000427383
2.386397732955493,359.9999981150234,197.18873385392467,180.00000004238458
2.3873978996499416,359.9999981306232,197.18873385392467,180.0000000420338
2.388398066344391,359.99999814609396,197.18873385392467,180.00000004168592
2.3893982330388397,359.9999981614367,197.18873385392467,180.00000004134094
2.390398399733289,359.9999981766523,197.18873385392467,180.00000004099883
2.391398566427738,359.9999981917421,197.18873385392467,180.00000004065953
2.392398733122187,359.999998206707,197.18873385392467,180.00000004032302
2.3933988998166362,359.999998221548,197.18873385392467,180.00000003998932
2.3943990665110855,359.99999823626626,197.18873385392467,180.00000003965837
2.3953992332055343,359.99999825086263,197.18873385392467,180.00000003933016
2.3963993998999835,359.99999826533826,197.18873385392467,180.00000003900468
2.3973995665944323,359.99999827969407,197.18873385392467,180.0000000386819
2.3983997332888816,359.99999829393107,197.18873385392467,180.00000003836178
2.399399899983331,359.99999830805024,197.18873385392467,180.0000000380443
2.4004000666777796,359.9999983220526,197.18873385392467,180.00000003772945
2.401400233372229,359.99999833593904,197.18873385392467,180.00000003741718
2.4024004000666777,359.99999834971055,197.18873385392467,180.00000003710753
2.403400566761127,359.99999836336815,197.18873385392467,180.00000003680043
2.404400733455576,359.9999983769127,197.18873385392467,180.0000000364959
2.405400900150025,359.99999839034507,197.18873385392467,180.00000003619388
2.406401066844474,359.9999984036664,197.18873385392467,180.00000003589435
2.4074012335389234,359.9999984168774,197.18873385392467,180.00000003559728
2.4084014002333722,359.99999842997914,197.18873385392467,180.0000000353027
2.4094015669278215,359.99999844297236,197.18873385392467,180.00000003501052
2.4104017336222703,359.9999984558581,197.18873385392467,180.00000003472078
2.4114019003167195,359.9999984686372,197.18873385392467,180.00000003443344
2.4124020670111688,359.99999848131057,197.18873385392467,180.00000003414846
2.4134022337056176,359.99999849387905,197.18873385392467,180.00000003386586
2.414402400400067,359.99999850634356,197.18873385392467,180.0000000335856
2.415402567094516,359.99999851870484,197.18873385392467,180.00000003330763
2.416402733788965,359.9999985309638,197.18873385392467,180.000000033032
2.417402900483414,359.99999854312136,197.18873385392467,180.0000000327586
2.418403067177863,359.9999985551783,197.18873385392467,180.00000003248752
2.419403233872312,359.9999985671355,197.18873385392467,180.00000003221862
2.4204034005667614,359.99999857899365,197.18873385392467,180.000000031952
2.42140356726121,359.9999985907537,197.18873385392467,180.0000000316876
2.4224037339556594,359.99999860241644,197.18873385392467,180.00000003142534
2.4234039006501082,359.99999861398265,197.18873385392467,180.00000003116529
2.4244040673445575,359.99999862545314,197.18873385392467,180.00000003090736
2.4254042340390067,359.9999986368287,197.18873385392467,180.00000003065156
2.4264044007334555,359.99999864811014,197.18873385392467,180.00000003039787
2.427404567427905,359.99999865929817,197.18873385392467,180.0000000301463
2.428404734122354,359.99999867039367,197.18873385392467,180.00000002989682
2.429404900816803,359.9999986813973,197.18873385392467,180.0000000296494
2.430405067511252,359.9999986923099,197.18873385392467,180.00000002940402
2.431405234205701,359.9999987031321,197.18873385392467,180.00000002916067
2.43240540090015,359.99999871386484,197.18873385392467,180.00000002891935
2.4334055675945994,359.9999987245087,197.18873385392467,180.00000002868
2.434405734289048,359.9999987350645,197.18873385392467,180.00000002844266
2.4354059009834974,359.99999874553293,197.18873385392467,180.00000002820727
2.436406067677946,359.99999875591476,197.18873385392467,180.00000002797384
2.4374062343723955,359.99999876621064,197.18873385392467,180.00000002774232
2.4384064010668447,359.99999877642125,197.18873385392467,180.00000002751273
2.4394065677612935,359.99999878654745,197.18873385392467,180.00000002728504
2.4404067344557427,359.9999987965898,197.18873385392467,180.00000002705923
2.441406901150192,359.99999880654906,197.18873385392467,180.00000002683527
2.442407067844641,359.9999988164259,197.18873385392467,180.0000000266132
2.44340723453909,359.999998826221,197.18873385392467,180.00000002639297
2.444407401233539,359.999998835935,197.18873385392467,180.00000002617455
2.445407567927988,359.9999988455686,197.18873385392467,180.00000002595792
2.4464077346224373,359.99999885512256,197.18873385392467,180.0000000257431
2.447407901316886,359.9999988645974,197.18873385392467,180.00000002553006
2.4484080680113354,359.99999887399383,197.18873385392467,180.00000002531877
2.449408234705784,359.9999988833125,197.18873385392467,180.00000002510924
2.4504084014002334,359.99999889255406,197.18873385392467,180.00000002490142
2.4514085680946827,359.99999890171915,197.18873385392467,180.00000002469534
2.4524087347891315,359.99999891080836,197.18873385392467,180.000000024491
2.4534089014835807,359.99999891982236,197.18873385392467,180.00000002428828
2.45440906817803,359.9999989287617,197.18873385392467,180.00000002408729
2.4554092348724788,359.99999893762714,197.18873385392467,180.00000002388796
2.456409401566928,359.9999989464192,197.18873385392467,180.00000002369023
2.457409568261377,359.99999895513855,197.18873385392467,180.0000000234942
2.458409734955826,359.9999989637857,197.18873385392467,180.00000002329975
2.4594099016502753,359.99999897236125,197.18873385392467,180.00000002310694
2.460410068344724,359.9999989808658,197.18873385392467,180.00000002291569
2.4614102350391733,359.9999989893001,197.18873385392467,180.00000002272606
2.4624104017336226,359.9999989976645,197.18873385392467,180.00000002253796
2.4634105684280714,359.9999990059597,197.18873385392467,180.00000002235143
2.4644107351225206,359.9999990141862,197.18873385392467,180.00000002216646
2.4654109018169694,359.99999902234464,197.18873385392467,180.000000021983
2.4664110685114187,359.99999903043556,197.18873385392467,180.00000002180107
2.467411235205868,359.9999990384596,197.18873385392467,180.00000002162065
2.4684114019003167,359.9999990464172,197.18873385392467,180.00000002144174
2.469411568594766,359.99999905430894,197.18873385392467,180.00000002126427
2.4704117352892148,359.9999990621353,197.18873385392467,180.0000000210883
2.471411901983664,359.99999906989694,197.18873385392467,180.00000002091377
2.4724120686781133,359.99999907759434,197.18873385392467,180.0000000207407
2.473412235372562,359.99999908522807,197.18873385392467,180.00000002056905
2.4744124020670113,359.9999990927986,197.18873385392467,180.00000002039883
2.4754125687614605,359.99999910030647,197.18873385392467,180.00000002023
2.4764127354559093,359.9999991077522,197.18873385392467,180.00000002006257
2.4774129021503586,359.99999911513635,197.18873385392467,180.00000001989656
2.4784130688448074,359.99999912245937,197.18873385392467,180.0000000197319
2.4794132355392566,359.99999912972174,197.18873385392467,180.0000000195686
2.480413402233706,359.9999991369241,197.18873385392467,180.00000001940666
2.4814135689281547,359.9999991440668,197.18873385392467,180.00000001924604
2.482413735622604,359.99999915115035,197.18873385392467,180.00000001908677
2.4834139023170527,359.99999915817534,197.18873385392467,180.0000000189288
2.484414069011502,359.9999991651421,197.18873385392467,180.00000001877214
2.485414235705951,359.99999917205133,197.18873385392467,180.0000000186168
2.4864144024004,359.9999991789033,197.18873385392467,180.0000000184627
2.4874145690948493,359.99999918569864,197.18873385392467,180.00000001830992
2.4884147357892985,359.99999919243766,197.18873385392467,180.0000000181584
2.4894149024837473,359.99999919912096,197.18873385392467,180.0000000180081
2.4904150691781965,359.9999992057489,197.18873385392467,180.0000000178591
2.4914152358726454,359.99999921232205,197.18873385392467,180.0000000177113
2.4924154025670946,359.99999921884074,197.18873385392467,180.0000000175647
2.493415569261544,359.99999922530554,197.18873385392467,180.00000001741932
2.4944157359559926,359.9999992317168,197.18873385392467,180.00000001727517
2.495415902650442,359.999999238075,197.18873385392467,180.0000000171322
2.4964160693448907,359.9999992443806,197.18873385392467,180.0000000169904
2.49741623603934,359.999999250634,197.18873385392467,180.0000000168498
2.498416402733789,359.9999992568357,197.18873385392467,180.00000001671037
2.499416569428238,359.99999926298597,197.18873385392467,180.0000000165721
2.5004167361226872,359.99999926908544,197.18873385392467,180.00000001643494
2.5014169028171365,359.99999927513437,197.18873385392467,180.0000000162989
2.5024170695115853,359.9999992811333,197.18873385392467,180.00000001616402
2.5034172362060345,359.9999992870825,197.18873385392467,180.00000001603027
2.5044174029004833,359.9999992929825,197.18873385392467,180.0000000158976
2.5054175695949326,359.99999929883376,197.18873385392467,180.00000001576603
2.506417736289382,359.9999993046365,197.18873385392467,180.00000001563555
2.5074179029838306,359.9999993103912,197.18873385392467,180.00000001550615
2.50841806967828,359.9999993160983,197.18873385392467,180.00000001537782
2.509418236372729,359.99999932175814,197.18873385392467,180.00000001525055
2.510418403067178,359.9999993273712,197.18873385392467,180.00000001512436
2.511418569761627,359.99999933293776,197.18873385392467,180.0000000149992
2.512418736456076,359.99999933845834,197.18873385392467,180.00000001487504
2.513418903150525,359.99999934393315,197.18873385392467,180.00000001475195
2.5144190698449744,359.99999934936267,197.18873385392467,180.00000001462988
2.5154192365394232,359.9999993547473,197.18873385392467,180.0000000145088
2.5164194032338725,359.9999993600873,197.18873385392467,180.00000001438872
2.5174195699283213,359.99999936538313,197.18873385392467,180.00000001426966
2.5184197366227705,359.9999993706351,197.18873385392467,180.00000001415157
2.5194199033172198,359.9999993758437,197.18873385392467,180.00000001403444
2.5204200700116686,359.9999993810091,197.18873385392467,180.00000001391828
2.521420236706118,359.9999993861318,197.18873385392467,180.0000000138031
2.522420403400567,359.99999939121204,197.18873385392467,180.0000000136889
2.523420570095016,359.9999993962503,197.18873385392467,180.0000000135756
2.524420736789465,359.99999940124684,197.18873385392467,180.00000001346325
2.525420903483914,359.99999940620205,197.18873385392467,180.0000000133518
2.526421070178363,359.9999994111162,197.18873385392467,180.0000000132413
2.5274212368728124,359.99999941598975,197.18873385392467,180.0000000131317
2.528421403567261,359.9999994208229,197.18873385392467,180.00000001302305
2.5294215702617104,359.9999994256161,197.18873385392467,180.00000001291525
2.5304217369561592,359.9999994303696,197.18873385392467,180.00000001280839
2.5314219036506085,359.9999994350838,197.18873385392467,180.00000001270237
2.5324220703450577,359.999999439759,197.18873385392467,180.00000001259727
2.5334222370395065,359.9999994443955,197.18873385392467,180.00000001249302
2.5344224037339558,359.9999994489936,197.18873385392467,180.00000001238962
2.535422570428405,359.99999945355364,197.18873385392467,180.0000000122871
2.536422737122854,359.99999945807593,197.18873385392467,180.0000000121854
2.537422903817303,359.9999994625608,197.18873385392467,180.00000001208457
2.538423070511752,359.9999994670086,197.18873385392467,180.00000001198455
2.539423237206201,359.9999994714195,197.18873385392467,180.00000001188536
2.5404234039006504,359.999999475794,197.18873385392467,180.000000011787
2.541423570595099,359.99999948013226,197.18873385392467,180.00000001168945
2.5424237372895484,359.9999994844346,197.18873385392467,180.0000000115927
2.5434239039839976,359.99999948870135,197.18873385392467,180.00000001149675
2.5444240706784464,359.99999949293283,197.18873385392467,180.00000001140162
2.5454242373728957,359.99999949712924,197.18873385392467,180.00000001130726
2.5464244040673445,359.9999995012909,197.18873385392467,180.0000000112137
2.5474245707617937,359.99999950541815,197.18873385392467,180.0000000111209
2.548424737456243,359.99999950951127,197.18873385392467,180.00000001102887
2.549424904150692,359.99999951357046,197.18873385392467,180.00000001093758
2.550425070845141,359.99999951759605,197.18873385392467,180.0000000108471
2.55142523753959,359.99999952158834,197.18873385392467,180.00000001075733
2.552425404234039,359.9999995255476,197.18873385392467,180.0000000106683
2.5534255709284883,359.9999995294741,197.18873385392467,180.00000001058
2.554425737622937,359.9999995333681,197.18873385392467,180.00000001049244
2.5554259043173864,359.9999995372299,197.18873385392467,180.0000000104056
2.5564260710118356,359.99999954105976,197.18873385392467,180.0000000103195
2.5574262377062844,359.99999954485787,197.18873385392467,180.00000001023412
2.5584264044007337,359.9999995486246,197.18873385392467,180.0000000101494
2.5594265710951825,359.99999955236007,197.18873385392467,180.0000000100654
2.5604267377896317,359.99999955606467,197.18873385392467,180.0000000099821
2.561426904484081,359.9999995597386,197.18873385392467,180.00000000989948
2.5624270711785297,359.9999995633822,197.18873385392467,180.00000000981757
2.563427237872979,359.99999956699554,197.18873385392467,180.0000000097363
2.564427404567428,359.999999570579,197.18873385392467,180.00000000965574
2.565427571261877,359.99999957413286,197.18873385392467,180.0000000095758
2.5664277379563263,359.99999957765726,197.18873385392467,180.00000000949655
2.567427904650775,359.9999995811525,197.18873385392467,180.00000000941796
2.5684280713452243,359.9999995846188,197.18873385392467,180.00000000934003
2.5694282380396736,359.9999995880565,197.18873385392467,180.00000000926272
2.5704284047341224,359.99999959146567,197.18873385392467,180.00000000918604
2.5714285714285716,359.99999959484666,197.18873385392467,180.00000000911
2.5724287381230204,359.9999995981997,197.18873385392467,180.00000000903464
2.5734289048174697,359.9999996015249,197.18873385392467,180.00000000895986
2.574429071511919,359.9999996048226,197.18873385392467,180.0000000088857
2.5754292382063677,359.999999608093,197.18873385392467,180.00000000881218
2.576429404900817,359.99999961133636,197.18873385392467,180.00000000873925
2.5774295715952658,359.9999996145529,197.18873385392467,180.00000000866694
2.578429738289715,359.99999961774284,197.18873385392467,180.0000000085952
2.5794299049841642,359.99999962090635,197.18873385392467,180.00000000852407
2.580430071678613,359.99999962404365,197.18873385392467,180.00000000845353
2.5814302383730623,359.99999962715503,197.18873385392467,180.00000000838355
2.5824304050675115,359.9999996302406,197.18873385392467,180.00000000831417
2.5834305717619603,359.9999996333007,197.18873385392467,180.00000000824537
2.5844307384564096,359.9999996363355,197.18873385392467,180.00000000817712
2.5854309051508584,359.9999996393451,197.18873385392467,180.00000000810945
2.5864310718453076,359.99999964232984,197.18873385392467,180.00000000804232
2.587431238539757,359.9999996452899,197.18873385392467,180.00000000797576
2.5884314052342057,359.9999996482254,197.18873385392467,180.00000000790976
2.589431571928655,359.99999965113665,197.18873385392467,180.00000000784428
2.590431738623104,359.9999996540238,197.18873385392467,180.0000000077794
2.591431905317553,359.99999965688704,197.18873385392467,180.00000000771502
2.592432072012002,359.9999996597266,197.18873385392467,180.00000000765118
2.593432238706451,359.9999996625426,197.18873385392467,180.00000000758783
2.5944324054009003,359.9999996653354,197.18873385392467,180.00000000752505
2.5954325720953495,359.999999668105,197.18873385392467,180.00000000746275
2.5964327387897983,359.9999996708517,197.18873385392467,180.00000000740098
2.5974329054842475,359.9999996735757,197.18873385392467,180.00000000733976
2.5984330721786963,359.9999996762771,197.18873385392467,180.00000000727903
2.5994332388731456,359.9999996789562,197.18873385392467,180.00000000721877
2.600433405567595,359.99999968161313,197.18873385392467,180.00000000715903
2.6014335722620436,359.99999968424805,197.18873385392467,180.0000000070998
2.602433738956493,359.9999996868612,197.18873385392467,180.00000000704102
2.603433905650942,359.99999968945275,197.18873385392467,180.00000000698276
2.604434072345391,359.99999969202275,197.18873385392467,180.00000000692498
2.60543423903984,359.99999969457156,197.18873385392467,180.00000000686768
2.606434405734289,359.9999996970992,197.18873385392467,180.00000000681084
2.607434572428738,359.999999699606,197.18873385392467,180.00000000675448
2.6084347391231875,359.99999970209205,197.18873385392467,180.00000000669857
2.6094349058176363,359.9999997045575,197.18873385392467,180.00000000664315
2.6104350725120855,359.9999997070026,197.18873385392467,180.00000000658815
2.6114352392065343,359.99999970942736,197.18873385392467,180.0000000065336
2.6124354059009836,359.9999997118321,197.18873385392467,180.00000000647955
2.613435572595433,359.999999714217,197.18873385392467,180.00000000642592
2.6144357392898816,359.99999971658207,197.18873385392467,180.00000000637274
2.615435905984331,359.9999997189276,197.18873385392467,180.00000000632
2.61643607267878,359.99999972125374,197.18873385392467,180.00000000626767
2.617436239373229,359.99999972356056,197.18873385392467,180.0000000062158
2.618436406067678,359.99999972584834,197.18873385392467,180.00000000616436
2.619436572762127,359.9999997281172,197.18873385392467,180.00000000611334
2.620436739456576,359.9999997303672,197.18873385392467,180.00000000606275
2.6214369061510254,359.99999973259867,197.18873385392467,180.00000000601258
2.6224370728454742,359.9999997348116,197.18873385392467,180.0000000059628
2.6234372395399235,359.9999997370063,197.18873385392467,180.00000000591348
2.6244374062343727,359.9999997391828,197.18873385392467,180.00000000586454
2.6254375729288215,359.9999997413413,197.18873385392467,180.00000000581602
2.6264377396232708,359.99999974348196,197.18873385392467,180.00000000576787
2.6274379063177196,359.9999997456049,197.18873385392467,180.00000000572012
2.628438073012169,359.9999997477102,197.18873385392467,180.0000000056728
2.629438239706618,359.9999997497981,197.18873385392467,180.00000000562588
2.630438406401067,359.99999975186876,197.18873385392467,180.0000000055793
2.631438573095516,359.9999997539223,197.18873385392467,180.0000000055331
2.632438739789965,359.9999997559588,197.18873385392467,180.00000000548732
2.633438906484414,359.9999997579784,197.18873385392467,180.0000000054419
2.6344390731788634,359.99999975998134,197.18873385392467,180.00000000539686
2.635439239873312,359.9999997619677,197.18873385392467,180.0000000053522
2.6364394065677614,359.9999997639376,197.18873385392467,180.00000000530792
2.6374395732622107,359.99999976589123,197.18873385392467,180.00000000526398
2.6384397399566595,359.9999997678287,197.18873385392467,180.00000000522044
2.6394399066511087,359.9999997697501,197.18873385392467,180.00000000517724
2.6404400733455575,359.9999997716556,197.18873385392467,180.00000000513438
2.6414402400400068,359.99999977354537,197.18873385392467,180.0000000050919
2.642440406734456,359.99999977541944,197.18873385392467,180.00000000504974
2.643440573428905,359.99999977727805,197.18873385392467,180.00000000500796
2.644440740123354,359.99999977912125,197.18873385392467,180.00000000496652
2.645440906817803,359.9999997809492,197.18873385392467,180.00000000492543
2.646441073512252,359.9999997827621,197.18873385392467,180.00000000488467
2.6474412402067014,359.9999997845599,197.18873385392467,180.00000000484422
2.64844140690115,359.99999978634287,197.18873385392467,180.00000000480415
2.6494415735955994,359.99999978811104,197.18873385392467,180.00000000476436
2.6504417402900486,359.9999997898646,197.18873385392467,180.00000000472494
2.6514419069844974,359.99999979160367,197.18873385392467,180.00000000468583
2.6524420736789467,359.99999979332836,197.18873385392467,180.00000000464703
2.6534422403733955,359.9999997950387,197.18873385392467,180.0000000046086
2.6544424070678447,359.999999796735,197.18873385392467,180.00000000457047
2.655442573762294,359.99999979841715,197.18873385392467,180.0000000045326
2.656442740456743,359.99999980008545,197.18873385392467,180.00000000449512
2.657442907151192,359.9999998017399,197.18873385392467,180.00000000445792
2.658443073845641,359.99999980338066,197.18873385392467,180.00000000442103
2.65944324054009,359.9999998050078,197.18873385392467,180.00000000438442
2.6604434072345393,359.9999998066216,197.18873385392467,180.00000000434815
2.661443573928988,359.9999998082219,197.18873385392467,180.00000000431217
2.6624437406234374,359.999999809809,197.18873385392467,180.00000000427647
2.6634439073178866,359.999999811383,197.18873385392467,180.0000000042411
2.6644440740123354,359.999999812944,197.18873385392467,180.000000004206
2.6654442407067847,359.999999814492,197.18873385392467,180.00000000417117
2.6664444074012335,359.99999981602724,197.18873385392467,180.00000000413667
2.6674445740956827,359.9999998175498,197.18873385392467,180.00000000410242
2.668444740790132,359.9999998190597,197.18873385392467,180.00000000406848
2.6694449074845807,359.99999982055715,197.18873385392467,180.00000000403483
2.67044507417903,359.99999982204224,197.18873385392467,180.00000000400144
2.6714452408734792,359.999999823515,197.18873385392467,180.00000000396835
2.672445407567928,359.99999982497553,197.18873385392467,180.0000000039355
2.6734455742623773,359.9999998264241,197.18873385392467,180.00000000390293
2.674445740956826,359.99999982786056,197.18873385392467,180.00000000387064
2.6754459076512753,359.9999998292851,197.18873385392467,180.0000000038386
2.6764460743457246,359.99999983069796,197.18873385392467,180.0000000038068
2.6774462410401734,359.9999998320991,197.18873385392467,180.0000000037753
2.6784464077346226,359.9999998334886,197.18873385392467,180.00000000374408
2.6794465744290714,359.9999998348666,197.18873385392467,180.00000000371307
2.6804467411235207,359.99999983623326,197.18873385392467,180.00000000368235
2.68144690781797,359.9999998375886,197.18873385392467,180.00000000365185
2.6824470745124187,359.99999983893264,197.18873385392467,180.00000000362164
2.683447241206868,359.9999998402656,197.18873385392467,180.00000000359165
2.684447407901317,359.99999984158757,197.18873385392467,180.00000000356195
2.685447574595766,359.99999984289855,197.18873385392467,180.00000000353245
2.6864477412902152,359.9999998441987,197.18873385392467,180.0000000035032
2.687447907984664,359.9999998454881,197.18873385392467,180.00000000347424
2.6884480746791133,359.99999984676685,197.18873385392467,180.00000000344548
2.6894482413735625,359.999999848035,197.18873385392467,180.00000000341697
2.6904484080680113,359.9999998492926,197.18873385392467,180.0000000033887
2.6914485747624606,359.99999985053984,197.18873385392467,180.00000000336064
2.6924487414569094,359.99999985177675,197.18873385392467,180.00000000333284
2.6934489081513586,359.99999985300343,197.18873385392467,180.00000000330525
2.694449074845808,359.99999985421994,197.18873385392467,180.0000000032779
2.6954492415402567,359.9999998554264,197.18873385392467,180.0000000032508
2.696449408234706,359.9999998566228,197.18873385392467,180.00000000322387
2.697449574929155,359.9999998578094,197.18873385392467,180.0000000031972
2.698449741623604,359.99999985898614,197.18873385392467,180.00000000317073
2.699449908318053,359.9999998601532,197.18873385392467,180.0000000031445
2.700450075012502,359.9999998613106,197.18873385392467,180.00000000311846
2.7014502417069512,359.99999986245837,197.18873385392467,180.00000000309268
2.7024504084014005,359.99999986359666,197.18873385392467,180.00000000306707
2.7034505750958493,359.9999998647255,197.18873385392467,180.0000000030417
2.7044507417902985,359.99999986584504,197.18873385392467,180.0000000030165
2.7054509084847473,359.99999986695525,197.18873385392467,180.00000000299156
2.7064510751791966,359.99999986805636,197.18873385392467,180.0000000029668
2.707451241873646,359.99999986914827,197.18873385392467,180.00000000294224
2.7084514085680946,359.9999998702312,197.18873385392467,180.0000000029179
2.709451575262544,359.99999987130514,197.18873385392467,180.00000000289376
2.710451741956993,359.9999998723702,197.18873385392467,180.0000000028698
2.711451908651442,359.9999998734264,197.18873385392467,180.00000000284606
2.712452075345891,359.99999987447393,197.18873385392467,180.0000000028225
2.71345224204034,359.9999998755128,197.18873385392467,180.00000000279914
2.714452408734789,359.99999987654303,197.18873385392467,180.00000000277598
2.7154525754292385,359.99999987756473,197.18873385392467,180.000000002753
2.7164527421236873,359.99999987857797,197.18873385392467,180.00000000273025
2.7174529088181365,359.99999987958284,197.18873385392467,180.00000000270765
2.7184530755125857,359.99999988057937,197.18873385392467,180.00000000268523
2.7194532422070345,359.9999998815677,197.18873385392467,180.000000002663
2.720453408901484,359.9999998825478,197.18873385392467,180.00000000264097
2.7214535755959326,359.9999998835198,197.18873385392467,180.00000000261912
2.722453742290382,359.9999998844838,197.18873385392467,180.00000000259743
2.723453908984831,359.9999998854398,197.18873385392467,180.00000000257594
2.72445407567928,359.9999998863879,197.18873385392467,180.00000000255463
2.725454242373729,359.9999998873281,197.18873385392467,180.00000000253348
2.726454409068178,359.99999988826056,197.18873385392467,180.0000000025125
2.727454575762627,359.9999998891853,197.18873385392467,180.00000000249173
2.7284547424570764,359.99999989010234,197.18873385392467,180.00000000247113
2.729454909151525,359.99999989101184,197.18873385392467,180.00000000245066
2.7304550758459745,359.99999989191383,197.18873385392467,180.00000000243037
2.7314552425404237,359.9999998928083,197.18873385392467,180.00000000241027
2.7324554092348725,359.9999998936954,197.18873385392467,180.00000000239032
2.7334555759293218,359.9999998945752,197.18873385392467,180.00000000237057
2.7344557426237706,359.9999998954477,197.18873385392467,180.00000000235093
2.73545590931822,359.99999989631294,197.18873385392467,180.00000000233146
2.736456076012669,359.99999989717105,197.18873385392467,180.0000000023122
2.737456242707118,359.99999989802205,197.18873385392467,180.00000000229306
2.738456409401567,359.999999898866,197.18873385392467,180.00000000227408
2.739456576096016,359.99999989970297,197.18873385392467,180.00000000225523
2.740456742790465,359.999999900533,197.18873385392467,180.00000000223656
2.7414569094849144,359.9999999013562,197.18873385392467,180.00000000221806
2.742457076179363,359.99999990217253,197.18873385392467,180.00000000219973
2.7434572428738124,359.99999990298215,197.18873385392467,180.00000000218154
2.7444574095682617,359.99999990378507,197.18873385392467,180.00000000216346
2.7454575762627105,359.99999990458133,197.18873385392467,180.00000000214555
2.7464577429571597,359.999999905371,197.18873385392467,180.0000000021278
2.7474579096516085,359.99999990615413,197.18873385392467,180.00000000211017
2.7484580763460578,359.99999990693084,197.18873385392467,180.00000000209272
2.749458243040507,359.999999907701,197.18873385392467,180.0000000020754
2.750458409734956,359.9999999084649,197.18873385392467,180.00000000205821
2.751458576429405,359.99999990922237,197.18873385392467,180.0000000020412
2.752458743123854,359.99999990997367,197.18873385392467,180.0000000020243
2.753458909818303,359.9999999107187,197.18873385392467,180.00000000200757
2.7544590765127523,359.99999991145756,197.18873385392467,180.00000000199094
2.755459243207201,359.99999991219033,197.18873385392467,180.00000000197446
2.7564594099016504,359.999999912917,197.18873385392467,180.0000000019581
2.7574595765960996,359.99999991363774,197.18873385392467,180.0000000019419
2.7584597432905484,359.99999991435243,197.18873385392467,180.00000000192583
2.7594599099849977,359.99999991506127,197.18873385392467,180.0000000019099
2.7604600766794465,359.9999999157642,197.18873385392467,180.0000000018941
2.7614602433738957,359.9999999164613,197.18873385392467,180.00000000187845
2.762460410068345,359.9999999171527,197.18873385392467,180.0000000018629
2.7634605767627938,359.99999991783835,197.18873385392467,180.00000000184747
2.764460743457243,359.9999999185183,197.18873385392467,180.00000000183218
2.7654609101516923,359.99999991919265,197.18873385392467,180.000000001817
2.766461076846141,359.99999991986135,197.18873385392467,180.00000000180196
2.7674612435405903,359.9999999205246,197.18873385392467,180.00000000178707
2.768461410235039,359.99999992118234,197.18873385392467,180.0000000017723
2.7694615769294884,359.9999999218346,197.18873385392467,180.00000000175763
2.7704617436239376,359.99999992248155,197.18873385392467,180.00000000174308
2.7714619103183864,359.9999999231231,197.18873385392467,180.00000000172864
2.7724620770128356,359.9999999237593,197.18873385392467,180.00000000171434
2.7734622437072844,359.9999999243903,197.18873385392467,180.00000000170016
2.7744624104017337,359.999999925016,197.18873385392467,180.00000000168606
2.775462577096183,359.99999992563653,197.18873385392467,180.00000000167213
2.7764627437906317,359.9999999262519,197.18873385392467,180.0000000016583
2.777462910485081,359.99999992686224,197.18873385392467,180.00000000164457
2.7784630771795302,359.9999999274675,197.18873385392467,180.00000000163095
2.779463243873979,359.99999992806784,197.18873385392467,180.00000000161748
2.7804634105684283,359.9999999286631,197.18873385392467,180.0000000016041
2.781463577262877,359.9999999292535,197.18873385392467,180.00000000159082
2.7824637439573263,359.99999992983896,197.18873385392467,180.00000000157766
2.7834639106517756,359.99999993041956,197.18873385392467,180.00000000156462
2.7844640773462244,359.99999993099544,197.18873385392467,180.00000000155165
2.7854642440406736,359.99999993156655,197.18873385392467,180.0000000015388
2.7864644107351224,359.9999999321329,197.18873385392467,180.00000000152608
2.7874645774295717,359.99999993269455,197.18873385392467,180.00000000151346
2.788464744124021,359.99999993325156,197.18873385392467,180.00000000150095
2.7894649108184697,359.99999993380396,197.18873385392467,180.00000000148853
2.790465077512919,359.99999993435176,197.18873385392467,180.0000000014762
2.791465244207368,359.9999999348951,197.18873385392467,180.000000001464
2.792465410901817,359.9999999354339,197.18873385392467,180.0000000014519
2.7934655775962662,359.9999999359682,197.18873385392467,180.00000000143987
2.794465744290715,359.9999999364981,197.18873385392467,180.00000000142796
2.7954659109851643,359.99999993702363,197.18873385392467,180.00000000141617
2.7964660776796135,359.9999999375448,197.18873385392467,180.00000000140443
2.7974662443740623,359.9999999380617,197.18873385392467,180.0000000013928
2.7984664110685116,359.9999999385743,197.18873385392467,180.00000000138127
2.799466577762961,359.99999993908267,197.18873385392467,180.00000000136984
2.8004667444574096,359.9999999395868,197.18873385392467,180.0000000013585
2.801466911151859,359.9999999400868,197.18873385392467,180.00000000134725
2.8024670778463077,359.9999999405826,197.18873385392467,180.0000000013361
2.803467244540757,359.99999994107435,197.18873385392467,180.00000000132505
2.804467411235206,359.999999941562,197.18873385392467,180.00000000131408
2.805467577929655,359.99999994204563,197.18873385392467,180.00000000130322
2.806467744624104,359.9999999425253,197.18873385392467,180.00000000129242
2.807467911318553,359.99999994300094,197.18873385392467,180.00000000128173
2.8084680780130022,359.9999999434727,197.18873385392467,180.00000000127113
2.8094682447074515,359.9999999439405,197.18873385392467,180.00000000126062
2.8104684114019003,359.99999994440446,197.18873385392467,180.00000000125019
2.8114685780963495,359.99999994486456,197.18873385392467,180.00000000123984
2.812468744790799,359.99999994532084,197.18873385392467,180.00000000122958
2.8134689114852476,359.9999999457733,197.18873385392467,180.0000000012194
2.814469078179697,359.9999999462221,197.18873385392467,180.0000000012093
2.8154692448741456,359.9999999466672,197.18873385392467,180.0000000011993
2.816469411568595,359.99999994710856,197.18873385392467,180.00000000118936
2.817469578263044,359.9999999475463,197.18873385392467,180.00000000117953
2.818469744957493,359.99999994798037,197.18873385392467,180.00000000116975
2.819469911651942,359.9999999484109,197.18873385392467,180.0000000011601
2.820470078346391,359.99999994883785,197.18873385392467,180.00000000115048
2.82147024504084,359.9999999492612,197.18873385392467,180.000000001141
2.8224704117352895,359.9999999496811,197.18873385392467,180.00000000113153
2.8234705784297383,359.99999995009756,197.18873385392467,180.00000000112217
2.8244707451241875,359.9999999505105,197.18873385392467,180.00000000111288
2.8254709118186367,359.9999999509201,197.18873385392467,180.00000000110367
2.8264710785130855,359.9999999513263,197.18873385392467,180.00000000109455
2.827471245207535,359.9999999517291,197.18873385392467,180.00000000108548
2.8284714119019836,359.9999999521286,197.18873385392467,180.0000000010765
2.829471578596433,359.9999999525248,197.18873385392467,180.0000000010676
2.830471745290882,359.9999999529177,197.18873385392467,180.00000000105877
2.831471911985331,359.99999995330734,197.18873385392467,180.00000000105
2.83247207867978,359.9999999536937,197.18873385392467,180.00000000104131
2.833472245374229,359.99999995407694,197.18873385392467,180.00000000103267
2.834472412068678,359.999999954457,197.18873385392467,180.00000000102415
2.8354725787631274,359.99999995483387,197.18873385392467,180.00000000101568
2.836472745457576,359.99999995520767,197.18873385392467,180.00000000100727
2.8374729121520255,359.99999995557835,197.18873385392467,180.0000000009989
2.8384730788464747,359.99999995594595,197.18873385392467,180.00000000099067
2.8394732455409235,359.99999995631055,197.18873385392467,180.00000000098245
2.8404734122353728,359.99999995667207,197.18873385392467,180.00000000097432
2.8414735789298216,359.99999995703064,197.18873385392467,180.00000000096625
2.842473745624271,359.99999995738625,197.18873385392467,180.00000000095827
2.84347391231872,359.9999999577389,197.18873385392467,180.00000000095034
2.844474079013169,359.99999995808867,197.18873385392467,180.00000000094246
2.845474245707618,359.9999999584355,197.18873385392467,180.00000000093465
2.8464744124020673,359.9999999587795,197.18873385392467,180.00000000092692
2.847474579096516,359.99999995912066,197.18873385392467,180.00000000091924
2.8484747457909654,359.999999959459,197.18873385392467,180.00000000091165
2.849474912485414,359.9999999597945,197.18873385392467,180.0000000009041
2.8504750791798634,359.9999999601272,197.18873385392467,180.00000000089662
2.8514752458743127,359.99999996045716,197.18873385392467,180.00000000088917
2.8524754125687615,359.9999999607844,197.18873385392467,180.00000000088184
2.8534755792632107,359.9999999611089,197.18873385392467,180.00000000087454
2.8544757459576595,359.99999996143083,197.18873385392467,180.0000000008673
2.8554759126521088,359.99999996175,197.18873385392467,180.00000000086013
2.856476079346558,359.9999999620665,197.18873385392467,180.000000000853
2.857476246041007,359.99999996238046,197.18873385392467,180.00000000084594
2.858476412735456,359.9999999626918,197.18873385392467,180.00000000083895
2.8594765794299053,359.9999999630005,197.18873385392467,180.00000000083202
2.860476746124354,359.9999999633067,197.18873385392467,180.0000000008251
2.8614769128188033,359.9999999636104,197.18873385392467,180.0000000008183
2.862477079513252,359.99999996391153,197.18873385392467,180.00000000081153
2.8634772462077014,359.9999999642102,197.18873385392467,180.00000000080482
2.8644774129021506,359.9999999645064,197.18873385392467,180.00000000079814
2.8654775795965994,359.9999999648001,197.18873385392467,180.00000000079152
2.8664777462910487,359.9999999650914,197.18873385392467,180.00000000078498
2.8674779129854975,359.9999999653803,197.18873385392467,180.0000000007785
2.8684780796799467,359.9999999656668,197.18873385392467,180.00000000077205
2.869478246374396,359.9999999659509,197.18873385392467,180.00000000076568
2.8704784130688448,359.9999999662327,197.18873385392467,180.00000000075934
2.871478579763294,359.9999999665121,197.18873385392467,180.00000000075306
2.8724787464577433,359.99999996678923,197.18873385392467,180.0000000007468
2.873478913152192,359.9999999670641,197.18873385392467,180.00000000074064
2.8744790798466413,359.9999999673367,197.18873385392467,180.0000000007345
2.87547924654109,359.999999967607,197.18873385392467,180.00000000072842
2.8764794132355394,359.99999996787506,197.18873385392467,180.0000000007224
2.8774795799299886,359.9999999681409,197.18873385392467,180.00000000071643
2.8784797466244374,359.99999996840455,197.18873385392467,180.0000000007105
2.8794799133188866,359.99999996866603,197.18873385392467,180.0000000007046
2.880480080013336,359.99999996892535,197.18873385392467,180.00000000069878
2.8814802467077847,359.99999996918257,197.18873385392467,180.000000000693
2.882480413402234,359.9999999694376,197.18873385392467,180.00000000068727
2.8834805800966827,359.9999999696905,197.18873385392467,180.00000000068158
2.884480746791132,359.99999996994137,197.18873385392467,180.00000000067593
2.8854809134855812,359.9999999701901,197.18873385392467,180.00000000067033
2.88648108018003,359.9999999704368,197.18873385392467,180.00000000066478
2.8874812468744793,359.9999999706815,197.18873385392467,180.0000000006593
2.888481413568928,359.99999997092414,197.18873385392467,180.00000000065384
2.8894815802633773,359.99999997116475,197.18873385392467,180.0000000006484
2.8904817469578266,359.9999999714033,197.18873385392467,180.00000000064307
2.8914819136522754,359.99999997164,197.18873385392467,180.00000000063773
2.8924820803467246,359.99999997187473,197.18873385392467,180.00000000063247
2.893482247041174,359.9999999721075,197.18873385392467,180.00000000062724
2.8944824137356227,359.99999997233834,197.18873385392467,180.00000000062204
2.895482580430072,359.9999999725673,197.18873385392467,180.0000000006169
2.8964827471245207,359.9999999727943,197.18873385392467,180.00000000061178
2.89748291381897,359.99999997301944,197.18873385392467,180.00000000060672
2.898483080513419,359.9999999732427,197.18873385392467,180.00000000060172
2.899483247207868,359.9999999734641,197.18873385392467,180.0000000005967
2.9004834139023172,359.9999999736837,197.18873385392467,180.0000000005918
2.901483580596766,359.99999997390154,197.18873385392467,180.0000000005869
2.9024837472912153,359.9999999741175,197.18873385392467,180.00000000058205
2.9034839139856645,359.99999997433173,197.18873385392467,180.00000000057724
2.9044840806801133,359.9999999745441,197.18873385392467,180.00000000057244
2.9054842473745626,359.9999999747548,197.18873385392467,180.00000000056772
2.906484414069012,359.9999999749637,197.18873385392467,180.000000000563
2.9074845807634606,359.99999997517097,197.18873385392467,180.00000000055834
2.90848474745791,359.99999997537645,197.18873385392467,180.0000000005537
2.9094849141523587,359.9999999755802,197.18873385392467,180.00000000054914
2.910485080846808,359.9999999757823,197.18873385392467,180.0000000005446
2.911485247541257,359.9999999759827,197.18873385392467,180.00000000054007
2.912485414235706,359.99999997618147,197.18873385392467,180.0000000005356
2.913485580930155,359.9999999763786,197.18873385392467,180.00000000053117
2.914485747624604,359.9999999765741,197.18873385392467,180.00000000052677
2.9154859143190532,359.999999976768,197.18873385392467,180.00000000052242
2.9164860810135025,359.9999999769602,197.18873385392467,180.0000000005181
2.9174862477079513,359.9999999771509,197.18873385392467,180.0000000005138
2.9184864144024005,359.99999997734,197.18873385392467,180.00000000050954
2.9194865810968498,359.9999999775275,197.18873385392467,180.00000000050534
2.9204867477912986,359.9999999777135,197.18873385392467,180.00000000050116
2.921486914485748,359.9999999778979,197.18873385392467,180.000000000497
2.9224870811801966,359.99999997808084,197.18873385392467,180.0000000004929
2.923487247874646,359.9999999782623,197.18873385392467,180.00000000048882
2.924487414569095,359.99999997844213,197.18873385392467,180.00000000048476
2.925487581263544,359.99999997862056,197.18873385392467,180.00000000048075
2.926487747957993,359.9999999787975,197.18873385392467,180.00000000047677
2.9274879146524424,359.999999978973,197.18873385392467,180.00000000047282
2.928488081346891,359.999999979147,197.18873385392467,180.0000000004689
2.9294882480413404,359.99999997931957,197.18873385392467,180.000000000465
2.9304884147357892,359.9999999794907,197.18873385392467,180.00000000046117
2.9314885814302385,359.9999999796604,197.18873385392467,180.00000000045736
2.9324887481246877,359.9999999798288,197.18873385392467,180.00000000045358
2.9334889148191365,359.99999997999566,197.18873385392467,180.0000000004498
2.934489081513586,359.99999998016125,197.18873385392467,180.00000000044608
2.9354892482080346,359.9999999803254,197.18873385392467,180.0000000004424
2.936489414902484,359.9999999804882,197.18873385392467,180.00000000043875
2.937489581596933,359.9999999806497,197.18873385392467,180.0000000004351
2.938489748291382,359.99999998080983,197.18873385392467,180.0000000004315
2.939489914985831,359.99999998096865,197.18873385392467,180.00000000042792
2.9404900816802804,359.99999998112617,197.18873385392467,180.0000000004244
2.941490248374729,359.9999999812824,197.18873385392467,180.00000000042087
2.9424904150691784,359.99999998143727,197.18873385392467,180.0000000004174
2.943490581763627,359.9999999815909,197.18873385392467,180.00000000041393
2.9444907484580765,359.99999998174326,197.18873385392467,180.0000000004105
2.9454909151525257,359.99999998189435,197.18873385392467,180.00000000040708
2.9464910818469745,359.9999999820442,197.18873385392467,180.00000000040373
2.9474912485414237,359.9999999821928,197.18873385392467,180.0000000004004
2.9484914152358725,359.9999999823401,197.18873385392467,180.00000000039708
2.949491581930322,359.99999998248626,197.18873385392467,180.0000000003938
2.950491748624771,359.9999999826312,197.18873385392467,180.00000000039054
2.95149191531922,359.99999998277497,197.18873385392467,180.0000000003873
2.952492082013669,359.99999998291753,197.18873385392467,180.00000000038412
2.9534922487081183,359.9999999830589,197.18873385392467,180.00000000038094
2.954492415402567,359.9999999831991,197.18873385392467,180.00000000037778
2.9554925820970164,359.9999999833381,197.18873385392467,180.00000000037465
2.956492748791465,359.999999983476,197.18873385392467,180.00000000037153
2.9574929154859144,359.9999999836128,197.18873385392467,180.00000000036846
2.9584930821803637,359.9999999837484,197.18873385392467,180.00000000036542
2.9594932488748125,359.9999999838829,197.18873385392467,180.00000000036238
2.9604934155692617,359.99999998401626,197.18873385392467,180.00000000035936
2.9614935822637105,359.99999998414853,197.18873385392467,180.0000000003564
2.9624937489581598,359.9999999842797,197.18873385392467,180.00000000035345
2.963493915652609,359.99999998440984,197.18873385392467,180.00000000035052
2.964494082347058,359.9999999845388,197.18873385392467,180.00000000034763
2.965494249041507,359.9999999846668,197.18873385392467,180.00000000034476
2.9664944157359563,359.9999999847937,197.18873385392467,180.00000000034188
2.967494582430405,359.99999998491955,197.18873385392467,180.00000000033907
2.9684947491248543,359.9999999850443,197.18873385392467,180.00000000033629
2.969494915819303,359.9999999851681,197.18873385392467,180.0000000003335
2.9704950825137524,359.9999999852908,197.18873385392467,180.00000000033074
2.9714952492082016,359.99999998541256,197.18873385392467,180.00000000032801
2.9724954159026504,359.99999998553324,197.18873385392467,180.0000000003253
2.9734955825970997,359.999999985653,197.18873385392467,180.0000000003226
2.974495749291549,359.99999998577175,197.18873385392467,180.00000000031991
2.9754959159859977,359.9999999858895,197.18873385392467,180.00000000031727
2.976496082680447,359.9999999860063,197.18873385392467,180.00000000031466
2.9774962493748958,359.9999999861221,197.18873385392467,180.00000000031204
2.978496416069345,359.99999998623696,197.18873385392467,180.00000000030948
2.9794965827637943,359.9999999863508,197.18873385392467,180.0000000003069
2.980496749458243,359.9999999864638,197.18873385392467,180.00000000030437
2.9814969161526923,359.9999999865758,197.18873385392467,180.00000000030184
2.982497082847141,359.99999998668693,197.18873385392467,180.00000000029937
2.9834972495415903,359.9999999867971,197.18873385392467,180.0000000002969
2.9844974162360396,359.99999998690635,197.18873385392467,180.00000000029442
2.9854975829304884,359.9999999870147,197.18873385392467,180.00000000029198
2.9864977496249376,359.9999999871222,197.18873385392467,180.00000000028956
2.987497916319387,359.9999999872287,197.18873385392467,180.00000000028717
2.9884980830138357,359.99999998733443,197.18873385392467,180.00000000028479
2.989498249708285,359.99999998743925,197.18873385392467,180.00000000028243
2.9904984164027337,359.9999999875432,197.18873385392467,180.0000000002801
2.991498583097183,359.99999998764633,197.18873385392467,180.00000000027777
2.992498749791632,359.99999998774854,197.18873385392467,180.0000000002755
2.993498916486081,359.99999998784995,197.18873385392467,180.0000000002732
2.9944990831805303,359.9999999879505,197.18873385392467,180.00000000027094
2.995499249874979,359.9999999880502,197.18873385392467,180.0000000002687
2.9964994165694283,359.9999999881491,197.18873385392467,180.00000000026648
2.9974995832638776,359.99999998824717,197.18873385392467,180.00000000026427
2.9984997499583264,359.9999999883444,197.18873385392467,180.00000000026208
2.9994999166527756,359.9999999884409,197.18873385392467,180.00000000025992
3.000500083347225,359.99999998853656,197.18873385392467,180.00000000025776
3.0015002500416736,359.99999998863143,197.18873385392467,180.00000000025562
3.002500416736123,359.9999999887255,197.18873385392467,180.0000000002535
3.0035005834305717,359.99999998881884,197.18873385392467,180.00000000025142
3.004500750125021,359.9999999889114,197.18873385392467,180.00000000024932
3.00550091681947,359.99999998900313,197.18873385392467,180.00000000024727
3.006501083513919,359.9999999890941,197.18873385392467,180.00000000024522
3.0075012502083682,359.9999999891844,197.18873385392467,180.0000000002432
3.008501416902817,359.9999999892739,197.18873385392467,180.0000000002412
3.0095015835972663,359.99999998936266,197.18873385392467,180.0000000002392
3.0105017502917155,359.99999998945066,197.18873385392467,180.0000000002372
3.0115019169861643,359.999999989538,197.18873385392467,180.00000000023525
3.0125020836806136,359.9999999896246,197.18873385392467,180.00000000023329
3.013502250375063,359.99999998971043,197.18873385392467,180.00000000023135
3.0145024170695116,359.9999999897956,197.18873385392467,180.00000000022945
3.015502583763961,359.99999998988005,197.18873385392467,180.00000000022754
3.0165027504584097,359.9999999899638,197.18873385392467,180.00000000022567
3.017502917152859,359.99999999004683,197.18873385392467,180.00000000022382
3.018503083847308,359.99999999012925,197.18873385392467,180.00000000022195
3.019503250541757,359.99999999021094,197.18873385392467,180.00000000022013
3.020503417236206,359.99999999029194,197.18873385392467,180.00000000021828
3.0215035839306554,359.99999999037226,197.18873385392467,180.0000000002165
3.0225037506251042,359.99999999045195,197.18873385392467,180.0000000002147
3.0235039173195535,359.999999990531,197.18873385392467,180.0000000002129
3.0245040840140023,359.99999999060935,197.18873385392467,180.00000000021117
3.0255042507084515,359.99999999068706,197.18873385392467,180.0000000002094
3.0265044174029008,359.9999999907642,197.18873385392467,180.00000000020768
3.0275045840973496,359.9999999908406,197.18873385392467,180.00000000020594
3.028504750791799,359.9999999909164,197.18873385392467,180.00000000020424
3.0295049174862476,359.9999999909916,197.18873385392467,180.00000000020256
3.030505084180697,359.99999999106615,197.18873385392467,180.00000000020088
3.031505250875146,359.9999999911401,197.18873385392467,180.00000000019924
3.032505417569595,359.99999999121343,197.18873385392467,180.0000000001976
3.033505584264044,359.99999999128613,197.18873385392467,180.00000000019594
3.0345057509584934,359.99999999135827,197.18873385392467,180.00000000019432
3.035505917652942,359.9999999914298,197.18873385392467,180.00000000019273
3.0365060843473914,359.9999999915007,197.18873385392467,180.0000000001911
3.0375062510418402,359.99999999157103,197.18873385392467,180.00000000018954
3.0385064177362895,359.9999999916408,197.18873385392467,180.00000000018795
3.0395065844307387,359.99999999170996,197.18873385392467,180.00000000018642
3.0405067511251875,359.99999999177857,197.18873385392467,180.00000000018485
3.041506917819637,359.9999999918466,197.18873385392467,180.00000000018332
3.0425070845140856,359.9999999919141,197.18873385392467,180.0000000001818
3.043507251208535,359.999999991981,197.18873385392467,180.0000000001803
3.044507417902984,359.9999999920473,197.18873385392467,180.0000000001788
3.045507584597433,359.99999999211315,197.18873385392467,180.00000000017732
3.046507751291882,359.9999999921784,197.18873385392467,180.00000000017585
3.0475079179863314,359.99999999224315,197.18873385392467,180.0000000001744
3.04850808468078,359.9999999923073,197.18873385392467,180.00000000017295
3.0495082513752294,359.999999992371,197.18873385392467,180.00000000017153
3.050508418069678,359.99999999243414,197.18873385392467,180.0000000001701
3.0515085847641275,359.9999999924967,197.18873385392467,180.00000000016868
3.0525087514585767,359.9999999925588,197.18873385392467,180.0000000001673
3.0535089181530255,359.9999999926204,197.18873385392467,180.00000000016593
3.0545090848474747,359.99999999268147,197.18873385392467,180.00000000016456
3.055509251541924,359.999999992742,197.18873385392467,180.00000000016317
3.056509418236373,359.9999999928021,197.18873385392467,180.00000000016183
3.057509584930822,359.99999999286166,197.18873385392467,180.00000000016047
3.058509751625271,359.9999999929207,197.18873385392467,180.00000000015916
3.05950991831972,359.9999999929793,197.18873385392467,180.00000000015783
3.0605100850141693,359.9999999930374,197.18873385392467,180.00000000015655
3.061510251708618,359.99999999309506,197.18873385392467,180.00000000015524
3.0625104184030674,359.9999999931522,197.18873385392467,180.00000000015396
3.063510585097516,359.99999999320886,197.18873385392467,180.00000000015268
3.0645107517919654,359.9999999932651,197.18873385392467,180.00000000015143
3.0655109184864147,359.9999999933208,197.18873385392467,180.00000000015018
3.0665110851808635,359.99999999337604,197.18873385392467,180.00000000014893
3.0675112518753127,359.99999999343083,197.18873385392467,180.0000000001477
3.068511418569762,359.99999999348523,197.18873385392467,180.00000000014649
3.0695115852642108,359.9999999935391,197.18873385392467,180.00000000014526
3.07051175195866,359.99999999359255,197.18873385392467,180.00000000014407
3.071511918653109,359.9999999936456,197.18873385392467,180.00000000014288
3.072512085347558,359.99999999369817,197.18873385392467,180.0000000001417
3.0735122520420073,359.99999999375035,197.18873385392467,180.00000000014052
3.074512418736456,359.999999993802,197.18873385392467,180.00000000013935
3.0755125854309053,359.99999999385335,197.18873385392467,180.00000000013821
3.076512752125354,359.9999999939042,197.18873385392467,180.00000000013708
3.0775129188198034,359.99999999395465,197.18873385392467,180.0000000001359
3.0785130855142526,359.99999999400467,197.18873385392467,180.0000000001348
3.0795132522087014,359.9999999940543,197.18873385392467,180.0000000001337
3.0805134189031507,359.9999999941035,197.18873385392467,180.0000000001326
3.0815135855976,359.9999999941523,197.18873385392467,180.0000000001315
3.0825137522920487,359.9999999942007,197.18873385392467,180.0000000001304
3.083513918986498,359.9999999942487,197.18873385392467,180.00000000012935
3.0845140856809468,359.9999999942963,197.18873385392467,180.00000000012827
3.085514252375396,359.9999999943435,197.18873385392467,180.0000000001272
3.0865144190698452,359.9999999943903,197.18873385392467,180.00000000012616
3.087514585764294,359.99999999443673,197.18873385392467,180.0000000001251
3.0885147524587433,359.9999999944828,197.18873385392467,180.00000000012406
3.089514919153192,359.9999999945284,197.18873385392467,180.00000000012304
3.0905150858476413,359.9999999945737,197.18873385392467,180.00000000012204
3.0915152525420906,359.9999999946186,197.18873385392467,180.00000000012102
3.0925154192365394,359.99999999466314,197.18873385392467,180.00000000012002
3.0935155859309886,359.9999999947073,197.18873385392467,180.00000000011903
3.094515752625438,359.99999999475114,197.18873385392467,180.00000000011804
3.0955159193198867,359.99999999479456,197.18873385392467,180.00000000011707
3.096516086014336,359.99999999483765,197.18873385392467,180.0000000001161
3.0975162527087847,359.9999999948804,197.18873385392467,180.00000000011514
3.098516419403234,359.9999999949228,197.18873385392467,180.0000000001142
3.099516586097683,359.99999999496487,197.18873385392467,180.00000000011326
3.100516752792132,359.99999999500653,197.18873385392467,180.00000000011232
3.1015169194865813,359.99999999504786,197.18873385392467,180.00000000011136
3.1025170861810305,359.99999999508884,197.18873385392467,180.00000000011045
3.1035172528754793,359.9999999951295,197.18873385392467,180.00000000010954
3.1045174195699285,359.9999999951698,197.18873385392467,180.00000000010863
3.1055175862643773,359.9999999952098,197.18873385392467,180.00000000010772
3.1065177529588266,359.9999999952494,197.18873385392467,180.00000000010684
3.107517919653276,359.99999999528876,197.18873385392467,180.00000000010596
3.1085180863477246,359.99999999532776,197.18873385392467,180.00000000010508
3.109518253042174,359.9999999953664,197.18873385392467,180.00000000010422
3.1105184197366227,359.9999999954048,197.18873385392467,180.00000000010334
3.111518586431072,359.9999999954428,197.18873385392467,180.0000000001025
3.112518753125521,359.9999999954805,197.18873385392467,180.00000000010164
3.11351891981997,359.9999999955179,197.18873385392467,180.0000000001008
3.114519086514419,359.999999995555,197.18873385392467,180.00000000009996
3.1155192532088685,359.9999999955918,197.18873385392467,180.00000000009913
3.1165194199033173,359.9999999956283,197.18873385392467,180.0000000000983
3.1175195865977665,359.9999999956645,197.18873385392467,180.00000000009751
3.1185197532922153,359.99999999570036,197.18873385392467,180.0000000000967
3.1195199199866646,359.9999999957359,197.18873385392467,180.0000000000959
3.120520086681114,359.9999999957712,197.18873385392467,180.0000000000951
3.1215202533755626,359.9999999958062,197.18873385392467,180.00000000009433
3.122520420070012,359.9999999958409,197.18873385392467,180.00000000009354
3.1235205867644606,359.9999999958753,197.18873385392467,180.00000000009277
3.12452075345891,359.99999999590943,197.18873385392467,180.000000000092
3.125520920153359,359.9999999959433,197.18873385392467,180.00000000009123
3.126521086847808,359.99999999597685,197.18873385392467,180.00000000009047
3.127521253542257,359.99999999601016,197.18873385392467,180.00000000008976
3.1285214202367064,359.9999999960432,197.18873385392467,180.00000000008902
3.1295215869311552,359.9999999960759,197.18873385392467,180.00000000008828
3.1305217536256045,359.9999999961084,197.18873385392467,180.00000000008754
3.1315219203200533,359.99999999614056,197.18873385392467,180.00000000008683
3.1325220870145025,359.99999999617256,197.18873385392467,180.0000000000861
3.1335222537089518,359.9999999962042,197.18873385392467,180.00000000008538
3.1345224204034006,359.9999999962356,197.18873385392467,180.00000000008467
3.13552258709785,359.99999999626675,197.18873385392467,180.00000000008396
3.136522753792299,359.9999999962976,197.18873385392467,180.00000000008328
3.137522920486748,359.99999999632826,197.18873385392467,180.0000000000826
3.138523087181197,359.99999999635867,197.18873385392467,180.0000000000819
3.139523253875646,359.9999999963888,197.18873385392467,180.00000000008123
3.140523420570095,359.99999999641864,197.18873385392467,180.00000000008055
3.1415235872645444,359.99999999644825,197.18873385392467,180.0000000000799
3.142523753958993,359.9999999964777,197.18873385392467,180.00000000007924
3.1435239206534424,359.99999999650686,197.18873385392467,180.00000000007856
3.1445240873478912,359.99999999653573,197.18873385392467,180.0000000000779
3.1455242540423405,359.9999999965644,197.18873385392467,180.00000000007728
3.1465244207367897,359.99999999659286,197.18873385392467,180.00000000007662
3.1475245874312385,359.999999996621,197.18873385392467,180.000000000076
3.1485247541256878,359.999999996649,197.18873385392467,180.00000000007537
3.149524920820137,359.99999999667676,197.18873385392467,180.00000000007472
3.150525087514586,359.9999999967042,197.18873385392467,180.00000000007412
3.151525254209035,359.9999999967315,197.18873385392467,180.0000000000735
3.152525420903484,359.99999999675856,197.18873385392467,180.0000000000729
3.153525587597933,359.9999999967854,197.18873385392467,180.00000000007228
3.1545257542923824,359.999999996812,197.18873385392467,180.00000000007168
3.155525920986831,359.99999999683837,197.18873385392467,180.00000000007108
3.1565260876812804,359.9999999968645,197.18873385392467,180.00000000007051
3.157526254375729,359.9999999968905,197.18873385392467,180.00000000006992
3.1585264210701784,359.99999999691624,197.18873385392467,180.00000000006935
3.1595265877646277,359.99999999694177,197.18873385392467,180.00000000006875
3.1605267544590765,359.99999999696706,197.18873385392467,180.00000000006818
3.1615269211535257,359.9999999969922,197.18873385392467,180.00000000006764
3.162527087847975,359.999999997017,197.18873385392467,180.00000000006708
3.163527254542424,359.99999999704175,197.18873385392467,180.0000000000665
3.164527421236873,359.9999999970662,197.18873385392467,180.00000000006594
3.165527587931322,359.99999999709047,197.18873385392467,180.00000000006543
3.166527754625771,359.99999999711457,197.18873385392467,180.0000000000649
3.1675279213202203,359.9999999971384,197.18873385392467,180.00000000006435
3.168528088014669,359.9999999971621,197.18873385392467,180.0000000000638
3.1695282547091184,359.99999999718557,197.18873385392467,180.00000000006327
3.170528421403567,359.9999999972089,197.18873385392467,180.00000000006276
3.1715285880980164,359.999999997232,197.18873385392467,180.00000000006224
3.1725287547924657,359.9999999972549,197.18873385392467,180.00000000006173
3.1735289214869145,359.9999999972776,197.18873385392467,180.00000000006122
3.1745290881813637,359.99999999730016,197.18873385392467,180.0000000000607
3.175529254875813,359.9999999973225,197.18873385392467,180.0000000000602
3.1765294215702617,359.9999999973446,197.18873385392467,180.00000000005969
3.177529588264711,359.9999999973666,197.18873385392467,180.0000000000592
3.17852975495916,359.9999999973884,197.18873385392467,180.00000000005872
3.179529921653609,359.99999999741,197.18873385392467,180.00000000005824
3.1805300883480583,359.9999999974314,197.18873385392467,180.00000000005775
3.181530255042507,359.99999999745273,197.18873385392467,180.00000000005727
3.1825304217369563,359.99999999747376,197.18873385392467,180.0000000000568
3.1835305884314056,359.9999999974947,197.18873385392467,180.00000000005633
3.1845307551258544,359.9999999975154,197.18873385392467,180.00000000005588
3.1855309218203036,359.99999999753595,197.18873385392467,180.00000000005542
3.1865310885147524,359.99999999755636,197.18873385392467,180.00000000005497
3.1875312552092017,359.9999999975766,197.18873385392467,180.0000000000545
3.188531421903651,359.9999999975966,197.18873385392467,180.00000000005403
3.1895315885980997,359.9999999976165,197.18873385392467,180.00000000005357
3.190531755292549,359.9999999976363,197.18873385392467,180.00000000005315
3.1915319219869978,359.9999999976558,197.18873385392467,180.00000000005272
3.192532088681447,359.9999999976752,197.18873385392467,180.0000000000523
3.1935322553758962,359.99999999769443,197.18873385392467,180.00000000005184
3.194532422070345,359.99999999771353,197.18873385392467,180.00000000005141
3.1955325887647943,359.99999999773246,197.18873385392467,180.000000000051
3.1965327554592435,359.9999999977512,197.18873385392467,180.00000000005056
3.1975329221536923,359.99999999776986,197.18873385392467,180.00000000005016
3.1985330888481416,359.99999999778834,197.18873385392467,180.00000000004974
3.1995332555425904,359.99999999780664,197.18873385392467,180.00000000004934
3.2005334222370396,359.99999999782483,197.18873385392467,180.00000000004894
3.201533588931489,359.9999999978428,197.18873385392467,180.00000000004852
3.2025337556259377,359.9999999978607,197.18873385392467,180.00000000004812
3.203533922320387,359.9999999978784,197.18873385392467,180.00000000004772
3.2045340890148357,359.99999999789594,197.18873385392467,180.0000000000473
3.205534255709285,359.99999999791333,197.18873385392467,180.00000000004692
3.206534422403734,359.9999999979306,197.18873385392467,180.00000000004653
3.207534589098183,359.9999999979477,197.18873385392467,180.00000000004616
3.2085347557926323,359.9999999979647,197.18873385392467,180.0000000000458
3.2095349224870815,359.9999999979816,197.18873385392467,180.0000000000454
3.2105350891815303,359.99999999799826,197.18873385392467,180.00000000004502
3.2115352558759795,359.99999999801486,197.18873385392467,180.00000000004462
3.2125354225704283,359.9999999980313,197.18873385392467,180.00000000004425
3.2135355892648776,359.9999999980476,197.18873385392467,180.00000000004388
3.214535755959327,359.9999999980638,197.18873385392467,180.00000000004354
3.2155359226537756,359.99999999807983,197.18873385392467,180.00000000004317
3.216536089348225,359.9999999980957,197.18873385392467,180.00000000004283
3.2175362560426737,359.99999999811143,197.18873385392467,180.00000000004246
3.218536422737123,359.99999999812707,197.18873385392467,180.00000000004212
3.219536589431572,359.9999999981426,197.18873385392467,180.00000000004175
3.220536756126021,359.999999998158,197.18873385392467,180.0000000000414
3.22153692282047,359.9999999981732,197.18873385392467,180.00000000004107
3.2225370895149195,359.99999999818834,197.18873385392467,180.00000000004073
3.2235372562093683,359.99999999820335,197.18873385392467,180.00000000004042
3.2245374229038175,359.99999999821824,197.18873385392467,180.00000000004007
3.2255375895982663,359.99999999823297,197.18873385392467,180.00000000003973
3.2265377562927156,359.9999999982476,197.18873385392467,180.00000000003942
3.227537922987165,359.99999999826207,197.18873385392467,180.00000000003908
3.2285380896816136,359.9999999982765,197.18873385392467,180.00000000003874
3.229538256376063,359.9999999982907,197.18873385392467,180.00000000003843
3.230538423070512,359.9999999983049,197.18873385392467,180.0000000000381
3.231538589764961,359.9999999983189,197.18873385392467,180.0000000000378
3.23253875645941,359.99999999833284,197.18873385392467,180.00000000003752
3.233538923153859,359.9999999983466,197.18873385392467,180.0000000000372
3.234539089848308,359.9999999983603,197.18873385392467,180.0000000000369
3.2355392565427574,359.9999999983739,197.18873385392467,180.00000000003658
3.2365394232372062,359.99999999838735,197.18873385392467,180.0000000000363
3.2375395899316555,359.99999999840065,197.18873385392467,180.00000000003598
3.2385397566261043,359.9999999984139,197.18873385392467,180.00000000003567
3.2395399233205535,359.99999999842703,197.18873385392467,180.00000000003536
3.2405400900150028,359.99999999844005,197.18873385392467,180.00000000003507
3.2415402567094516,359.99999999845295,197.18873385392467,180.0000000000348
3.242540423403901,359.9999999984658,197.18873385392467,180.0000000000345
3.24354059009835,359.99999999847853,197.18873385392467,180.00000000003422
3.244540756792799,359.9999999984911,197.18873385392467,180.00000000003394
3.245540923487248,359.99999999850354,197.18873385392467,180.00000000003365
3.246541090181697,359.99999999851593,197.18873385392467,180.0000000000334
3.247541256876146,359.9999999985282,197.18873385392467,180.0000000000331
3.2485414235705954,359.9999999985404,197.18873385392467,180.00000000003283
3.249541590265044,359.9999999985524,197.18873385392467,180.00000000003254
3.2505417569594934,359.99999999856436,197.18873385392467,180.00000000003226
3.2515419236539422,359.99999999857624,197.18873385392467,180.000000000032
3.2525420903483915,359.999999998588,197.18873385392467,180.00000000003175
3.2535422570428407,359.9999999985997,197.18873385392467,180.0000000000315
3.2545424237372895,359.9999999986113,197.18873385392467,180.00000000003124
3.2555425904317388,359.99999999862285,197.18873385392467,180.00000000003098
3.256542757126188,359.9999999986342,197.18873385392467,180.00000000003072
3.257542923820637,359.99999999864554,197.18873385392467,180.00000000003047
3.258543090515086,359.99999999865673,197.18873385392467,180.00000000003024
3.259543257209535,359.9999999986678,197.18873385392467,180.00000000002998
3.260543423903984,359.99999999867885,197.18873385392467,180.00000000002973
3.2615435905984334,359.9999999986898,197.18873385392467,180.00000000002947
3.262543757292882,359.9999999987007,197.18873385392467,180.00000000002922
3.2635439239873314,359.9999999987114,197.18873385392467,180.00000000002896
3.26454409068178,359.9999999987221,197.18873385392467,180.00000000002873
3.2655442573762294,359.9999999987327,197.18873385392467,180.0000000000285
3.2665444240706787,359.99999999874314,197.18873385392467,180.00000000002828
3.2675445907651275,359.99999999875354,197.18873385392467,180.00000000002805
3.2685447574595767,359.9999999987639,197.18873385392467,180.0000000000278
3.269544924154026,359.99999999877406,197.18873385392467,180.00000000002757
3.270545090848475,359.99999999878423,197.18873385392467,180.00000000002734
3.271545257542924,359.9999999987943,197.18873385392467,180.00000000002711
3.272545424237373,359.99999999880424,197.18873385392467,180.0000000000269
3.273545590931822,359.99999999881413,197.18873385392467,180.00000000002666
3.2745457576262713,359.99999999882397,197.18873385392467,180.00000000002643
3.27554592432072,359.9999999988337,197.18873385392467,180.0000000000262
3.2765460910151694,359.99999999884335,197.18873385392467,180.00000000002598
3.2775462577096186,359.9999999988529,197.18873385392467,180.00000000002578
3.2785464244040674,359.99999999886245,197.18873385392467,180.00000000002558
3.2795465910985167,359.99999999887183,197.18873385392467,180.00000000002538
3.2805467577929655,359.99999999888115,197.18873385392467,180.00000000002515
3.2815469244874147,359.9999999988904,197.18873385392467,180.00000000002495
3.282547091181864,359.99999999889957,197.18873385392467,180.00000000002476
3.2835472578763127,359.99999999890866,197.18873385392467,180.00000000002456
3.284547424570762,359.9999999989177,197.18873385392467,180.00000000002436
3.285547591265211,359.9999999989266,197.18873385392467,180.00000000002416
3.28654775795966,359.99999999893555,197.18873385392467,180.00000000002393
3.2875479246541093,359.99999999894436,197.18873385392467,180.00000000002373
3.288548091348558,359.9999999989531,197.18873385392467,180.00000000002353
3.2895482580430073,359.99999999896175,197.18873385392467,180.00000000002333
3.2905484247374566,359.99999999897034,197.18873385392467,180.00000000002314
3.2915485914319054,359.99999999897886,197.18873385392467,180.00000000002294
3.2925487581263546,359.99999999898733,197.18873385392467,180.00000000002274
3.2935489248208034,359.9999999989957,197.18873385392467,180.00000000002257
3.2945490915152527,359.999999999004,197.18873385392467,180.0000000000224
3.295549258209702,359.99999999901223,197.18873385392467,180.00000000002223
3.2965494249041507,359.9999999990204,197.18873385392467,180.00000000002203
3.2975495915986,359.99999999902855,197.18873385392467,180.00000000002186
3.2985497582930488,359.99999999903656,197.18873385392467,180.00000000002169
3.299549924987498,359.9999999990446,197.18873385392467,180.0000000000215
3.3005500916819472,359.9999999990524,197.18873385392467,180.00000000002132
3.301550258376396,359.99999999906026,197.18873385392467,180.00000000002115
3.3025504250708453,359.99999999906805,197.18873385392467,180.00000000002098
3.3035505917652945,359.9999999990758,197.18873385392467,180.00000000002078
3.3045507584597433,359.99999999908346,197.18873385392467,180.0000000000206
3.3055509251541926,359.999999999091,197.18873385392467,180.00000000002044
3.3065510918486414,359.9999999990986,197.18873385392467,180.00000000002026
3.3075512585430906,359.999999999106,197.18873385392467,180.00000000002007
3.30855142523754,359.9999999991134,197.18873385392467,180.0000000000199
3.3095515919319887,359.99999999912075,197.18873385392467,180.00000000001975
3.310551758626438,359.999999999128,197.18873385392467,180.00000000001958
3.311551925320887,359.99999999913524,197.18873385392467,180.00000000001944
3.312552092015336,359.9999999991424,197.18873385392467,180.0000000000193
3.313552258709785,359.9999999991495,197.18873385392467,180.00000000001913
3.314552425404234,359.9999999991565,197.18873385392467,180.00000000001899
3.3155525920986832,359.9999999991635,197.18873385392467,180.00000000001882
3.3165527587931325,359.9999999991704,197.18873385392467,180.00000000001867
3.3175529254875813,359.9999999991773,197.18873385392467,180.00000000001853
3.3185530921820305,359.99999999918407,197.18873385392467,180.00000000001836
3.3195532588764793,359.9999999991909,197.18873385392467,180.00000000001822
3.3205534255709286,359.9999999991976,197.18873385392467,180.00000000001808
3.321553592265378,359.9999999992042,197.18873385392467,180.0000000000179
3.3225537589598266,359.9999999992108,197.18873385392467,180.00000000001776
3.323553925654276,359.99999999921727,197.18873385392467,180.0000000000176
3.324554092348725,359.99999999922375,197.18873385392467,180.00000000001745
3.325554259043174,359.99999999923017,197.18873385392467,180.0000000000173
3.326554425737623,359.99999999923654,197.18873385392467,180.00000000001714
3.327554592432072,359.99999999924285,197.18873385392467,180.000000000017
3.328554759126521,359.9999999992491,197.18873385392467,180.00000000001685
3.3295549258209705,359.9999999992553,197.18873385392467,180.0000000000167
3.3305550925154193,359.99999999926143,197.18873385392467,180.0000000000166
3.3315552592098685,359.9999999992676,197.18873385392467,180.00000000001646
3.3325554259043173,359.9999999992736,197.18873385392467,180.00000000001634
3.3335555925987665,359.9999999992796,197.18873385392467,180.0000000000162
3.334555759293216,359.9999999992856,197.18873385392467,180.0000000000161
3.3355559259876646,359.99999999929145,197.18873385392467,180.00000000001594
3.336556092682114,359.9999999992973,197.18873385392467,180.00000000001583
3.337556259376563,359.9999999993031,197.18873385392467,180.0000000000157
3.338556426071012,359.9999999993089,197.18873385392467,180.00000000001558
3.339556592765461,359.9999999993146,197.18873385392467,180.00000000001543
3.34055675945991,359.9999999993202,197.18873385392467,180.00000000001532
3.341556926154359,359.9999999993259,197.18873385392467,180.00000000001518
3.3425570928488084,359.99999999933146,197.18873385392467,180.00000000001506
3.343557259543257,359.99999999933704,197.18873385392467,180.00000000001492
3.3445574262377065,359.9999999993425,197.18873385392467,180.0000000000148
3.3455575929321553,359.99999999934795,197.18873385392467,180.0000000000147
3.3465577596266045,359.99999999935335,197.18873385392467,180.00000000001455
3.3475579263210538,359.9999999993587,197.18873385392467,180.00000000001444
3.3485580930155026,359.999999999364,197.18873385392467,180.0000000000143
3.349558259709952,359.9999999993692,197.18873385392467,180.00000000001418
3.350558426404401,359.9999999993745,197.18873385392467,180.00000000001404
3.35155859309885,359.99999999937967,197.18873385392467,180.00000000001393
3.352558759793299,359.9999999993848,197.18873385392467,180.00000000001378
3.353558926487748,359.9999999993899,197.18873385392467,180.0000000000137
3.354559093182197,359.9999999993949,197.18873385392467,180.00000000001359
3.3555592598766464,359.9999999993999,197.18873385392467,180.00000000001347
3.356559426571095,359.9999999994049,197.18873385392467,180.0000000000134
3.3575595932655444,359.99999999940985,197.18873385392467,180.00000000001327
3.3585597599599937,359.99999999941474,197.18873385392467,180.0000000000132
3.3595599266544425,359.9999999994196,197.18873385392467,180.00000000001307
3.3605600933488917,359.99999999942435,197.18873385392467,180.000000000013
3.3615602600433405,359.9999999994291,197.18873385392467,180.00000000001288
3.3625604267377898,359.99999999943384,197.18873385392467,180.00000000001276
3.363560593432239,359.99999999943856,197.18873385392467,180.00000000001268
3.364560760126688,359.99999999944316,197.18873385392467,180.00000000001256
3.365560926821137,359.9999999994478,197.18873385392467,180.00000000001248
3.366561093515586,359.99999999945237,197.18873385392467,180.00000000001236
3.367561260210035,359.9999999994569,197.18873385392467,180.00000000001225
3.3685614269044843,359.9999999994614,197.18873385392467,180.00000000001216
3.369561593598933,359.99999999946584,197.18873385392467,180.00000000001205
3.3705617602933824,359.9999999994703,197.18873385392467,180.00000000001197
3.3715619269878316,359.99999999947465,197.18873385392467,180.00000000001185
3.3725620936822804,359.999999999479,197.18873385392467,180.00000000001177
3.3735622603767297,359.99999999948335,197.18873385392467,180.00000000001165
3.3745624270711785,359.9999999994876,197.18873385392467,180.00000000001154
3.3755625937656277,359.9999999994918,197.18873385392467,180.00000000001145
3.376562760460077,359.999999999496,197.18873385392467,180.00000000001134
3.3775629271545258,359.99999999950023,197.18873385392467,180.00000000001125
3.378563093848975,359.9999999995043,197.18873385392467,180.00000000001114
3.379563260543424,359.9999999995085,197.18873385392467,180.00000000001106
3.380563427237873,359.9999999995125,197.18873385392467,180.00000000001094
3.3815635939323223,359.99999999951655,197.18873385392467,180.00000000001083
3.382563760626771,359.9999999995206,197.18873385392467,180.00000000001074
3.3835639273212204,359.99999999952456,197.18873385392467,180.00000000001066
3.3845640940156696,359.9999999995285,197.18873385392467,180.00000000001057
3.3855642607101184,359.9999999995324,197.18873385392467,180.00000000001052
3.3865644274045676,359.99999999953627,197.18873385392467,180.00000000001043
3.3875645940990164,359.9999999995401,197.18873385392467,180.00000000001035
3.3885647607934657,359.9999999995439,197.18873385392467,180.0000000000103
3.389564927487915,359.99999999954764,197.18873385392467,180.0000000000102
3.3905650941823637,359.9999999995514,197.18873385392467,180.00000000001012
3.391565260876813,359.99999999955514,197.18873385392467,180.00000000001006
3.3925654275712622,359.9999999995588,197.18873385392467,180.00000000000998
3.393565594265711,359.9999999995625,197.18873385392467,180.0000000000099
3.3945657609601603,359.99999999956606,197.18873385392467,180.00000000000983
3.395565927654609,359.9999999995697,197.18873385392467,180.00000000000975
3.3965660943490583,359.9999999995732,197.18873385392467,180.00000000000966
3.3975662610435076,359.99999999957674,197.18873385392467,180.00000000000958
3.3985664277379564,359.99999999958027,197.18873385392467,180.00000000000952
3.3995665944324056,359.99999999958374,197.18873385392467,180.00000000000944
3.4005667611268544,359.9999999995872,197.18873385392467,180.00000000000935
3.4015669278213037,359.9999999995906,197.18873385392467,180.0000000000093
3.402567094515753,359.999999999594,197.18873385392467,180.0000000000092
3.4035672612102017,359.9999999995974,197.18873385392467,180.00000000000912
3.404567427904651,359.9999999996007,197.18873385392467,180.00000000000907
3.4055675945991,359.999999999604,197.18873385392467,180.00000000000898
3.406567761293549,359.9999999996072,197.18873385392467,180.0000000000089
3.4075679279879982,359.9999999996105,197.18873385392467,180.00000000000884
3.408568094682447,359.9999999996137,197.18873385392467,180.00000000000875
3.4095682613768963,359.99999999961693,197.18873385392467,180.00000000000867
3.4105684280713455,359.99999999962006,197.18873385392467,180.0000000000086
3.4115685947657943,359.99999999962324,197.18873385392467,180.00000000000853
3.4125687614602436,359.9999999996263,197.18873385392467,180.00000000000844
3.4135689281546924,359.99999999962944,197.18873385392467,180.00000000000838
3.4145690948491416,359.9999999996325,197.18873385392467,180.0000000000083
3.415569261543591,359.9999999996355,197.18873385392467,180.0000000000082
3.4165694282380397,359.99999999963853,197.18873385392467,180.00000000000813
3.417569594932489,359.99999999964155,197.18873385392467,180.00000000000807
3.418569761626938,359.9999999996445,197.18873385392467,180.000000000008
3.419569928321387,359.99999999964746,197.18873385392467,180.0000000000079
3.420570095015836,359.99999999965036,197.18873385392467,180.00000000000784
3.421570261710285,359.99999999965326,197.18873385392467,180.00000000000776
3.4225704284047342,359.9999999996561,197.18873385392467,180.00000000000767
3.4235705950991835,359.99999999965894,197.18873385392467,180.00000000000762
3.4245707617936323,359.9999999996617,197.18873385392467,180.00000000000756
3.4255709284880815,359.99999999966457,197.18873385392467,180.0000000000075
3.4265710951825303,359.99999999966735,197.18873385392467,180.00000000000745
3.4275712618769796,359.9999999996701,197.18873385392467,180.0000000000074
3.428571428571429,359.9999999996728,197.18873385392467,180.00000000000736
3.4295715952658776,359.99999999967554,197.18873385392467,180.0000000000073
3.430571761960327,359.9999999996782,197.18873385392467,180.00000000000725
3.431571928654776,359.9999999996809,197.18873385392467,180.0000000000072
3.432572095349225,359.9999999996835,197.18873385392467,180.00000000000716
3.433572262043674,359.9999999996861,197.18873385392467,180.0000000000071
3.434572428738123,359.9999999996887,197.18873385392467,180.00000000000705
3.435572595432572,359.9999999996913,197.18873385392467,180.000000000007
3.4365727621270215,359.99999999969384,197.18873385392467,180.00000000000693
3.4375729288214703,359.9999999996964,197.18873385392467,180.0000000000069
3.4385730955159195,359.9999999996989,197.18873385392467,180.00000000000685
3.4395732622103687,359.9999999997014,197.18873385392467,180.0000000000068
3.4405734289048175,359.9999999997039,197.18873385392467,180.00000000000674
3.441573595599267,359.99999999970635,197.18873385392467,180.00000000000668
3.4425737622937156,359.99999999970873,197.18873385392467,180.00000000000665
3.443573928988165,359.9999999997112,197.18873385392467,180.0000000000066
3.444574095682614,359.99999999971357,197.18873385392467,180.00000000000654
3.445574262377063,359.99999999971595,197.18873385392467,180.00000000000648
3.446574429071512,359.9999999997183,197.18873385392467,180.00000000000642
3.447574595765961,359.9999999997206,197.18873385392467,180.0000000000064
3.44857476246041,359.9999999997229,197.18873385392467,180.00000000000634
3.4495749291548594,359.9999999997252,197.18873385392467,180.00000000000628
3.450575095849308,359.9999999997275,197.18873385392467,180.00000000000622
3.4515752625437575,359.9999999997297,197.18873385392467,180.0000000000062
3.4525754292382067,359.999999999732,197.18873385392467,180.00000000000614
3.4535755959326555,359.9999999997342,197.18873385392467,180.00000000000608
3.4545757626271048,359.9999999997364,197.18873385392467,180.00000000000603
3.4555759293215536,359.9999999997386,197.18873385392467,180.00000000000597
3.456576096016003,359.9999999997408,197.18873385392467,180.00000000000594
3.457576262710452,359.9999999997429,197.18873385392467,180.00000000000588
3.458576429404901,359.99999999974506,197.18873385392467,180.00000000000583
3.45957659609935,359.9999999997471,197.18873385392467,180.00000000000577
3.460576762793799,359.9999999997492,197.18873385392467,180.0000000000057
3.461576929488248,359.9999999997513,197.18873385392467,180.00000000000568
3.4625770961826974,359.99999999975336,197.18873385392467,180.00000000000563
3.463577262877146,359.9999999997554,197.18873385392467,180.00000000000557
3.4645774295715954,359.9999999997574,197.18873385392467,180.0000000000055
3.4655775962660447,359.9999999997594,197.18873385392467,180.00000000000546
3.4665777629604935,359.99999999976137,197.18873385392467,180.00000000000543
3.4675779296549427,359.99999999976336,197.18873385392467,180.00000000000537
3.4685780963493915,359.9999999997653,197.18873385392467,180.00000000000531
3.4695782630438408,359.9999999997672,197.18873385392467,180.00000000000526
3.47057842973829,359.99999999976916,197.18873385392467,180.0000000000052
3.471578596432739,359.9999999997711,197.18873385392467,180.00000000000517
3.472578763127188,359.99999999977297,197.18873385392467,180.00000000000512
3.473578929821637,359.99999999977484,197.18873385392467,180.00000000000506
3.474579096516086,359.9999999997768,197.18873385392467,180.000000000005
3.4755792632105353,359.9999999997786,197.18873385392467,180.00000000000497
3.476579429904984,359.9999999997804,197.18873385392467,180.00000000000492
3.4775795965994334,359.99999999978223,197.18873385392467,180.00000000000486
3.4785797632938826,359.99999999978405,197.18873385392467,180.0000000000048
3.4795799299883314,359.9999999997858,197.18873385392467,180.00000000000475
3.4805800966827807,359.9999999997876,197.18873385392467,180.00000000000472
3.4815802633772295,359.9999999997894,197.18873385392467,180.00000000000466
3.4825804300716787,359.9999999997911,197.18873385392467,180.0000000000046
3.483580596766128,359.9999999997928,197.18873385392467,180.00000000000458
3.4845807634605768,359.99999999979457,197.18873385392467,180.00000000000455
3.485580930155026,359.9999999997962,197.18873385392467,180.00000000000452
3.4865810968494753,359.9999999997979,197.18873385392467,180.0000000000045
3.487581263543924,359.99999999979957,197.18873385392467,180.0000000000045
3.4885814302383733,359.9999999998013,197.18873385392467,180.00000000000446
3.489581596932822,359.9999999998029,197.18873385392467,180.00000000000443
3.4905817636272714,359.9999999998045,197.18873385392467,180.0000000000044
3.4915819303217206,359.99999999980616,197.18873385392467,180.00000000000438
3.4925820970161694,359.9999999998078,197.18873385392467,180.00000000000435
3.4935822637106186,359.99999999980935,197.18873385392467,180.00000000000432
3.4945824304050674,359.99999999981094,197.18873385392467,180.0000000000043
3.4955825970995167,359.99999999981253,197.18873385392467,180.00000000000426
3.496582763793966,359.99999999981407,197.18873385392467,180.00000000000423
3.4975829304884147,359.9999999998156,197.18873385392467,180.00000000000423
3.498583097182864,359.9999999998171,197.18873385392467,180.0000000000042
3.499583263877313,359.9999999998186,197.18873385392467,180.00000000000418
3.500583430571762,359.9999999998201,197.18873385392467,180.00000000000415
3.5015835972662113,359.99999999982157,197.18873385392467,180.00000000000412
3.50258376396066,359.99999999982305,197.18873385392467,180.0000000000041
3.5035839306551093,359.9999999998245,197.18873385392467,180.00000000000406
3.5045840973495586,359.999999999826,197.18873385392467,180.00000000000404
3.5055842640440074,359.9999999998274,197.18873385392467,180.000000000004
3.5065844307384566,359.99999999982884,197.18873385392467,180.000000000004
3.5075845974329054,359.99999999983027,197.18873385392467,180.00000000000398
3.5085847641273546,359.9999999998317,197.18873385392467,180.00000000000395
3.509584930821804,359.9999999998331,197.18873385392467,180.00000000000392
3.5105850975162527,359.9999999998345,197.18873385392467,180.0000000000039
3.511585264210702,359.99999999983584,197.18873385392467,180.00000000000387
3.512585430905151,359.9999999998372,197.18873385392467,180.00000000000384
3.5135855975996,359.9999999998385,197.18873385392467,180.0000000000038
3.5145857642940492,359.9999999998399,197.18873385392467,180.00000000000378
3.515585930988498,359.9999999998412,197.18873385392467,180.00000000000375
3.5165860976829473,359.9999999998425,197.18873385392467,180.00000000000375
3.5175862643773965,359.9999999998438,197.18873385392467,180.00000000000372
3.5185864310718453,359.9999999998451,197.18873385392467,180.0000000000037
3.5195865977662946,359.99999999984635,197.18873385392467,180.00000000000367
3.5205867644607434,359.99999999984766,197.18873385392467,180.00000000000364
3.5215869311551926,359.9999999998489,197.18873385392467,180.0000000000036
3.522587097849642,359.99999999985016,197.18873385392467,180.00000000000358
3.5235872645440907,359.9999999998514,197.18873385392467,180.00000000000355
3.52458743123854,359.9999999998526,197.18873385392467,180.00000000000352
3.525587597932989,359.99999999985386,197.18873385392467,180.00000000000352
3.526587764627438,359.99999999985505,197.18873385392467,180.0000000000035
3.527587931321887,359.9999999998563,197.18873385392467,180.00000000000347
3.528588098016336,359.99999999985744,197.18873385392467,180.00000000000344
3.5295882647107852,359.99999999985863,197.18873385392467,180.0000000000034
3.5305884314052345,359.9999999998598,197.18873385392467,180.00000000000338
3.5315885980996833,359.99999999986096,197.18873385392467,180.00000000000335
3.5325887647941325,359.99999999986215,197.18873385392467,180.00000000000333
3.5335889314885818,359.99999999986323,197.18873385392467,180.0000000000033
3.5345890981830306,359.9999999998644,197.18873385392467,180.00000000000327
3.53558926487748,359.9999999998655,197.18873385392467,180.00000000000327
3.5365894315719286,359.99999999986665,197.18873385392467,180.00000000000324
3.537589598266378,359.9999999998677,197.18873385392467,180.0000000000032
3.538589764960827,359.99999999986886,197.18873385392467,180.00000000000318
3.539589931655276,359.99999999986994,197.18873385392467,180.00000000000315
3.540590098349725,359.999999999871,197.18873385392467,180.00000000000313
3.541590265044174,359.99999999987205,197.18873385392467,180.0000000000031
3.542590431738623,359.9999999998731,197.18873385392467,180.00000000000307
3.5435905984330724,359.9999999998742,197.18873385392467,180.00000000000304
3.5445907651275212,359.99999999987523,197.18873385392467,180.00000000000304
3.5455909318219705,359.99999999987625,197.18873385392467,180.000000000003
3.5465910985164197,359.9999999998773,197.18873385392467,180.00000000000298
3.5475912652108685,359.9999999998783,197.18873385392467,180.00000000000296
3.548591431905318,359.99999999987926,197.18873385392467,180.00000000000293
3.5495915985997666,359.9999999998803,197.18873385392467,180.0000000000029
3.550591765294216,359.99999999988125,197.18873385392467,180.00000000000287
3.551591931988665,359.9999999998822,197.18873385392467,180.00000000000284
3.552592098683114,359.9999999998832,197.18873385392467,180.0000000000028
3.553592265377563,359.99999999988415,197.18873385392467,180.00000000000279
3.554592432072012,359.9999999998851,197.18873385392467,180.00000000000279
3.555592598766461,359.9999999998861,197.18873385392467,180.00000000000276
3.5565927654609104,359.99999999988705,197.18873385392467,180.00000000000273
3.557592932155359,359.999999999888,197.18873385392467,180.0000000000027
3.5585930988498085,359.9999999998889,197.18873385392467,180.00000000000267
3.5595932655442577,359.99999999988984,197.18873385392467,180.00000000000264
3.5605934322387065,359.99999999989075,197.18873385392467,180.00000000000261
3.5615935989331557,359.99999999989166,197.18873385392467,180.0000000000026
3.5625937656276045,359.99999999989257,197.18873385392467,180.00000000000256
3.563593932322054,359.9999999998934,197.18873385392467,180.00000000000253
3.564594099016503,359.9999999998943,197.18873385392467,180.00000000000253
3.565594265710952,359.9999999998952,197.18873385392467,180.0000000000025
3.566594432405401,359.99999999989603,197.18873385392467,180.00000000000247
3.5675945990998503,359.9999999998969,197.18873385392467,180.00000000000244
3.568594765794299,359.99999999989774,197.18873385392467,180.00000000000242
3.5695949324887484,359.99999999989865,197.18873385392467,180.0000000000024
3.570595099183197,359.99999999989944,197.18873385392467,180.00000000000236
3.5715952658776464,359.99999999990024,197.18873385392467,180.00000000000233
3.5725954325720957,359.9999999999011,197.18873385392467,180.0000000000023
3.5735955992665445,359.9999999999019,197.18873385392467,180.0000000000023
3.5745957659609937,359.9999999999027,197.18873385392467,180.00000000000227
3.5755959326554425,359.99999999990354,197.18873385392467,180.00000000000225
3.5765960993498918,359.99999999990433,197.18873385392467,180.00000000000222
3.577596266044341,359.9999999999051,197.18873385392467,180.0000000000022
3.57859643273879,359.9999999999059,197.18873385392467,180.00000000000216
3.579596599433239,359.99999999990666,197.18873385392467,180.00000000000213
3.5805967661276883,359.99999999990746,197.18873385392467,180.0000000000021
3.581596932822137,359.9999999999082,197.18873385392467,180.00000000000207
3.5825970995165863,359.99999999990894,197.18873385392467,180.00000000000205
3.583597266211035,359.99999999990973,197.18873385392467,180.00000000000205
3.5845974329054844,359.9999999999105,197.18873385392467,180.00000000000202
3.5855975995999336,359.99999999991127,197.18873385392467,180.000000000002
3.5865977662943824,359.99999999991195,197.18873385392467,180.00000000000196
3.5875979329888317,359.9999999999127,197.18873385392467,180.00000000000193
3.5885980996832805,359.99999999991337,197.18873385392467,180.0000000000019
3.5895982663777297,359.9999999999141,197.18873385392467,180.00000000000188
3.590598433072179,359.9999999999148,197.18873385392467,180.00000000000185
3.5915985997666278,359.99999999991553,197.18873385392467,180.00000000000182
3.592598766461077,359.9999999999162,197.18873385392467,180.00000000000182
3.5935989331555263,359.99999999991695,197.18873385392467,180.0000000000018
3.594599099849975,359.99999999991763,197.18873385392467,180.00000000000176
3.5955992665444243,359.9999999999183,197.18873385392467,180.00000000000173
3.596599433238873,359.999999999919,197.18873385392467,180.0000000000017
3.5975995999333223,359.9999999999196,197.18873385392467,180.00000000000168
3.5985997666277716,359.9999999999203,197.18873385392467,180.00000000000165
3.5995999333222204,359.999999999921,197.18873385392467,180.00000000000162
3.6006001000166696,359.9999999999216,197.18873385392467,180.0000000000016
3.6016002667111184,359.9999999999223,197.18873385392467,180.00000000000156
3.6026004334055677,359.999999999923,197.18873385392467,180.00000000000156
3.603600600100017,359.9999999999236,197.18873385392467,180.00000000000156
3.6046007667944657,359.9999999999242,197.18873385392467,180.00000000000156
3.605600933488915,359.99999999992485,197.18873385392467,180.00000000000156
3.606601100183364,359.9999999999254,197.18873385392467,180.00000000000156
3.607601266877813,359.99999999992605,197.18873385392467,180.00000000000156
3.6086014335722623,359.9999999999267,197.18873385392467,180.00000000000156
3.609601600266711,359.9999999999273,197.18873385392467,180.00000000000156
3.6106017669611603,359.99999999992787,197.18873385392467,180.00000000000156
3.6116019336556096,359.9999999999285,197.18873385392467,180.00000000000156
3.6126021003500584,359.9999999999291,197.18873385392467,180.00000000000156
3.6136022670445076,359.99999999992974,197.18873385392467,180.00000000000156
3.614602433738957,359.99999999993025,197.18873385392467,180.00000000000156
3.6156026004334056,359.9999999999308,197.18873385392467,180.00000000000156
3.616602767127855,359.9999999999314,197.18873385392467,180.00000000000156
3.6176029338223037,359.99999999993196,197.18873385392467,180.00000000000156
3.618603100516753,359.9999999999325,197.18873385392467,180.00000000000156
3.619603267211202,359.9999999999331,197.18873385392467,180.00000000000156
3.620603433905651,359.99999999993366,197.18873385392467,180.00000000000156
3.6216036006001002,359.9999999999342,197.18873385392467,180.00000000000156
3.622603767294549,359.99999999993474,197.18873385392467,180.00000000000156
3.6236039339889983,359.9999999999353,197.18873385392467,180.00000000000156
3.6246041006834475,359.9999999999359,197.18873385392467,180.00000000000156
3.6256042673778963,359.9999999999364,197.18873385392467,180.00000000000156
3.6266044340723456,359.9999999999369,197.18873385392467,180.00000000000156
3.627604600766795,359.9999999999374,197.18873385392467,180.00000000000156
3.6286047674612436,359.9999999999379,197.18873385392467,180.00000000000156
3.629604934155693,359.99999999993844,197.18873385392467,180.00000000000156
3.6306051008501417,359.99999999993895,197.18873385392467,180.00000000000156
3.631605267544591,359.99999999993946,197.18873385392467,180.00000000000156
3.63260543423904,359.99999999994,197.18873385392467,180.00000000000156
3.633605600933489,359.9999999999405,197.18873385392467,180.00000000000156
3.634605767627938,359.99999999994094,197.18873385392467,180.00000000000156
3.635605934322387,359.99999999994145,197.18873385392467,180.00000000000156
3.6366061010168362,359.99999999994196,197.18873385392467,180.00000000000156
3.6376062677112855,359.9999999999424,197.18873385392467,180.00000000000156
3.6386064344057343,359.99999999994293,197.18873385392467,180.00000000000156
3.6396066011001835,359.9999999999434,197.18873385392467,180.00000000000156
3.6406067677946328,359.99999999994384,197.18873385392467,180.00000000000156
3.6416069344890816,359.9999999999443,197.18873385392467,180.00000000000156
3.642607101183531,359.99999999994475,197.18873385392467,180.00000000000156
3.6436072678779796,359.9999999999452,197.18873385392467,180.00000000000156
3.644607434572429,359.99999999994566,197.18873385392467,180.00000000000156
3.645607601266878,359.9999999999461,197.18873385392467,180.00000000000156
3.646607767961327,359.99999999994657,197.18873385392467,180.00000000000156
3.647607934655776,359.999999999947,197.18873385392467,180.00000000000156
3.6486081013502254,359.9999999999475,197.18873385392467,180.00000000000156
3.649608268044674,359.99999999994793,197.18873385392467,180.00000000000156
3.6506084347391234,359.99999999994833,197.18873385392467,180.00000000000156
3.6516086014335722,359.9999999999487,197.18873385392467,180.00000000000156
3.6526087681280215,359.9999999999492,197.18873385392467,180.00000000000156
3.6536089348224707,359.9999999999496,197.18873385392467,180.00000000000156
3.6546091015169195,359.99999999995,197.18873385392467,180.00000000000156
3.655609268211369,359.9999999999504,197.18873385392467,180.00000000000156
3.6566094349058176,359.9999999999508,197.18873385392467,180.00000000000156
3.657609601600267,359.99999999995117,197.18873385392467,180.00000000000156
3.658609768294716,359.9999999999516,197.18873385392467,180.00000000000156
3.659609934989165,359.999999999952,197.18873385392467,180.00000000000156
3.660610101683614,359.9999999999524,197.18873385392467,180.00000000000156
3.6616102683780634,359.9999999999528,197.18873385392467,180.00000000000156
3.662610435072512,359.9999999999532,197.18873385392467,180.00000000000156
3.6636106017669614,359.9999999999536,197.18873385392467,180.00000000000156
3.66461076846141,359.99999999995407,197.18873385392467,180.00000000000156
3.6656109351558595,359.9999999999544,197.18873385392467,180.00000000000156
3.6666111018503087,359.99999999995475,197.18873385392467,180.00000000000156
3.6676112685447575,359.9999999999551,197.18873385392467,180.00000000000156
3.6686114352392067,359.9999999999555,197.18873385392467,180.00000000000156
3.6696116019336555,359.99999999995583,197.18873385392467,180.00000000000156
3.670611768628105,359.9999999999562,197.18873385392467,180.00000000000156
3.671611935322554,359.9999999999565,197.18873385392467,180.00000000000156
3.672612102017003,359.9999999999569,197.18873385392467,180.00000000000156
3.673612268711452,359.99999999995725,197.18873385392467,180.00000000000156
3.6746124354059013,359.9999999999576,197.18873385392467,180.00000000000156
3.67561260210035,359.99999999995794,197.18873385392467,180.00000000000156
3.6766127687947994,359.99999999995833,197.18873385392467,180.00000000000156
3.677612935489248,359.9999999999587,197.18873385392467,180.00000000000156
3.6786131021836974,359.999999999959,197.18873385392467,180.00000000000156
3.6796132688781467,359.9999999999594,197.18873385392467,180.00000000000156
3.6806134355725955,359.99999999995975,197.18873385392467,180.00000000000156
3.6816136022670447,359.9999999999601,197.18873385392467,180.00000000000156
3.6826137689614935,359.9999999999604,197.18873385392467,180.00000000000156
3.6836139356559428,359.9999999999607,197.18873385392467,180.00000000000156
3.684614102350392,359.999999999961,197.18873385392467,180.00000000000156
3.685614269044841,359.99999999996135,197.18873385392467,180.00000000000156
3.68661443573929,359.99999999996163,197.18873385392467,180.00000000000156
3.6876146024337393,359.9999999999619,197.18873385392467,180.00000000000156
3.688614769128188,359.99999999996226,197.18873385392467,180.00000000000156
3.6896149358226373,359.99999999996254,197.18873385392467,180.00000000000156
3.690615102517086,359.9999999999628,197.18873385392467,180.00000000000156
3.6916152692115354,359.99999999996317,197.18873385392467,180.00000000000156
3.6926154359059846,359.99999999996345,197.18873385392467,180.00000000000156
3.6936156026004334,359.9999999999638,197.18873385392467,180.00000000000156
3.6946157692948827,359.9999999999641,197.18873385392467,180.00000000000156
3.695615935989332,359.99999999996436,197.18873385392467,180.00000000000156
3.6966161026837807,359.9999999999647,197.18873385392467,180.00000000000156
3.69761626937823,359.999999999965,197.18873385392467,180.00000000000156
3.6986164360726788,359.99999999996527,197.18873385392467,180.00000000000156
3.699616602767128,359.9999999999656,197.18873385392467,180.00000000000156
3.7006167694615772,359.9999999999659,197.18873385392467,180.00000000000156
3.701616936156026,359.99999999996624,197.18873385392467,180.00000000000156
3.7026171028504753,359.99999999996646,197.18873385392467,180.00000000000156
3.703617269544924,359.9999999999667,197.18873385392467,180.00000000000156
3.7046174362393733,359.999999999967,197.18873385392467,180.00000000000156
3.7056176029338226,359.9999999999672,197.18873385392467,180.00000000000156
3.7066177696282714,359.9999999999675,197.18873385392467,180.00000000000156
3.7076179363227206,359.9999999999677,197.18873385392467,180.00000000000156
3.70861810301717,359.999999999968,197.18873385392467,180.00000000000156
3.7096182697116187,359.9999999999682,197.18873385392467,180.00000000000156
3.710618436406068,359.9999999999685,197.18873385392467,180.00000000000156
3.7116186031005167,359.99999999996874,197.18873385392467,180.00000000000156
3.712618769794966,359.999999999969,197.18873385392467,180.00000000000156
3.713618936489415,359.99999999996925,197.18873385392467,180.00000000000156
3.714619103183864,359.99999999996953,197.18873385392467,180.00000000000156
3.7156192698783133,359.99999999996976,197.18873385392467,180.00000000000156
3.716619436572762,359.99999999997004,197.18873385392467,180.00000000000156
3.7176196032672113,359.99999999997027,197.18873385392467,180.00000000000156
3.7186197699616605,359.99999999997056,197.18873385392467,180.00000000000156
3.7196199366561093,359.9999999999708,197.18873385392467,180.00000000000156
3.7206201033505586,359.99999999997107,197.18873385392467,180.00000000000156
3.721620270045008,359.9999999999713,197.18873385392467,180.00000000000156
3.7226204367394566,359.9999999999716,197.18873385392467,180.00000000000156
3.723620603433906,359.9999999999718,197.18873385392467,180.00000000000156
3.7246207701283547,359.99999999997203,197.18873385392467,180.00000000000156
3.725620936822804,359.9999999999723,197.18873385392467,180.00000000000156
3.726621103517253,359.99999999997254,197.18873385392467,180.00000000000156
3.727621270211702,359.9999999999728,197.18873385392467,180.00000000000156
3.728621436906151,359.999999999973,197.18873385392467,180.00000000000156
3.7296216036006,359.99999999997317,197.18873385392467,180.00000000000156
3.7306217702950493,359.9999999999734,197.18873385392467,180.00000000000156
3.7316219369894985,359.99999999997357,197.18873385392467,180.00000000000156
3.7326221036839473,359.9999999999738,197.18873385392467,180.00000000000156
3.7336222703783966,359.999999999974,197.18873385392467,180.00000000000156
3.734622437072846,359.9999999999742,197.18873385392467,180.00000000000156
3.7356226037672946,359.9999999999744,197.18873385392467,180.00000000000156
3.736622770461744,359.9999999999746,197.18873385392467,180.00000000000156
3.7376229371561926,359.9999999999748,197.18873385392467,180.00000000000156
3.738623103850642,359.999999999975,197.18873385392467,180.00000000000156
3.739623270545091,359.9999999999752,197.18873385392467,180.00000000000156
3.74062343723954,359.99999999997544,197.18873385392467,180.00000000000156
3.741623603933989,359.9999999999756,197.18873385392467,180.00000000000156
3.7426237706284384,359.99999999997584,197.18873385392467,180.00000000000156
3.7436239373228872,359.999999999976,197.18873385392467,180.00000000000156
3.7446241040173365,359.99999999997624,197.18873385392467,180.00000000000156
3.7456242707117853,359.9999999999764,197.18873385392467,180.00000000000156
3.7466244374062345,359.99999999997664,197.18873385392467,180.00000000000156
3.7476246041006838,359.99999999997686,197.18873385392467,180.00000000000156
3.7486247707951326,359.99999999997704,197.18873385392467,180.00000000000156
3.749624937489582,359.99999999997726,197.18873385392467,180.00000000000156
3.7506251041840306,359.99999999997743,197.18873385392467,180.00000000000156
3.75162527087848,359.99999999997766,197.18873385392467,180.00000000000156
3.752625437572929,359.9999999999779,197.18873385392467,180.00000000000156
3.753625604267378,359.99999999997806,197.18873385392467,180.00000000000156
3.754625770961827,359.9999999999783,197.18873385392467,180.00000000000156
3.7556259376562764,359.99999999997846,197.18873385392467,180.00000000000156
3.756626104350725,359.9999999999787,197.18873385392467,180.00000000000156
3.7576262710451744,359.99999999997885,197.18873385392467,180.00000000000156
3.7586264377396232,359.99999999997897,197.18873385392467,180.00000000000156
3.7596266044340725,359.99999999997914,197.18873385392467,180.00000000000156
3.7606267711285217,359.9999999999793,197.18873385392467,180.00000000000156
3.7616269378229705,359.9999999999794,197.18873385392467,180.00000000000156
3.7626271045174198,359.9999999999796,197.18873385392467,180.00000000000156
3.7636272712118686,359.99999999997976,197.18873385392467,180.00000000000156
3.764627437906318,359.9999999999799,197.18873385392467,180.00000000000156
3.765627604600767,359.99999999998005,197.18873385392467,180.00000000000156
3.766627771295216,359.9999999999802,197.18873385392467,180.00000000000156
3.767627937989665,359.99999999998033,197.18873385392467,180.00000000000156
3.7686281046841144,359.9999999999805,197.18873385392467,180.00000000000156
3.769628271378563,359.9999999999807,197.18873385392467,180.00000000000156
3.7706284380730124,359.9999999999808,197.18873385392467,180.00000000000156
3.771628604767461,359.99999999998096,197.18873385392467,180.00000000000156
3.7726287714619104,359.9999999999811,197.18873385392467,180.00000000000156
3.7736289381563597,359.9999999999813,197.18873385392467,180.00000000000156
3.7746291048508085,359.9999999999814,197.18873385392467,180.00000000000156
3.7756292715452577,359.9999999999816,197.18873385392467,180.00000000000156
3.7766294382397065,359.99999999998175,197.18873385392467,180.00000000000156
3.777629604934156,359.99999999998187,197.18873385392467,180.00000000000156
3.778629771628605,359.99999999998204,197.18873385392467,180.00000000000156
3.779629938323054,359.9999999999822,197.18873385392467,180.00000000000156
3.780630105017503,359.9999999999823,197.18873385392467,180.00000000000156
3.7816302717119523,359.9999999999825,197.18873385392467,180.00000000000156
3.782630438406401,359.99999999998266,197.18873385392467,180.00000000000156
3.7836306051008504,359.9999999999828,197.18873385392467,180.00000000000156
3.784630771795299,359.99999999998295,197.18873385392467,180.00000000000156
3.7856309384897484,359.9999999999831,197.18873385392467,180.00000000000156
3.7866311051841977,359.99999999998323,197.18873385392467,180.00000000000156
3.7876312718786465,359.9999999999834,197.18873385392467,180.00000000000156
3.7886314385730957,359.9999999999836,197.18873385392467,180.00000000000156
3.789631605267545,359.9999999999837,197.18873385392467,180.00000000000156
3.7906317719619937,359.99999999998386,197.18873385392467,180.00000000000156
3.791631938656443,359.999999999984,197.18873385392467,180.00000000000156
3.792632105350892,359.9999999999842,197.18873385392467,180.00000000000156
3.793632272045341,359.9999999999843,197.18873385392467,180.00000000000156
3.7946324387397903,359.9999999999845,197.18873385392467,180.00000000000156
3.795632605434239,359.99999999998465,197.18873385392467,180.00000000000156
3.7966327721286883,359.9999999999847,197.18873385392467,180.00000000000156
3.797632938823137,359.9999999999848,197.18873385392467,180.00000000000156
3.7986331055175864,359.99999999998494,197.18873385392467,180.00000000000156
3.7996332722120356,359.99999999998505,197.18873385392467,180.00000000000156
3.8006334389064844,359.99999999998516,197.18873385392467,180.00000000000156
3.8016336056009337,359.9999999999852,197.18873385392467,180.00000000000156
3.802633772295383,359.99999999998533,197.18873385392467,180.00000000000156
3.8036339389898317,359.99999999998545,197.18873385392467,180.00000000000156
3.804634105684281,359.99999999998556,197.18873385392467,180.00000000000156
3.8056342723787298,359.9999999999857,197.18873385392467,180.00000000000156
3.806634439073179,359.99999999998573,197.18873385392467,180.00000000000156
3.8076346057676282,359.99999999998585,197.18873385392467,180.00000000000156
3.808634772462077,359.99999999998596,197.18873385392467,180.00000000000156
3.8096349391565263,359.9999999999861,197.18873385392467,180.00000000000156
3.810635105850975,359.99999999998613,197.18873385392467,180.00000000000156
3.8116352725454243,359.99999999998624,197.18873385392467,180.00000000000156
3.8126354392398736,359.99999999998636,197.18873385392467,180.00000000000156
3.8136356059343224,359.99999999998647,197.18873385392467,180.00000000000156
3.8146357726287716,359.9999999999866,197.18873385392467,180.00000000000156
3.815635939323221,359.99999999998664,197.18873385392467,180.00000000000156
3.8166361060176697,359.99999999998676,197.18873385392467,180.00000000000156
3.817636272712119,359.99999999998687,197.18873385392467,180.00000000000156
3.8186364394065677,359.999999999987,197.18873385392467,180.00000000000156
3.819636606101017,359.9999999999871,197.18873385392467,180.00000000000156
3.820636772795466,359.99999999998715,197.18873385392467,180.00000000000156
3.821636939489915,359.99999999998727,197.18873385392467,180.00000000000156
3.8226371061843643,359.9999999999874,197.18873385392467,180.00000000000156
3.8236372728788135,359.9999999999875,197.18873385392467,180.00000000000156
3.8246374395732623,359.9999999999876,197.18873385392467,180.00000000000156
3.8256376062677115,359.99999999998766,197.18873385392467,180.00000000000156
3.8266377729621603,359.9999999999878,197.18873385392467,180.00000000000156
3.8276379396566096,359.9999999999879,197.18873385392467,180.00000000000156
3.828638106351059,359.999999999988,197.18873385392467,180.00000000000156
3.8296382730455076,359.99999999998806,197.18873385392467,180.00000000000156
3.830638439739957,359.9999999999882,197.18873385392467,180.00000000000156
3.8316386064344057,359.9999999999883,197.18873385392467,180.00000000000156
3.832638773128855,359.9999999999884,197.18873385392467,180.00000000000156
3.833638939823304,359.9999999999885,197.18873385392467,180.00000000000156
3.834639106517753,359.9999999999886,197.18873385392467,180.00000000000156
3.835639273212202,359.9999999999887,197.18873385392467,180.00000000000156
3.8366394399066515,359.9999999999888,197.18873385392467,180.00000000000156
3.8376396066011003,359.9999999999889,197.18873385392467,180.00000000000156
3.8386397732955495,359.99999999998903,197.18873385392467,180.00000000000156
3.8396399399899983,359.9999999999891,197.18873385392467,180.00000000000156
3.8406401066844476,359.9999999999892,197.18873385392467,180.00000000000156
3.841640273378897,359.9999999999893,197.18873385392467,180.00000000000156
3.8426404400733456,359.9999999999894,197.18873385392467,180.00000000000156
3.843640606767795,359.99999999998954,197.18873385392467,180.00000000000156
3.8446407734622436,359.9999999999896,197.18873385392467,180.00000000000156
3.845640940156693,359.9999999999897,197.18873385392467,180.00000000000156
3.846641106851142,359.9999999999898,197.18873385392467,180.00000000000156
3.847641273545591,359.99999999998994,197.18873385392467,180.00000000000156
3.84864144024004,359.99999999999005,197.18873385392467,180.00000000000156
3.8496416069344894,359.9999999999901,197.18873385392467,180.00000000000156
3.8506417736289382,359.9999999999902,197.18873385392467,180.00000000000156
3.8516419403233875,359.99999999999034,197.18873385392467,180.00000000000156
3.8526421070178363,359.99999999999045,197.18873385392467,180.00000000000156
3.8536422737122855,359.9999999999905,197.18873385392467,180.00000000000156
3.8546424404067348,359.9999999999906,197.18873385392467,180.00000000000156
3.8556426071011836,359.99999999999073,197.18873385392467,180.00000000000156
3.856642773795633,359.99999999999085,197.18873385392467,180.00000000000156
3.8576429404900816,359.9999999999909,197.18873385392467,180.00000000000156
3.858643107184531,359.99999999999096,197.18873385392467,180.00000000000156
3.85964327387898,359.999999999991,197.18873385392467,180.00000000000156
3.860643440573429,359.999999999991,197.18873385392467,180.00000000000156
3.861643607267878,359.9999999999911,197.18873385392467,180.00000000000156
3.8626437739623274,359.99999999999113,197.18873385392467,180.00000000000156
3.863643940656776,359.9999999999912,197.18873385392467,180.00000000000156
3.8646441073512254,359.99999999999125,197.18873385392467,180.00000000000156
3.8656442740456742,359.9999999999913,197.18873385392467,180.00000000000156
3.8666444407401235,359.99999999999136,197.18873385392467,180.00000000000156
3.8676446074345727,359.9999999999914,197.18873385392467,180.00000000000156
3.8686447741290215,359.9999999999915,197.18873385392467,180.00000000000156
3.8696449408234708,359.9999999999915,197.18873385392467,180.00000000000156
3.87064510751792,359.99999999999153,197.18873385392467,180.00000000000156
3.871645274212369,359.9999999999916,197.18873385392467,180.00000000000156
3.872645440906818,359.99999999999164,197.18873385392467,180.00000000000156
3.873645607601267,359.9999999999917,197.18873385392467,180.00000000000156
3.874645774295716,359.99999999999176,197.18873385392467,180.00000000000156
3.8756459409901654,359.9999999999918,197.18873385392467,180.00000000000156
3.876646107684614,359.99999999999187,197.18873385392467,180.00000000000156
3.8776462743790634,359.9999999999919,197.18873385392467,180.00000000000156
3.878646441073512,359.999999999992,197.18873385392467,180.00000000000156
3.8796466077679614,359.999999999992,197.18873385392467,180.00000000000156
3.8806467744624107,359.99999999999204,197.18873385392467,180.00000000000156
3.8816469411568595,359.9999999999921,197.18873385392467,180.00000000000156
3.8826471078513087,359.99999999999216,197.18873385392467,180.00000000000156
3.883647274545758,359.9999999999922,197.18873385392467,180.00000000000156
3.8846474412402068,359.99999999999227,197.18873385392467,180.00000000000156
3.885647607934656,359.9999999999923,197.18873385392467,180.00000000000156
3.886647774629105,359.9999999999924,197.18873385392467,180.00000000000156
3.887647941323554,359.99999999999244,197.18873385392467,180.00000000000156
3.8886481080180033,359.99999999999244,197.18873385392467,180.00000000000156
3.889648274712452,359.9999999999925,197.18873385392467,180.00000000000156
3.8906484414069014,359.99999999999255,197.18873385392467,180.00000000000156
3.89164860810135,359.9999999999926,197.18873385392467,180.00000000000156
3.8926487747957994,359.99999999999267,197.18873385392467,180.00000000000156
3.8936489414902486,359.9999999999927,197.18873385392467,180.00000000000156
3.8946491081846975,359.9999999999928,197.18873385392467,180.00000000000156
3.8956492748791467,359.99999999999284,197.18873385392467,180.00000000000156
3.896649441573596,359.9999999999929,197.18873385392467,180.00000000000156
3.8976496082680447,359.99999999999295,197.18873385392467,180.00000000000156
3.898649774962494,359.99999999999295,197.18873385392467,180.00000000000156
3.899649941656943,359.999999999993,197.18873385392467,180.00000000000156
3.900650108351392,359.99999999999307,197.18873385392467,180.00000000000156
3.9016502750458413,359.9999999999931,197.18873385392467,180.00000000000156
3.90265044174029,359.9999999999932,197.18873385392467,180.00000000000156
3.9036506084347393,359.99999999999324,197.18873385392467,180.00000000000156
3.9046507751291886,359.9999999999933,197.18873385392467,180.00000000000156
3.9056509418236374,359.99999999999335,197.18873385392467,180.00000000000156
3.9066511085180866,359.9999999999934,197.18873385392467,180.00000000000156
3.9076512752125354,359.9999999999934,197.18873385392467,180.00000000000156
3.9086514419069847,359.99999999999346,197.18873385392467,180.00000000000156
3.909651608601434,359.9999999999935,197.18873385392467,180.00000000000156
3.9106517752958827,359.9999999999936,197.18873385392467,180.00000000000156
3.911651941990332,359.99999999999363,197.18873385392467,180.00000000000156
3.9126521086847807,359.9999999999937,197.18873385392467,180.00000000000156
3.91365227537923,359.99999999999375,197.18873385392467,180.00000000000156
3.9146524420736792,359.9999999999938,197.18873385392467,180.00000000000156
3.915652608768128,359.99999999999386,197.18873385392467,180.00000000000156
3.9166527754625773,359.9999999999939,197.18873385392467,180.00000000000156
3.9176529421570265,359.9999999999939,197.18873385392467,180.00000000000156
3.9186531088514753,359.999999999994,197.18873385392467,180.00000000000156
3.9196532755459246,359.99999999999403,197.18873385392467,180.00000000000156
3.9206534422403734,359.9999999999941,197.18873385392467,180.00000000000156
3.9216536089348226,359.99999999999415,197.18873385392467,180.00000000000156
3.922653775629272,359.9999999999942,197.18873385392467,180.00000000000156
3.9236539423237207,359.99999999999426,197.18873385392467,180.00000000000156
3.92465410901817,359.9999999999943,197.18873385392467,180.00000000000156
3.9256542757126187,359.9999999999944,197.18873385392467,180.00000000000156
3.926654442407068,359.9999999999944,197.18873385392467,180.00000000000156
3.927654609101517,359.99999999999443,197.18873385392467,180.00000000000156
3.928654775795966,359.9999999999945,197.18873385392467,180.00000000000156
3.9296549424904152,359.99999999999454,197.18873385392467,180.00000000000156
3.9306551091848645,359.9999999999946,197.18873385392467,180.00000000000156
3.9316552758793133,359.99999999999466,197.18873385392467,180.00000000000156
3.9326554425737625,359.9999999999947,197.18873385392467,180.00000000000156
3.9336556092682113,359.99999999999477,197.18873385392467,180.00000000000156
3.9346557759626606,359.9999999999948,197.18873385392467,180.00000000000156
3.93565594265711,359.9999999999949,197.18873385392467,180.00000000000156
3.9366561093515586,359.9999999999949,197.18873385392467,180.00000000000156
3.937656276046008,359.99999999999494,197.18873385392467,180.00000000000156
3.9386564427404567,359.999999999995,197.18873385392467,180.00000000000156
3.939656609434906,359.99999999999505,197.18873385392467,180.00000000000156
3.940656776129355,359.9999999999951,197.18873385392467,180.00000000000156
3.941656942823804,359.99999999999517,197.18873385392467,180.00000000000156
3.942657109518253,359.9999999999952,197.18873385392467,180.00000000000156
3.9436572762127025,359.9999999999953,197.18873385392467,180.00000000000156
3.9446574429071513,359.99999999999534,197.18873385392467,180.00000000000156
3.9456576096016005,359.9999999999954,197.18873385392467,180.00000000000156
3.9466577762960493,359.9999999999954,197.18873385392467,180.00000000000156
3.9476579429904985,359.99999999999545,197.18873385392467,180.00000000000156
3.948658109684948,359.9999999999955,197.18873385392467,180.00000000000156
3.9496582763793966,359.99999999999557,197.18873385392467,180.00000000000156
3.950658443073846,359.9999999999956,197.18873385392467,180.00000000000156
3.951658609768295,359.9999999999957,197.18873385392467,180.00000000000156
3.952658776462744,359.99999999999574,197.18873385392467,180.00000000000156
3.953658943157193,359.9999999999958,197.18873385392467,180.00000000000156
3.954659109851642,359.99999999999585,197.18873385392467,180.00000000000156
3.955659276546091,359.99999999999585,197.18873385392467,180.00000000000156
3.9566594432405404,359.9999999999959,197.18873385392467,180.00000000000156
3.957659609934989,359.99999999999596,197.18873385392467,180.00000000000156
3.9586597766294385,359.999999999996,197.18873385392467,180.00000000000156
3.9596599433238873,359.9999999999961,197.18873385392467,180.00000000000156
3.9606601100183365,359.99999999999613,197.18873385392467,180.00000000000156
3.9616602767127858,359.9999999999962,197.18873385392467,180.00000000000156
3.9626604434072346,359.99999999999625,197.18873385392467,180.00000000000156
3.963660610101684,359.9999999999963,197.18873385392467,180.00000000000156
3.964660776796133,359.99999999999636,197.18873385392467,180.00000000000156
3.965660943490582,359.99999999999636,197.18873385392467,180.00000000000156
3.966661110185031,359.9999999999964,197.18873385392467,180.00000000000156
3.96766127687948,359.9999999999965,197.18873385392467,180.00000000000156
3.968661443573929,359.99999999999653,197.18873385392467,180.00000000000156
3.9696616102683784,359.9999999999966,197.18873385392467,180.00000000000156
3.970661776962827,359.99999999999665,197.18873385392467,180.00000000000156
3.9716619436572764,359.9999999999967,197.18873385392467,180.00000000000156
3.9726621103517252,359.99999999999676,197.18873385392467,180.00000000000156
3.9736622770461745,359.9999999999968,197.18873385392467,180.00000000000156
3.9746624437406237,359.9999999999968,197.18873385392467,180.00000000000156
3.9756626104350725,359.9999999999969,197.18873385392467,180.00000000000156
3.9766627771295218,359.9999999999969,197.18873385392467,180.00000000000156
3.977662943823971,359.9999999999969,197.18873385392467,180.00000000000156
3.97866311051842,359.9999999999969,197.18873385392467,180.00000000000156
3.979663277212869,359.9999999999969,197.18873385392467,180.00000000000156
3.980663443907318,359.9999999999969,197.18873385392467,180.00000000000156
3.981663610601767,359.9999999999969,197.18873385392467,180.00000000000156
3.9826637772962163,359.9999999999969,197.18873385392467,180.00000000000156
3.983663943990665,359.9999999999969,197.18873385392467,180.00000000000156
3.9846641106851144,359.9999999999969,197.18873385392467,180.00000000000156
3.985664277379563,359.9999999999969,197.18873385392467,180.00000000000156
3.9866644440740124,359.9999999999969,197.18873385392467,180.00000000000156
3.9876646107684617,359.9999999999969,197.18873385392467,180.00000000000156
3.9886647774629105,359.9999999999969,197.18873385392467,180.00000000000156
3.9896649441573597,359.9999999999969,197.18873385392467,180.00000000000156
3.990665110851809,359.9999999999969,197.18873385392467,180.00000000000156
3.9916652775462578,359.9999999999969,197.18873385392467,180.00000000000156
3.992665444240707,359.9999999999969,197.18873385392467,180.00000000000156
3.993665610935156,359.9999999999969,197.18873385392467,180.00000000000156
3.994665777629605,359.9999999999969,197.18873385392467,180.00000000000156
3.9956659443240543,359.9999999999969,197.18873385392467,180.00000000000156
3.996666111018503,359.9999999999969,197.18873385392467,180.00000000000156
3.9976662777129524,359.9999999999969,197.18873385392467,180.00000000000156
3.9986664444074016,359.9999999999969,197.18873385392467,180.00000000000156
3.9996666111018504,359.9999999999969,197.18873385392467,180.00000000000156
4.000666777796299,359.9999999999969,197.18873385392467,180.00000000000156
4.001666944490749,359.9999999999969,197.18873385392467,180.00000000000156
4.002667111185198,359.9999999999969,197.18873385392467,180.00000000000156
4.0036672778796465,359.9999999999969,197.18873385392467,180.00000000000156
4.004667444574096,359.9999999999969,197.18873385392467,180.00000000000156
4.005667611268545,359.9999999999969,197.18873385392467,180.00000000000156
4.006667777962994,359.9999999999969,197.18873385392467,180.00000000000156
4.0076679446574435,359.9999999999969,197.18873385392467,180.00000000000156
4.008668111351892,359.9999999999969,197.18873385392467,180.00000000000156
4.009668278046341,359.9999999999969,197.18873385392467,180.00000000000156
4.01066844474079,359.9999999999969,197.18873385392467,180.00000000000156
4.01166861143524,359.9999999999969,197.18873385392467,180.00000000000156
4.012668778129688,359.9999999999969,197.18873385392467,180.00000000000156
4.013668944824137,359.9999999999969,197.18873385392467,180.00000000000156
4.014669111518587,359.9999999999969,197.18873385392467,180.00000000000156
4.015669278213036,359.9999999999969,197.18873385392467,180.00000000000156
4.0166694449074845,359.9999999999969,197.18873385392467,180.00000000000156
4.017669611601934,359.9999999999969,197.18873385392467,180.00000000000156
4.018669778296383,359.9999999999969,197.18873385392467,180.00000000000156
4.019669944990832,359.9999999999969,197.18873385392467,180.00000000000156
4.020670111685281,359.9999999999969,197.18873385392467,180.00000000000156
4.02167027837973,359.9999999999969,197.18873385392467,180.00000000000156
4.022670445074179,359.9999999999969,197.18873385392467,180.00000000000156
4.023670611768628,359.9999999999969,197.18873385392467,180.00000000000156
4.0246707784630775,359.9999999999969,197.18873385392467,180.00000000000156
4.025670945157526,359.9999999999969,197.18873385392467,180.00000000000156
4.026671111851975,359.9999999999969,197.18873385392467,180.00000000000156
4.027671278546425,359.9999999999969,197.18873385392467,180.00000000000156
4.028671445240874,359.9999999999969,197.18873385392467,180.00000000000156
4.029671611935322,359.9999999999969,197.18873385392467,180.00000000000156
4.030671778629772,359.9999999999969,197.18873385392467,180.00000000000156
4.031671945324221,359.9999999999969,197.18873385392467,180.00000000000156
4.03267211201867,359.9999999999969,197.18873385392467,180.00000000000156
4.033672278713119,359.9999999999969,197.18873385392467,180.00000000000156
4.034672445407568,359.9999999999969,197.18873385392467,180.00000000000156
4.035672612102017,359.9999999999969,197.18873385392467,180.00000000000156
4.036672778796466,359.9999999999969,197.18873385392467,180.00000000000156
4.0376729454909155,359.9999999999969,197.18873385392467,180.00000000000156
4.038673112185364,359.9999999999969,197.18873385392467,180.00000000000156
4.039673278879813,359.9999999999969,197.18873385392467,180.00000000000156
4.040673445574263,359.9999999999969,197.18873385392467,180.00000000000156
4.041673612268712,359.9999999999969,197.18873385392467,180.00000000000156
4.04267377896316,359.9999999999969,197.18873385392467,180.00000000000156
4.04367394565761,359.9999999999969,197.18873385392467,180.00000000000156
4.044674112352059,359.9999999999969,197.18873385392467,180.00000000000156
4.045674279046508,359.9999999999969,197.18873385392467,180.00000000000156
4.046674445740957,359.9999999999969,197.18873385392467,180.00000000000156
4.047674612435406,359.9999999999969,197.18873385392467,180.00000000000156
4.048674779129855,359.9999999999969,197.18873385392467,180.00000000000156
4.049674945824304,359.9999999999969,197.18873385392467,180.00000000000156
4.0506751125187535,359.9999999999969,197.18873385392467,180.00000000000156
4.051675279213202,359.9999999999969,197.18873385392467,180.00000000000156
4.052675445907651,359.9999999999969,197.18873385392467,180.00000000000156
4.053675612602101,359.9999999999969,197.18873385392467,180.00000000000156
4.0546757792965495,359.9999999999969,197.18873385392467,180.00000000000156
4.055675945990998,359.9999999999969,197.18873385392467,180.00000000000156
4.056676112685448,359.9999999999969,197.18873385392467,180.00000000000156
4.057676279379897,359.9999999999969,197.18873385392467,180.00000000000156
4.058676446074346,359.9999999999969,197.18873385392467,180.00000000000156
4.059676612768795,359.9999999999969,197.18873385392467,180.00000000000156
4.060676779463244,359.9999999999969,197.18873385392467,180.00000000000156
4.061676946157693,359.9999999999969,197.18873385392467,180.00000000000156
4.062677112852143,359.9999999999969,197.18873385392467,180.00000000000156
4.063677279546591,359.9999999999969,197.18873385392467,180.00000000000156
4.06467744624104,359.9999999999969,197.18873385392467,180.00000000000156
4.065677612935489,359.9999999999969,197.18873385392467,180.00000000000156
4.066677779629939,359.9999999999969,197.18873385392467,180.00000000000156
4.0676779463243875,359.9999999999969,197.18873385392467,180.00000000000156
4.068678113018836,359.9999999999969,197.18873385392467,180.00000000000156
4.069678279713286,359.9999999999969,197.18873385392467,180.00000000000156
4.070678446407735,359.9999999999969,197.18873385392467,180.00000000000156
4.071678613102184,359.9999999999969,197.18873385392467,180.00000000000156
4.072678779796633,359.9999999999969,197.18873385392467,180.00000000000156
4.073678946491082,359.9999999999969,197.18873385392467,180.00000000000156
4.074679113185531,359.9999999999969,197.18873385392467,180.00000000000156
4.075679279879981,359.9999999999969,197.18873385392467,180.00000000000156
4.076679446574429,359.9999999999969,197.18873385392467,180.00000000000156
4.077679613268878,359.9999999999969,197.18873385392467,180.00000000000156
4.078679779963327,359.9999999999969,197.18873385392467,180.00000000000156
4.079679946657777,359.9999999999969,197.18873385392467,180.00000000000156
4.0806801133522255,359.9999999999969,197.18873385392467,180.00000000000156
4.081680280046674,359.9999999999969,197.18873385392467,180.00000000000156
4.082680446741124,359.9999999999969,197.18873385392467,180.00000000000156
4.083680613435573,359.9999999999969,197.18873385392467,180.00000000000156
4.084680780130022,359.9999999999969,197.18873385392467,180.00000000000156
4.085680946824471,359.9999999999969,197.18873385392467,180.00000000000156
4.08668111351892,359.9999999999969,197.18873385392467,180.00000000000156
4.087681280213369,359.9999999999969,197.18873385392467,180.00000000000156
4.0886814469078185,359.9999999999969,197.18873385392467,180.00000000000156
4.089681613602267,359.9999999999969,197.18873385392467,180.00000000000156
4.090681780296716,359.9999999999969,197.18873385392467,180.00000000000156
4.091681946991165,359.9999999999969,197.18873385392467,180.00000000000156
4.092682113685615,359.9999999999969,197.18873385392467,180.00000000000156
4.093682280380063,359.9999999999969,197.18873385392467,180.00000000000156
4.094682447074512,359.9999999999969,197.18873385392467,180.00000000000156
4.095682613768962,359.9999999999969,197.18873385392467,180.00000000000156
4.096682780463411,359.9999999999969,197.18873385392467,180.00000000000156
4.0976829471578595,359.9999999999969,197.18873385392467,180.00000000000156
4.098683113852309,359.9999999999969,197.18873385392467,180.00000000000156
4.099683280546758,359.9999999999969,197.18873385392467,180.00000000000156
4.100683447241207,359.9999999999969,197.18873385392467,180.00000000000156
4.1016836139356565,359.9999999999969,197.18873385392467,180.00000000000156
4.102683780630105,359.9999999999969,197.18873385392467,180.00000000000156
4.103683947324554,359.9999999999969,197.18873385392467,180.00000000000156
4.104684114019003,359.9999999999969,197.18873385392467,180.00000000000156
4.105684280713453,359.9999999999969,197.18873385392467,180.00000000000156
4.106684447407901,359.9999999999969,197.18873385392467,180.00000000000156
4.10768461410235,359.9999999999969,197.18873385392467,180.00000000000156
4.1086847807968,359.9999999999969,197.18873385392467,180.00000000000156
4.109684947491249,359.9999999999969,197.18873385392467,180.00000000000156
4.1106851141856975,359.9999999999969,197.18873385392467,180.00000000000156
4.111685280880147,359.9999999999969,197.18873385392467,180.00000000000156
4.112685447574596,359.9999999999969,197.18873385392467,180.00000000000156
4.113685614269045,359.9999999999969,197.18873385392467,180.00000000000156
4.1146857809634945,359.9999999999969,197.18873385392467,180.00000000000156
4.115685947657943,359.9999999999969,197.18873385392467,180.00000000000156
4.116686114352392,359.9999999999969,197.18873385392467,180.00000000000156
4.117686281046841,359.9999999999969,197.18873385392467,180.00000000000156
4.118686447741291,359.9999999999969,197.18873385392467,180.00000000000156
4.119686614435739,359.9999999999969,197.18873385392467,180.00000000000156
4.120686781130188,359.9999999999969,197.18873385392467,180.00000000000156
4.121686947824638,359.9999999999969,197.18873385392467,180.00000000000156
4.122687114519087,359.9999999999969,197.18873385392467,180.00000000000156
4.1236872812135354,359.9999999999969,197.18873385392467,180.00000000000156
4.124687447907985,359.9999999999969,197.18873385392467,180.00000000000156
4.125687614602434,359.9999999999969,197.18873385392467,180.00000000000156
4.126687781296883,359.9999999999969,197.18873385392467,180.00000000000156
4.127687947991332,359.9999999999969,197.18873385392467,180.00000000000156
4.128688114685781,359.9999999999969,197.18873385392467,180.00000000000156
4.12968828138023,359.9999999999969,197.18873385392467,180.00000000000156
4.130688448074679,359.9999999999969,197.18873385392467,180.00000000000156
4.1316886147691285,359.9999999999969,197.18873385392467,180.00000000000156
4.132688781463577,359.9999999999969,197.18873385392467,180.00000000000156
4.133688948158026,359.9999999999969,197.18873385392467,180.00000000000156
4.134689114852476,359.9999999999969,197.18873385392467,180.00000000000156
4.135689281546925,359.9999999999969,197.18873385392467,180.00000000000156
4.136689448241373,359.9999999999969,197.18873385392467,180.00000000000156
4.137689614935823,359.9999999999969,197.18873385392467,180.00000000000156
4.138689781630272,359.9999999999969,197.18873385392467,180.00000000000156
4.139689948324721,359.9999999999969,197.18873385392467,180.00000000000156
4.14069011501917,359.9999999999969,197.18873385392467,180.00000000000156
4.141690281713619,359.9999999999969,197.18873385392467,180.00000000000156
4.142690448408068,359.9999999999969,197.18873385392467,180.00000000000156
4.143690615102518,359.9999999999969,197.18873385392467,180.00000000000156
4.1446907817969665,359.9999999999969,197.18873385392467,180.00000000000156
4.145690948491415,359.9999999999969,197.18873385392467,180.00000000000156
4.146691115185864,359.9999999999969,197.18873385392467,180.00000000000156
4.147691281880314,359.9999999999969,197.18873385392467,180.00000000000156
4.148691448574763,359.9999999999969,197.18873385392467,180.00000000000156
4.149691615269211,359.9999999999969,197.18873385392467,180.00000000000156
4.150691781963661,359.9999999999969,197.18873385392467,180.00000000000156
4.15169194865811,359.9999999999969,197.18873385392467,180.00000000000156
4.152692115352559,359.9999999999969,197.18873385392467,180.00000000000156
4.153692282047008,359.9999999999969,197.18873385392467,180.00000000000156
4.154692448741457,359.9999999999969,197.18873385392467,180.00000000000156
4.155692615435906,359.9999999999969,197.18873385392467,180.00000000000156
4.156692782130356,359.9999999999969,197.18873385392467,180.00000000000156
4.1576929488248044,359.9999999999969,197.18873385392467,180.00000000000156
4.158693115519253,359.9999999999969,197.18873385392467,180.00000000000156
4.159693282213702,359.9999999999969,197.18873385392467,180.00000000000156
4.160693448908152,359.9999999999969,197.18873385392467,180.00000000000156
4.1616936156026005,359.9999999999969,197.18873385392467,180.00000000000156
4.162693782297049,359.9999999999969,197.18873385392467,180.00000000000156
4.163693948991499,359.9999999999969,197.18873385392467,180.00000000000156
4.164694115685948,359.9999999999969,197.18873385392467,180.00000000000156
4.165694282380397,359.9999999999969,197.18873385392467,180.00000000000156
4.166694449074846,359.9999999999969,197.18873385392467,180.00000000000156
4.167694615769295,359.9999999999969,197.18873385392467,180.00000000000156
4.168694782463744,359.9999999999969,197.18873385392467,180.00000000000156
4.169694949158194,359.9999999999969,197.18873385392467,180.00000000000156
4.170695115852642,359.9999999999969,197.18873385392467,180.00000000000156
4.171695282547091,359.9999999999969,197.18873385392467,180.00000000000156
4.17269544924154,359.9999999999969,197.18873385392467,180.00000000000156
4.17369561593599,359.9999999999969,197.18873385392467,180.00000000000156
4.1746957826304385,359.9999999999969,197.18873385392467,180.00000000000156
4.175695949324887,359.9999999999969,197.18873385392467,180.00000000000156
4.176696116019337,359.9999999999969,197.18873385392467,180.00000000000156
4.177696282713786,359.9999999999969,197.18873385392467,180.00000000000156
4.178696449408235,359.9999999999969,197.18873385392467,180.00000000000156
4.179696616102684,359.9999999999969,197.18873385392467,180.00000000000156
4.180696782797133,359.9999999999969,197.18873385392467,180.00000000000156
4.181696949491582,359.9999999999969,197.18873385392467,180.00000000000156
4.182697116186032,359.9999999999969,197.18873385392467,180.00000000000156
4.18369728288048,359.9999999999969,197.18873385392467,180.00000000000156
4.184697449574929,359.9999999999969,197.18873385392467,180.00000000000156
4.185697616269378,359.9999999999969,197.18873385392467,180.00000000000156
4.186697782963828,359.9999999999969,197.18873385392467,180.00000000000156
4.1876979496582765,359.9999999999969,197.18873385392467,180.00000000000156
4.188698116352725,359.9999999999969,197.18873385392467,180.00000000000156
4.189698283047175,359.9999999999969,197.18873385392467,180.00000000000156
4.190698449741624,359.9999999999969,197.18873385392467,180.00000000000156
4.1916986164360726,359.9999999999969,197.18873385392467,180.00000000000156
4.192698783130522,359.9999999999969,197.18873385392467,180.00000000000156
4.193698949824971,359.9999999999969,197.18873385392467,180.00000000000156
4.19469911651942,359.9999999999969,197.18873385392467,180.00000000000156
4.1956992832138695,359.9999999999969,197.18873385392467,180.00000000000156
4.196699449908318,359.9999999999969,197.18873385392467,180.00000000000156
4.197699616602767,359.9999999999969,197.18873385392467,180.00000000000156
4.198699783297216,359.9999999999969,197.18873385392467,180.00000000000156
4.199699949991666,359.9999999999969,197.18873385392467,180.00000000000156
4.200700116686114,359.9999999999969,197.18873385392467,180.00000000000156
4.201700283380563,359.9999999999969,197.18873385392467,180.00000000000156
4.202700450075013,359.9999999999969,197.18873385392467,180.00000000000156
4.203700616769462,359.9999999999969,197.18873385392467,180.00000000000156
4.2047007834639105,359.9999999999969,197.18873385392467,180.00000000000156
4.20570095015836,359.9999999999969,197.18873385392467,180.00000000000156
4.206701116852809,359.9999999999969,197.18873385392467,180.00000000000156
4.207701283547258,359.9999999999969,197.18873385392467,180.00000000000156
4.2087014502417075,359.9999999999969,197.18873385392467,180.00000000000156
4.209701616936156,359.9999999999969,197.18873385392467,180.00000000000156
4.210701783630605,359.9999999999969,197.18873385392467,180.00000000000156
4.211701950325054,359.9999999999969,197.18873385392467,180.00000000000156
4.212702117019504,359.9999999999969,197.18873385392467,180.00000000000156
4.213702283713952,359.9999999999969,197.18873385392467,180.00000000000156
4.214702450408401,359.9999999999969,197.18873385392467,180.00000000000156
4.215702617102851,359.9999999999969,197.18873385392467,180.00000000000156
4.2167027837973,359.9999999999969,197.18873385392467,180.00000000000156
4.2177029504917485,359.9999999999969,197.18873385392467,180.00000000000156
4.218703117186198,359.9999999999969,197.18873385392467,180.00000000000156
4.219703283880647,359.9999999999969,197.18873385392467,180.00000000000156
4.220703450575096,359.9999999999969,197.18873385392467,180.00000000000156
4.2217036172695455,359.9999999999969,197.18873385392467,180.00000000000156
4.222703783963994,359.9999999999969,197.18873385392467,180.00000000000156
4.223703950658443,359.9999999999969,197.18873385392467,180.00000000000156
4.224704117352893,359.9999999999969,197.18873385392467,180.00000000000156
4.2257042840473416,359.9999999999969,197.18873385392467,180.00000000000156
4.22670445074179,359.9999999999969,197.18873385392467,180.00000000000156
4.227704617436239,359.9999999999969,197.18873385392467,180.00000000000156
4.228704784130689,359.9999999999969,197.18873385392467,180.00000000000156
4.229704950825138,359.9999999999969,197.18873385392467,180.00000000000156
4.2307051175195864,359.9999999999969,197.18873385392467,180.00000000000156
4.231705284214036,359.9999999999969,197.18873385392467,180.00000000000156
4.232705450908485,359.9999999999969,197.18873385392467,180.00000000000156
4.233705617602934,359.9999999999969,197.18873385392467,180.00000000000156
4.234705784297383,359.9999999999969,197.18873385392467,180.00000000000156
4.235705950991832,359.9999999999969,197.18873385392467,180.00000000000156
4.236706117686281,359.9999999999969,197.18873385392467,180.00000000000156
4.237706284380731,359.9999999999969,197.18873385392467,180.00000000000156
4.2387064510751795,359.9999999999969,197.18873385392467,180.00000000000156
4.239706617769628,359.9999999999969,197.18873385392467,180.00000000000156
4.240706784464077,359.9999999999969,197.18873385392467,180.00000000000156
4.241706951158527,359.9999999999969,197.18873385392467,180.00000000000156
4.242707117852976,359.9999999999969,197.18873385392467,180.00000000000156
4.243707284547424,359.9999999999969,197.18873385392467,180.00000000000156
4.244707451241874,359.9999999999969,197.18873385392467,180.00000000000156
4.245707617936323,359.9999999999969,197.18873385392467,180.00000000000156
4.246707784630772,359.9999999999969,197.18873385392467,180.00000000000156
4.247707951325221,359.9999999999969,197.18873385392467,180.00000000000156
4.24870811801967,359.9999999999969,197.18873385392467,180.00000000000156
4.249708284714119,359.9999999999969,197.18873385392467,180.00000000000156
4.250708451408569,359.9999999999969,197.18873385392467,180.00000000000156
4.2517086181030175,359.9999999999969,197.18873385392467,180.00000000000156
4.252708784797466,359.9999999999969,197.18873385392467,180.00000000000156
4.253708951491915,359.9999999999969,197.18873385392467,180.00000000000156
4.254709118186365,359.9999999999969,197.18873385392467,180.00000000000156
4.255709284880814,359.9999999999969,197.18873385392467,180.00000000000156
4.256709451575262,359.9999999999969,197.18873385392467,180.00000000000156
4.257709618269712,359.9999999999969,197.18873385392467,180.00000000000156
4.258709784964161,359.9999999999969,197.18873385392467,180.00000000000156
4.25970995165861,359.9999999999969,197.18873385392467,180.00000000000156
4.260710118353059,359.9999999999969,197.18873385392467,180.00000000000156
4.261710285047508,359.9999999999969,197.18873385392467,180.00000000000156
4.262710451741957,359.9999999999969,197.18873385392467,180.00000000000156
4.263710618436407,359.9999999999969,197.18873385392467,180.00000000000156
4.264710785130855,359.9999999999969,197.18873385392467,180.00000000000156
4.265710951825304,359.9999999999969,197.18873385392467,180.00000000000156
4.266711118519753,359.9999999999969,197.18873385392467,180.00000000000156
4.267711285214203,359.9999999999969,197.18873385392467,180.00000000000156
4.2687114519086515,359.9999999999969,197.18873385392467,180.00000000000156
4.2697116186031,359.9999999999969,197.18873385392467,180.00000000000156
4.27071178529755,359.9999999999969,197.18873385392467,180.00000000000156
4.271711951991999,359.9999999999969,197.18873385392467,180.00000000000156
4.272712118686448,359.9999999999969,197.18873385392467,180.00000000000156
4.273712285380897,359.9999999999969,197.18873385392467,180.00000000000156
4.274712452075346,359.9999999999969,197.18873385392467,180.00000000000156
4.275712618769795,359.9999999999969,197.18873385392467,180.00000000000156
4.276712785464245,359.9999999999969,197.18873385392467,180.00000000000156
4.277712952158693,359.9999999999969,197.18873385392467,180.00000000000156
4.278713118853142,359.9999999999969,197.18873385392467,180.00000000000156
4.279713285547591,359.9999999999969,197.18873385392467,180.00000000000156
4.280713452242041,359.9999999999969,197.18873385392467,180.00000000000156
4.2817136189364895,359.9999999999969,197.18873385392467,180.00000000000156
4.282713785630938,359.9999999999969,197.18873385392467,180.00000000000156
4.283713952325388,359.9999999999969,197.18873385392467,180.00000000000156
4.284714119019837,359.9999999999969,197.18873385392467,180.00000000000156
4.285714285714286,359.9999999999969,197.18873385392467,180.00000000000156
4.286714452408735,359.9999999999969,197.18873385392467,180.00000000000156
4.287714619103184,359.9999999999969,197.18873385392467,180.00000000000156
4.288714785797633,359.9999999999969,197.18873385392467,180.00000000000156
4.289714952492083,359.9999999999969,197.18873385392467,180.00000000000156
4.290715119186531,359.9999999999969,197.18873385392467,180.00000000000156
4.29171528588098,359.9999999999969,197.18873385392467,180.00000000000156
4.292715452575429,359.9999999999969,197.18873385392467,180.00000000000156
4.293715619269879,359.9999999999969,197.18873385392467,180.00000000000156
4.2947157859643275,359.9999999999969,197.18873385392467,180.00000000000156
4.295715952658776,359.9999999999969,197.18873385392467,180.00000000000156
4.296716119353226,359.9999999999969,197.18873385392467,180.00000000000156
4.297716286047675,359.9999999999969,197.18873385392467,180.00000000000156
4.2987164527421236,359.9999999999969,197.18873385392467,180.00000000000156
4.299716619436573,359.9999999999969,197.18873385392467,180.00000000000156
4.300716786131022,359.9999999999969,197.18873385392467,180.00000000000156
4.301716952825471,359.9999999999969,197.18873385392467,180.00000000000156
4.3027171195199205,359.9999999999969,197.18873385392467,180.00000000000156
4.303717286214369,359.9999999999969,197.18873385392467,180.00000000000156
4.304717452908818,359.9999999999969,197.18873385392467,180.00000000000156
4.305717619603267,359.9999999999969,197.18873385392467,180.00000000000156
4.306717786297717,359.9999999999969,197.18873385392467,180.00000000000156
4.307717952992165,359.9999999999969,197.18873385392467,180.00000000000156
4.308718119686614,359.9999999999969,197.18873385392467,180.00000000000156
4.309718286381064,359.9999999999969,197.18873385392467,180.00000000000156
4.310718453075513,359.9999999999969,197.18873385392467,180.00000000000156
4.3117186197699615,359.9999999999969,197.18873385392467,180.00000000000156
4.312718786464411,359.9999999999969,197.18873385392467,180.00000000000156
4.31371895315886,359.9999999999969,197.18873385392467,180.00000000000156
4.314719119853309,359.9999999999969,197.18873385392467,180.00000000000156
4.3157192865477585,359.9999999999969,197.18873385392467,180.00000000000156
4.316719453242207,359.9999999999969,197.18873385392467,180.00000000000156
4.317719619936656,359.9999999999969,197.18873385392467,180.00000000000156
4.318719786631106,359.9999999999969,197.18873385392467,180.00000000000156
4.319719953325555,359.9999999999969,197.18873385392467,180.00000000000156
4.320720120020003,359.9999999999969,197.18873385392467,180.00000000000156
4.321720286714452,359.9999999999969,197.18873385392467,180.00000000000156
4.322720453408902,359.9999999999969,197.18873385392467,180.00000000000156
4.323720620103351,359.9999999999969,197.18873385392467,180.00000000000156
4.3247207867977995,359.9999999999969,197.18873385392467,180.00000000000156
4.325720953492249,359.9999999999969,197.18873385392467,180.00000000000156
4.326721120186698,359.9999999999969,197.18873385392467,180.00000000000156
4.327721286881147,359.9999999999969,197.18873385392467,180.00000000000156
4.3287214535755965,359.9999999999969,197.18873385392467,180.00000000000156
4.329721620270045,359.9999999999969,197.18873385392467,180.00000000000156
4.330721786964494,359.9999999999969,197.18873385392467,180.00000000000156
4.331721953658944,359.9999999999969,197.18873385392467,180.00000000000156
4.3327221203533925,359.9999999999969,197.18873385392467,180.00000000000156
4.333722287047841,359.9999999999969,197.18873385392467,180.00000000000156
4.33472245374229,359.9999999999969,197.18873385392467,180.00000000000156
4.33572262043674,359.9999999999969,197.18873385392467,180.00000000000156
4.336722787131189,359.9999999999969,197.18873385392467,180.00000000000156
4.337722953825637,359.9999999999969,197.18873385392467,180.00000000000156
4.338723120520087,359.9999999999969,197.18873385392467,180.00000000000156
4.339723287214536,359.9999999999969,197.18873385392467,180.00000000000156
4.340723453908985,359.9999999999969,197.18873385392467,180.00000000000156
4.341723620603434,359.9999999999969,197.18873385392467,180.00000000000156
4.342723787297883,359.9999999999969,197.18873385392467,180.00000000000156
4.343723953992332,359.9999999999969,197.18873385392467,180.00000000000156
4.344724120686782,359.9999999999969,197.18873385392467,180.00000000000156
4.3457242873812305,359.9999999999969,197.18873385392467,180.00000000000156
4.346724454075679,359.9999999999969,197.18873385392467,180.00000000000156
4.347724620770128,359.9999999999969,197.18873385392467,180.00000000000156
4.348724787464578,359.9999999999969,197.18873385392467,180.00000000000156
4.349724954159027,359.9999999999969,197.18873385392467,180.00000000000156
4.350725120853475,359.9999999999969,197.18873385392467,180.00000000000156
4.351725287547925,359.9999999999969,197.18873385392467,180.00000000000156
4.352725454242374,359.9999999999969,197.18873385392467,180.00000000000156
4.353725620936823,359.9999999999969,197.18873385392467,180.00000000000156
4.354725787631272,359.9999999999969,197.18873385392467,180.00000000000156
4.355725954325721,359.9999999999969,197.18873385392467,180.00000000000156
4.35672612102017,359.9999999999969,197.18873385392467,180.00000000000156
4.35772628771462,359.9999999999969,197.18873385392467,180.00000000000156
4.3587264544090685,359.9999999999969,197.18873385392467,180.00000000000156
4.359726621103517,359.9999999999969,197.18873385392467,180.00000000000156
4.360726787797966,359.9999999999969,197.18873385392467,180.00000000000156
4.361726954492416,359.9999999999969,197.18873385392467,180.00000000000156
4.362727121186865,359.9999999999969,197.18873385392467,180.00000000000156
4.363727287881313,359.9999999999969,197.18873385392467,180.00000000000156
4.364727454575763,359.9999999999969,197.18873385392467,180.00000000000156
4.365727621270212,359.9999999999969,197.18873385392467,180.00000000000156
4.366727787964661,359.9999999999969,197.18873385392467,180.00000000000156
4.36772795465911,359.9999999999969,197.18873385392467,180.00000000000156
4.368728121353559,359.9999999999969,197.18873385392467,180.00000000000156
4.369728288048008,359.9999999999969,197.18873385392467,180.00000000000156
4.370728454742458,359.9999999999969,197.18873385392467,180.00000000000156
4.371728621436906,359.9999999999969,197.18873385392467,180.00000000000156
4.372728788131355,359.9999999999969,197.18873385392467,180.00000000000156
4.373728954825804,359.9999999999969,197.18873385392467,180.00000000000156
4.374729121520254,359.9999999999969,197.18873385392467,180.00000000000156
4.3757292882147025,359.9999999999969,197.18873385392467,180.00000000000156
4.376729454909151,359.9999999999969,197.18873385392467,180.00000000000156
4.377729621603601,359.9999999999969,197.18873385392467,180.00000000000156
4.37872978829805,359.9999999999969,197.18873385392467,180.00000000000156
4.379729954992499,359.9999999999969,197.18873385392467,180.00000000000156
4.380730121686948,359.9999999999969,197.18873385392467,180.00000000000156
4.381730288381397,359.9999999999969,197.18873385392467,180.00000000000156
4.382730455075846,359.9999999999969,197.18873385392467,180.00000000000156
4.383730621770296,359.9999999999969,197.18873385392467,180.00000000000156
4.384730788464744,359.9999999999969,197.18873385392467,180.00000000000156
4.385730955159193,359.9999999999969,197.18873385392467,180.00000000000156
4.386731121853642,359.9999999999969,197.18873385392467,180.00000000000156
4.387731288548092,359.9999999999969,197.18873385392467,180.00000000000156
4.3887314552425405,359.9999999999969,197.18873385392467,180.00000000000156
4.389731621936989,359.9999999999969,197.18873385392467,180.00000000000156
4.390731788631439,359.9999999999969,197.18873385392467,180.00000000000156
4.391731955325888,359.9999999999969,197.18873385392467,180.00000000000156
4.392732122020337,359.9999999999969,197.18873385392467,180.00000000000156
4.393732288714786,359.9999999999969,197.18873385392467,180.00000000000156
4.394732455409235,359.9999999999969,197.18873385392467,180.00000000000156
4.395732622103684,359.9999999999969,197.18873385392467,180.00000000000156
4.396732788798134,359.9999999999969,197.18873385392467,180.00000000000156
4.397732955492582,359.9999999999969,197.18873385392467,180.00000000000156
4.398733122187031,359.9999999999969,197.18873385392467,180.00000000000156
4.399733288881481,359.9999999999969,197.18873385392467,180.00000000000156
4.40073345557593,359.9999999999969,197.18873385392467,180.00000000000156
4.4017336222703785,359.9999999999969,197.18873385392467,180.00000000000156
4.402733788964827,359.9999999999969,197.18873385392467,180.00000000000156
4.403733955659277,359.9999999999969,197.18873385392467,180.00000000000156
4.404734122353726,359.9999999999969,197.18873385392467,180.00000000000156
4.4057342890481745,359.9999999999969,197.18873385392467,180.00000000000156
4.406734455742624,359.9999999999969,197.18873385392467,180.00000000000156
4.407734622437073,359.9999999999969,197.18873385392467,180.00000000000156
4.408734789131522,359.9999999999969,197.18873385392467,180.00000000000156
4.4097349558259715,359.9999999999969,197.18873385392467,180.00000000000156
4.41073512252042,359.9999999999969,197.18873385392467,180.00000000000156
4.411735289214869,359.9999999999969,197.18873385392467,180.00000000000156
4.412735455909319,359.9999999999969,197.18873385392467,180.00000000000156
4.413735622603768,359.9999999999969,197.18873385392467,180.00000000000156
4.414735789298216,359.9999999999969,197.18873385392467,180.00000000000156
4.415735955992665,359.9999999999969,197.18873385392467,180.00000000000156
4.416736122687115,359.9999999999969,197.18873385392467,180.00000000000156
4.417736289381564,359.9999999999969,197.18873385392467,180.00000000000156
4.4187364560760125,359.9999999999969,197.18873385392467,180.00000000000156
4.419736622770462,359.9999999999969,197.18873385392467,180.00000000000156
4.420736789464911,359.9999999999969,197.18873385392467,180.00000000000156
4.42173695615936,359.9999999999969,197.18873385392467,180.00000000000156
4.4227371228538095,359.9999999999969,197.18873385392467,180.00000000000156
4.423737289548258,359.9999999999969,197.18873385392467,180.00000000000156
4.424737456242707,359.9999999999969,197.18873385392467,180.00000000000156
4.425737622937157,359.9999999999969,197.18873385392467,180.00000000000156
4.426737789631606,359.9999999999969,197.18873385392467,180.00000000000156
4.427737956326054,359.9999999999969,197.18873385392467,180.00000000000156
4.428738123020503,359.9999999999969,197.18873385392467,180.00000000000156
4.429738289714953,359.9999999999969,197.18873385392467,180.00000000000156
4.430738456409402,359.9999999999969,197.18873385392467,180.00000000000156
4.4317386231038505,359.9999999999969,197.18873385392467,180.00000000000156
4.4327387897983,359.9999999999969,197.18873385392467,180.00000000000156
4.433738956492749,359.9999999999969,197.18873385392467,180.00000000000156
4.434739123187198,359.9999999999969,197.18873385392467,180.00000000000156
4.4357392898816475,359.9999999999969,197.18873385392467,180.00000000000156
4.436739456576096,359.9999999999969,197.18873385392467,180.00000000000156
4.437739623270545,359.9999999999969,197.18873385392467,180.00000000000156
4.438739789964995,359.9999999999969,197.18873385392467,180.00000000000156
4.4397399566594435,359.9999999999969,197.18873385392467,180.00000000000156
4.440740123353892,359.9999999999969,197.18873385392467,180.00000000000156
4.441740290048341,359.9999999999969,197.18873385392467,180.00000000000156
4.442740456742791,359.9999999999969,197.18873385392467,180.00000000000156
4.44374062343724,359.9999999999969,197.18873385392467,180.00000000000156
4.444740790131688,359.9999999999969,197.18873385392467,180.00000000000156
4.445740956826138,359.9999999999969,197.18873385392467,180.00000000000156
4.446741123520587,359.9999999999969,197.18873385392467,180.00000000000156
4.447741290215036,359.9999999999969,197.18873385392467,180.00000000000156
4.448741456909485,359.9999999999969,197.18873385392467,180.00000000000156
4.449741623603934,359.9999999999969,197.18873385392467,180.00000000000156
4.450741790298383,359.9999999999969,197.18873385392467,180.00000000000156
4.451741956992833,359.9999999999969,197.18873385392467,180.00000000000156
4.4527421236872815,359.9999999999969,197.18873385392467,180.00000000000156
4.45374229038173,359.9999999999969,197.18873385392467,180.00000000000156
4.454742457076179,359.9999999999969,197.18873385392467,180.00000000000156
4.455742623770629,359.9999999999969,197.18873385392467,180.00000000000156
4.456742790465078,359.9999999999969,197.18873385392467,180.00000000000156
4.457742957159526,359.9999999999969,197.18873385392467,180.00000000000156
4.458743123853976,359.9999999999969,197.18873385392467,180.00000000000156
4.459743290548425,359.9999999999969,197.18873385392467,180.00000000000156
4.460743457242874,359.9999999999969,197.18873385392467,180.00000000000156
4.461743623937323,359.9999999999969,197.18873385392467,180.00000000000156
4.462743790631772,359.9999999999969,197.18873385392467,180.00000000000156
4.463743957326221,359.9999999999969,197.18873385392467,180.00000000000156
4.464744124020671,359.9999999999969,197.18873385392467,180.00000000000156
4.4657442907151195,359.9999999999969,197.18873385392467,180.00000000000156
4.466744457409568,359.9999999999969,197.18873385392467,180.00000000000156
4.467744624104017,359.9999999999969,197.18873385392467,180.00000000000156
4.468744790798467,359.9999999999969,197.18873385392467,180.00000000000156
4.469744957492916,359.9999999999969,197.18873385392467,180.00000000000156
4.470745124187364,359.9999999999969,197.18873385392467,180.00000000000156
4.471745290881814,359.9999999999969,197.18873385392467,180.00000000000156
4.472745457576263,359.9999999999969,197.18873385392467,180.00000000000156
4.473745624270712,359.9999999999969,197.18873385392467,180.00000000000156
4.474745790965161,359.9999999999969,197.18873385392467,180.00000000000156
4.47574595765961,359.9999999999969,197.18873385392467,180.00000000000156
4.476746124354059,359.9999999999969,197.18873385392467,180.00000000000156
4.477746291048509,359.9999999999969,197.18873385392467,180.00000000000156
4.478746457742957,359.9999999999969,197.18873385392467,180.00000000000156
4.479746624437406,359.9999999999969,197.18873385392467,180.00000000000156
4.480746791131855,359.9999999999969,197.18873385392467,180.00000000000156
4.481746957826305,359.9999999999969,197.18873385392467,180.00000000000156
4.4827471245207535,359.9999999999969,197.18873385392467,180.00000000000156
4.483747291215202,359.9999999999969,197.18873385392467,180.00000000000156
4.484747457909652,359.9999999999969,197.18873385392467,180.00000000000156
4.485747624604101,359.9999999999969,197.18873385392467,180.00000000000156
4.48674779129855,359.9999999999969,197.18873385392467,180.00000000000156
4.487747957992999,359.9999999999969,197.18873385392467,180.00000000000156
4.488748124687448,359.9999999999969,197.18873385392467,180.00000000000156
4.489748291381897,359.9999999999969,197.18873385392467,180.00000000000156
4.490748458076347,359.9999999999969,197.18873385392467,180.00000000000156
4.491748624770795,359.9999999999969,197.18873385392467,180.00000000000156
4.492748791465244,359.9999999999969,197.18873385392467,180.00000000000156
4.493748958159694,359.9999999999969,197.18873385392467,180.00000000000156
4.494749124854143,359.9999999999969,197.18873385392467,180.00000000000156
4.4957492915485915,359.9999999999969,197.18873385392467,180.00000000000156
4.49674945824304,359.9999999999969,197.18873385392467,180.00000000000156
4.49774962493749,359.9999999999969,197.18873385392467,180.00000000000156
4.498749791631939,359.9999999999969,197.18873385392467,180.00000000000156
4.499749958326388,359.9999999999969,197.18873385392467,180.00000000000156
4.500750125020837,359.9999999999969,197.18873385392467,180.00000000000156
4.501750291715286,359.9999999999969,197.18873385392467,180.00000000000156
4.502750458409735,359.9999999999969,197.18873385392467,180.00000000000156
4.503750625104185,359.9999999999969,197.18873385392467,180.00000000000156
4.504750791798633,359.9999999999969,197.18873385392467,180.00000000000156
4.505750958493082,359.9999999999969,197.18873385392467,180.00000000000156
4.506751125187532,359.9999999999969,197.18873385392467,180.00000000000156
4.507751291881981,359.9999999999969,197.18873385392467,180.00000000000156
4.5087514585764294,359.9999999999969,197.18873385392467,180.00000000000156
4.509751625270878,359.9999999999969,197.18873385392467,180.00000000000156
4.510751791965328,359.9999999999969,197.18873385392467,180.00000000000156
4.511751958659777,359.9999999999969,197.18873385392467,180.00000000000156
4.5127521253542255,359.9999999999969,197.18873385392467,180.00000000000156
4.513752292048675,359.9999999999969,197.18873385392467,180.00000000000156
4.514752458743124,359.9999999999969,197.18873385392467,180.00000000000156
4.515752625437573,359.9999999999969,197.18873385392467,180.00000000000156
4.5167527921320225,359.9999999999969,197.18873385392467,180.00000000000156
4.517752958826471,359.9999999999969,197.18873385392467,180.00000000000156
4.51875312552092,359.9999999999969,197.18873385392467,180.00000000000156
4.51975329221537,359.9999999999969,197.18873385392467,180.00000000000156
4.520753458909819,359.9999999999969,197.18873385392467,180.00000000000156
4.521753625604267,359.9999999999969,197.18873385392467,180.00000000000156
4.522753792298716,359.9999999999969,197.18873385392467,180.00000000000156
4.523753958993166,359.9999999999969,197.18873385392467,180.00000000000156
4.524754125687615,359.9999999999969,197.18873385392467,180.00000000000156
4.5257542923820635,359.9999999999969,197.18873385392467,180.00000000000156
4.526754459076513,359.9999999999969,197.18873385392467,180.00000000000156
4.527754625770962,359.9999999999969,197.18873385392467,180.00000000000156
4.528754792465411,359.9999999999969,197.18873385392467,180.00000000000156
4.5297549591598605,359.9999999999969,197.18873385392467,180.00000000000156
4.530755125854309,359.9999999999969,197.18873385392467,180.00000000000156
4.531755292548758,359.9999999999969,197.18873385392467,180.00000000000156
4.532755459243208,359.9999999999969,197.18873385392467,180.00000000000156
4.533755625937657,359.9999999999969,197.18873385392467,180.00000000000156
4.534755792632105,359.9999999999969,197.18873385392467,180.00000000000156
4.535755959326554,359.9999999999969,197.18873385392467,180.00000000000156
4.536756126021004,359.9999999999969,197.18873385392467,180.00000000000156
4.537756292715453,359.9999999999969,197.18873385392467,180.00000000000156
4.5387564594099015,359.9999999999969,197.18873385392467,180.00000000000156
4.539756626104351,359.9999999999969,197.18873385392467,180.00000000000156
4.5407567927988,359.9999999999969,197.18873385392467,180.00000000000156
4.541756959493249,359.9999999999969,197.18873385392467,180.00000000000156
4.5427571261876984,359.9999999999969,197.18873385392467,180.00000000000156
4.543757292882147,359.9999999999969,197.18873385392467,180.00000000000156
4.544757459576596,359.9999999999969,197.18873385392467,180.00000000000156
4.545757626271046,359.9999999999969,197.18873385392467,180.00000000000156
4.5467577929654945,359.9999999999969,197.18873385392467,180.00000000000156
4.547757959659943,359.9999999999969,197.18873385392467,180.00000000000156
4.548758126354392,359.9999999999969,197.18873385392467,180.00000000000156
4.549758293048842,359.9999999999969,197.18873385392467,180.00000000000156
4.550758459743291,359.9999999999969,197.18873385392467,180.00000000000156
4.551758626437739,359.9999999999969,197.18873385392467,180.00000000000156
4.552758793132189,359.9999999999969,197.18873385392467,180.00000000000156
4.553758959826638,359.9999999999969,197.18873385392467,180.00000000000156
4.554759126521087,359.9999999999969,197.18873385392467,180.00000000000156
4.555759293215536,359.9999999999969,197.18873385392467,180.00000000000156
4.556759459909985,359.9999999999969,197.18873385392467,180.00000000000156
4.557759626604434,359.9999999999969,197.18873385392467,180.00000000000156
4.558759793298884,359.9999999999969,197.18873385392467,180.00000000000156
4.5597599599933325,359.9999999999969,197.18873385392467,180.00000000000156
4.560760126687781,359.9999999999969,197.18873385392467,180.00000000000156
4.56176029338223,359.9999999999969,197.18873385392467,180.00000000000156
4.56276046007668,359.9999999999969,197.18873385392467,180.00000000000156
4.563760626771129,359.9999999999969,197.18873385392467,180.00000000000156
4.564760793465577,359.9999999999969,197.18873385392467,180.00000000000156
4.565760960160027,359.9999999999969,197.18873385392467,180.00000000000156
4.566761126854476,359.9999999999969,197.18873385392467,180.00000000000156
4.567761293548925,359.9999999999969,197.18873385392467,180.00000000000156
4.568761460243374,359.9999999999969,197.18873385392467,180.00000000000156
4.569761626937823,359.9999999999969,197.18873385392467,180.00000000000156
4.570761793632272,359.9999999999969,197.18873385392467,180.00000000000156
4.571761960326722,359.9999999999969,197.18873385392467,180.00000000000156
4.5727621270211705,359.9999999999969,197.18873385392467,180.00000000000156
4.573762293715619,359.9999999999969,197.18873385392467,180.00000000000156
4.574762460410069,359.9999999999969,197.18873385392467,180.00000000000156
4.575762627104518,359.9999999999969,197.18873385392467,180.00000000000156
4.5767627937989666,359.9999999999969,197.18873385392467,180.00000000000156
4.577762960493415,359.9999999999969,197.18873385392467,180.00000000000156
4.578763127187865,359.9999999999969,197.18873385392467,180.00000000000156
4.579763293882314,359.9999999999969,197.18873385392467,180.00000000000156
4.580763460576763,359.9999999999969,197.18873385392467,180.00000000000156
4.581763627271212,359.9999999999969,197.18873385392467,180.00000000000156
4.582763793965661,359.9999999999969,197.18873385392467,180.00000000000156
4.58376396066011,359.9999999999969,197.18873385392467,180.00000000000156
4.58476412735456,359.9999999999969,197.18873385392467,180.00000000000156
4.585764294049008,359.9999999999969,197.18873385392467,180.00000000000156
4.586764460743457,359.9999999999969,197.18873385392467,180.00000000000156
4.587764627437907,359.9999999999969,197.18873385392467,180.00000000000156
4.588764794132356,359.9999999999969,197.18873385392467,180.00000000000156
4.5897649608268045,359.9999999999969,197.18873385392467,180.00000000000156
4.590765127521253,359.9999999999969,197.18873385392467,180.00000000000156
4.591765294215703,359.9999999999969,197.18873385392467,180.00000000000156
4.592765460910152,359.9999999999969,197.18873385392467,180.00000000000156
4.593765627604601,359.9999999999969,197.18873385392467,180.00000000000156
4.59476579429905,359.9999999999969,197.18873385392467,180.00000000000156
4.595765960993499,359.9999999999969,197.18873385392467,180.00000000000156
4.596766127687948,359.9999999999969,197.18873385392467,180.00000000000156
4.597766294382398,359.9999999999969,197.18873385392467,180.00000000000156
4.598766461076846,359.9999999999969,197.18873385392467,180.00000000000156
4.599766627771295,359.9999999999969,197.18873385392467,180.00000000000156
4.600766794465745,359.9999999999969,197.18873385392467,180.00000000000156
4.601766961160194,359.9999999999969,197.18873385392467,180.00000000000156
4.6027671278546425,359.9999999999969,197.18873385392467,180.00000000000156
4.603767294549091,359.9999999999969,197.18873385392467,180.00000000000156
4.604767461243541,359.9999999999969,197.18873385392467,180.00000000000156
4.60576762793799,359.9999999999969,197.18873385392467,180.00000000000156
4.606767794632439,359.9999999999969,197.18873385392467,180.00000000000156
4.607767961326888,359.9999999999969,197.18873385392467,180.00000000000156
4.608768128021337,359.9999999999969,197.18873385392467,180.00000000000156
4.609768294715786,359.9999999999969,197.18873385392467,180.00000000000156
4.6107684614102356,359.9999999999969,197.18873385392467,180.00000000000156
4.611768628104684,359.9999999999969,197.18873385392467,180.00000000000156
4.612768794799133,359.9999999999969,197.18873385392467,180.00000000000156
4.613768961493583,359.9999999999969,197.18873385392467,180.00000000000156
4.614769128188032,359.9999999999969,197.18873385392467,180.00000000000156
4.6157692948824804,359.9999999999969,197.18873385392467,180.00000000000156
4.616769461576929,359.9999999999969,197.18873385392467,180.00000000000156
4.617769628271379,359.9999999999969,197.18873385392467,180.00000000000156
4.618769794965828,359.9999999999969,197.18873385392467,180.00000000000156
4.6197699616602765,359.9999999999969,197.18873385392467,180.00000000000156
4.620770128354726,359.9999999999969,197.18873385392467,180.00000000000156
4.621770295049175,359.9999999999969,197.18873385392467,180.00000000000156
4.622770461743624,359.9999999999969,197.18873385392467,180.00000000000156
4.6237706284380735,359.9999999999969,197.18873385392467,180.00000000000156
4.624770795132522,359.9999999999969,197.18873385392467,180.00000000000156
4.625770961826971,359.9999999999969,197.18873385392467,180.00000000000156
4.626771128521421,359.9999999999969,197.18873385392467,180.00000000000156
4.62777129521587,359.9999999999969,197.18873385392467,180.00000000000156
4.628771461910318,359.9999999999969,197.18873385392467,180.00000000000156
4.629771628604767,359.9999999999969,197.18873385392467,180.00000000000156
4.630771795299217,359.9999999999969,197.18873385392467,180.00000000000156
4.631771961993666,359.9999999999969,197.18873385392467,180.00000000000156
4.6327721286881145,359.9999999999969,197.18873385392467,180.00000000000156
4.633772295382564,359.9999999999969,197.18873385392467,180.00000000000156
4.634772462077013,359.9999999999969,197.18873385392467,180.00000000000156
4.635772628771462,359.9999999999969,197.18873385392467,180.00000000000156
4.6367727954659115,359.9999999999969,197.18873385392467,180.00000000000156
4.63777296216036,359.9999999999969,197.18873385392467,180.00000000000156
4.638773128854809,359.9999999999969,197.18873385392467,180.00000000000156
4.639773295549259,359.9999999999969,197.18873385392467,180.00000000000156
4.640773462243708,359.9999999999969,197.18873385392467,180.00000000000156
4.641773628938156,359.9999999999969,197.18873385392467,180.00000000000156
4.642773795632605,359.9999999999969,197.18873385392467,180.00000000000156
4.643773962327055,359.9999999999969,197.18873385392467,180.00000000000156
4.644774129021504,359.9999999999969,197.18873385392467,180.00000000000156
4.6457742957159525,359.9999999999969,197.18873385392467,180.00000000000156
4.646774462410402,359.9999999999969,197.18873385392467,180.00000000000156
4.647774629104851,359.9999999999969,197.18873385392467,180.00000000000156
4.6487747957993,359.9999999999969,197.18873385392467,180.00000000000156
4.649774962493749,359.9999999999969,197.18873385392467,180.00000000000156
4.650775129188198,359.9999999999969,197.18873385392467,180.00000000000156
4.651775295882647,359.9999999999969,197.18873385392467,180.00000000000156
4.652775462577097,359.9999999999969,197.18873385392467,180.00000000000156
4.6537756292715455,359.9999999999969,197.18873385392467,180.00000000000156
4.654775795965994,359.9999999999969,197.18873385392467,180.00000000000156
4.655775962660444,359.9999999999969,197.18873385392467,180.00000000000156
4.656776129354893,359.9999999999969,197.18873385392467,180.00000000000156
4.657776296049342,359.9999999999969,197.18873385392467,180.00000000000156
4.65877646274379,359.9999999999969,197.18873385392467,180.00000000000156
4.65977662943824,359.9999999999969,197.18873385392467,180.00000000000156
4.660776796132689,359.9999999999969,197.18873385392467,180.00000000000156
4.661776962827138,359.9999999999969,197.18873385392467,180.00000000000156
4.662777129521587,359.9999999999969,197.18873385392467,180.00000000000156
4.663777296216036,359.9999999999969,197.18873385392467,180.00000000000156
4.664777462910485,359.9999999999969,197.18873385392467,180.00000000000156
4.665777629604935,359.9999999999969,197.18873385392467,180.00000000000156
4.6667777962993835,359.9999999999969,197.18873385392467,180.00000000000156
4.667777962993832,359.9999999999969,197.18873385392467,180.00000000000156
4.668778129688282,359.9999999999969,197.18873385392467,180.00000000000156
4.669778296382731,359.9999999999969,197.18873385392467,180.00000000000156
4.67077846307718,359.9999999999969,197.18873385392467,180.00000000000156
4.671778629771628,359.9999999999969,197.18873385392467,180.00000000000156
4.672778796466078,359.9999999999969,197.18873385392467,180.00000000000156
4.673778963160527,359.9999999999969,197.18873385392467,180.00000000000156
4.674779129854976,359.9999999999969,197.18873385392467,180.00000000000156
4.675779296549425,359.9999999999969,197.18873385392467,180.00000000000156
4.676779463243874,359.9999999999969,197.18873385392467,180.00000000000156
4.677779629938323,359.9999999999969,197.18873385392467,180.00000000000156
4.678779796632773,359.9999999999969,197.18873385392467,180.00000000000156
4.6797799633272215,359.9999999999969,197.18873385392467,180.00000000000156
4.68078013002167,359.9999999999969,197.18873385392467,180.00000000000156
4.68178029671612,359.9999999999969,197.18873385392467,180.00000000000156
4.682780463410569,359.9999999999969,197.18873385392467,180.00000000000156
4.6837806301050176,359.9999999999969,197.18873385392467,180.00000000000156
4.684780796799466,359.9999999999969,197.18873385392467,180.00000000000156
4.685780963493916,359.9999999999969,197.18873385392467,180.00000000000156
4.686781130188365,359.9999999999969,197.18873385392467,180.00000000000156
4.687781296882814,359.9999999999969,197.18873385392467,180.00000000000156
4.688781463577263,359.9999999999969,197.18873385392467,180.00000000000156
4.689781630271712,359.9999999999969,197.18873385392467,180.00000000000156
4.690781796966161,359.9999999999969,197.18873385392467,180.00000000000156
4.691781963660611,359.9999999999969,197.18873385392467,180.00000000000156
4.692782130355059,359.9999999999969,197.18873385392467,180.00000000000156
4.693782297049508,359.9999999999969,197.18873385392467,180.00000000000156
4.694782463743958,359.9999999999969,197.18873385392467,180.00000000000156
4.695782630438407,359.9999999999969,197.18873385392467,180.00000000000156
4.6967827971328555,359.9999999999969,197.18873385392467,180.00000000000156
4.697782963827304,359.9999999999969,197.18873385392467,180.00000000000156
4.698783130521754,359.9999999999969,197.18873385392467,180.00000000000156
4.699783297216203,359.9999999999969,197.18873385392467,180.00000000000156
4.700783463910652,359.9999999999969,197.18873385392467,180.00000000000156
4.701783630605101,359.9999999999969,197.18873385392467,180.00000000000156
4.70278379729955,359.9999999999969,197.18873385392467,180.00000000000156
4.703783963993999,359.9999999999969,197.18873385392467,180.00000000000156
4.704784130688449,359.9999999999969,197.18873385392467,180.00000000000156
4.705784297382897,359.9999999999969,197.18873385392467,180.00000000000156
4.706784464077346,359.9999999999969,197.18873385392467,180.00000000000156
4.707784630771796,359.9999999999969,197.18873385392467,180.00000000000156
4.708784797466245,359.9999999999969,197.18873385392467,180.00000000000156
4.7097849641606935,359.9999999999969,197.18873385392467,180.00000000000156
4.710785130855142,359.9999999999969,197.18873385392467,180.00000000000156
4.711785297549592,359.9999999999969,197.18873385392467,180.00000000000156
4.712785464244041,359.9999999999969,197.18873385392467,180.00000000000156
4.71378563093849,359.9999999999969,197.18873385392467,180.00000000000156
4.714785797632939,359.9999999999969,197.18873385392467,180.00000000000156
4.715785964327388,359.9999999999969,197.18873385392467,180.00000000000156
4.716786131021837,359.9999999999969,197.18873385392467,180.00000000000156
4.7177862977162865,359.9999999999969,197.18873385392467,180.00000000000156
4.718786464410735,359.9999999999969,197.18873385392467,180.00000000000156
4.719786631105184,359.9999999999969,197.18873385392467,180.00000000000156
4.720786797799634,359.9999999999969,197.18873385392467,180.00000000000156
4.721786964494083,359.9999999999969,197.18873385392467,180.00000000000156
4.722787131188531,359.9999999999969,197.18873385392467,180.00000000000156
4.72378729788298,359.9999999999969,197.18873385392467,180.00000000000156
4.72478746457743,359.9999999999969,197.18873385392467,180.00000000000156
4.725787631271879,359.9999999999969,197.18873385392467,180.00000000000156
4.7267877979663275,359.9999999999969,197.18873385392467,180.00000000000156
4.727787964660777,359.9999999999969,197.18873385392467,180.00000000000156
4.728788131355226,359.9999999999969,197.18873385392467,180.00000000000156
4.729788298049675,359.9999999999969,197.18873385392467,180.00000000000156
4.7307884647441245,359.9999999999969,197.18873385392467,180.00000000000156
4.731788631438573,359.9999999999969,197.18873385392467,180.00000000000156
4.732788798133022,359.9999999999969,197.18873385392467,180.00000000000156
4.733788964827472,359.9999999999969,197.18873385392467,180.00000000000156
4.734789131521921,359.9999999999969,197.18873385392467,180.00000000000156
4.735789298216369,359.9999999999969,197.18873385392467,180.00000000000156
4.736789464910819,359.9999999999969,197.18873385392467,180.00000000000156
4.737789631605268,359.9999999999969,197.18873385392467,180.00000000000156
4.738789798299717,359.9999999999969,197.18873385392467,180.00000000000156
4.7397899649941655,359.9999999999969,197.18873385392467,180.00000000000156
4.740790131688615,359.9999999999969,197.18873385392467,180.00000000000156
4.741790298383064,359.9999999999969,197.18873385392467,180.00000000000156
4.742790465077513,359.9999999999969,197.18873385392467,180.00000000000156
4.7437906317719625,359.9999999999969,197.18873385392467,180.00000000000156
4.744790798466411,359.9999999999969,197.18873385392467,180.00000000000156
4.74579096516086,359.9999999999969,197.18873385392467,180.00000000000156
4.74679113185531,359.9999999999969,197.18873385392467,180.00000000000156
4.747791298549759,359.9999999999969,197.18873385392467,180.00000000000156
4.748791465244207,359.9999999999969,197.18873385392467,180.00000000000156
4.749791631938657,359.9999999999969,197.18873385392467,180.00000000000156
4.750791798633106,359.9999999999969,197.18873385392467,180.00000000000156
4.751791965327555,359.9999999999969,197.18873385392467,180.00000000000156
4.7527921320220035,359.9999999999969,197.18873385392467,180.00000000000156
4.753792298716453,359.9999999999969,197.18873385392467,180.00000000000156
4.754792465410902,359.9999999999969,197.18873385392467,180.00000000000156
4.755792632105351,359.9999999999969,197.18873385392467,180.00000000000156
4.7567927987998,359.9999999999969,197.18873385392467,180.00000000000156
4.757792965494249,359.9999999999969,197.18873385392467,180.00000000000156
4.758793132188698,359.9999999999969,197.18873385392467,180.00000000000156
4.759793298883148,359.9999999999969,197.18873385392467,180.00000000000156
4.7607934655775965,359.9999999999969,197.18873385392467,180.00000000000156
4.761793632272045,359.9999999999969,197.18873385392467,180.00000000000156
4.762793798966495,359.9999999999969,197.18873385392467,180.00000000000156
4.763793965660944,359.9999999999969,197.18873385392467,180.00000000000156
4.764794132355393,359.9999999999969,197.18873385392467,180.00000000000156
4.765794299049841,359.9999999999969,197.18873385392467,180.00000000000156
4.766794465744291,359.9999999999969,197.18873385392467,180.00000000000156
4.76779463243874,359.9999999999969,197.18873385392467,180.00000000000156
4.768794799133189,359.9999999999969,197.18873385392467,180.00000000000156
4.769794965827638,359.9999999999969,197.18873385392467,180.00000000000156
4.770795132522087,359.9999999999969,197.18873385392467,180.00000000000156
4.771795299216536,359.9999999999969,197.18873385392467,180.00000000000156
4.772795465910986,359.9999999999969,197.18873385392467,180.00000000000156
4.7737956326054345,359.9999999999969,197.18873385392467,180.00000000000156
4.774795799299883,359.9999999999969,197.18873385392467,180.00000000000156
4.775795965994333,359.9999999999969,197.18873385392467,180.00000000000156
4.776796132688782,359.9999999999969,197.18873385392467,180.00000000000156
4.777796299383231,359.9999999999969,197.18873385392467,180.00000000000156
4.778796466077679,359.9999999999969,197.18873385392467,180.00000000000156
4.779796632772129,359.9999999999969,197.18873385392467,180.00000000000156
4.780796799466578,359.9999999999969,197.18873385392467,180.00000000000156
4.781796966161027,359.9999999999969,197.18873385392467,180.00000000000156
4.782797132855476,359.9999999999969,197.18873385392467,180.00000000000156
4.783797299549925,359.9999999999969,197.18873385392467,180.00000000000156
4.784797466244374,359.9999999999969,197.18873385392467,180.00000000000156
4.785797632938824,359.9999999999969,197.18873385392467,180.00000000000156
4.7867977996332725,359.9999999999969,197.18873385392467,180.00000000000156
4.787797966327721,359.9999999999969,197.18873385392467,180.00000000000156
4.788798133022171,359.9999999999969,197.18873385392467,180.00000000000156
4.78979829971662,359.9999999999969,197.18873385392467,180.00000000000156
4.7907984664110685,359.9999999999969,197.18873385392467,180.00000000000156
4.791798633105517,359.9999999999969,197.18873385392467,180.00000000000156
4.792798799799967,359.9999999999969,197.18873385392467,180.00000000000156
4.793798966494416,359.9999999999969,197.18873385392467,180.00000000000156
4.794799133188865,359.9999999999969,197.18873385392467,180.00000000000156
4.795799299883314,359.9999999999969,197.18873385392467,180.00000000000156
4.796799466577763,359.9999999999969,197.18873385392467,180.00000000000156
4.797799633272212,359.9999999999969,197.18873385392467,180.00000000000156
4.798799799966662,359.9999999999969,197.18873385392467,180.00000000000156
4.79979996666111,359.9999999999969,197.18873385392467,180.00000000000156
4.800800133355559,359.9999999999969,197.18873385392467,180.00000000000156
4.801800300050009,359.9999999999969,197.18873385392467,180.00000000000156
4.802800466744458,359.9999999999969,197.18873385392467,180.00000000000156
4.8038006334389065,359.9999999999969,197.18873385392467,180.00000000000156
4.804800800133355,359.9999999999969,197.18873385392467,180.00000000000156
4.805800966827805,359.9999999999969,197.18873385392467,180.00000000000156
4.806801133522254,359.9999999999969,197.18873385392467,180.00000000000156
4.807801300216703,359.9999999999969,197.18873385392467,180.00000000000156
4.808801466911152,359.9999999999969,197.18873385392467,180.00000000000156
4.809801633605601,359.9999999999969,197.18873385392467,180.00000000000156
4.81080180030005,359.9999999999969,197.18873385392467,180.00000000000156
4.8118019669945,359.9999999999969,197.18873385392467,180.00000000000156
4.812802133688948,359.9999999999969,197.18873385392467,180.00000000000156
4.813802300383397,359.9999999999969,197.18873385392467,180.00000000000156
4.814802467077847,359.9999999999969,197.18873385392467,180.00000000000156
4.815802633772296,359.9999999999969,197.18873385392467,180.00000000000156
4.8168028004667445,359.9999999999969,197.18873385392467,180.00000000000156
4.817802967161193,359.9999999999969,197.18873385392467,180.00000000000156
4.818803133855643,359.9999999999969,197.18873385392467,180.00000000000156
4.819803300550092,359.9999999999969,197.18873385392467,180.00000000000156
4.820803467244541,359.9999999999969,197.18873385392467,180.00000000000156
4.82180363393899,359.9999999999969,197.18873385392467,180.00000000000156
4.822803800633439,359.9999999999969,197.18873385392467,180.00000000000156
4.823803967327888,359.9999999999969,197.18873385392467,180.00000000000156
4.8248041340223375,359.9999999999969,197.18873385392467,180.00000000000156
4.825804300716786,359.9999999999969,197.18873385392467,180.00000000000156
4.826804467411235,359.9999999999969,197.18873385392467,180.00000000000156
4.827804634105685,359.9999999999969,197.18873385392467,180.00000000000156
4.828804800800134,359.9999999999969,197.18873385392467,180.00000000000156
4.829804967494582,359.9999999999969,197.18873385392467,180.00000000000156
4.830805134189032,359.9999999999969,197.18873385392467,180.00000000000156
4.831805300883481,359.9999999999969,197.18873385392467,180.00000000000156
4.83280546757793,359.9999999999969,197.18873385392467,180.00000000000156
4.8338056342723785,359.9999999999969,197.18873385392467,180.00000000000156
4.834805800966828,359.9999999999969,197.18873385392467,180.00000000000156
4.835805967661277,359.9999999999969,197.18873385392467,180.00000000000156
4.836806134355726,359.9999999999969,197.18873385392467,180.00000000000156
4.8378063010501755,359.9999999999969,197.18873385392467,180.00000000000156
4.838806467744624,359.9999999999969,197.18873385392467,180.00000000000156
4.839806634439073,359.9999999999969,197.18873385392467,180.00000000000156
4.840806801133523,359.9999999999969,197.18873385392467,180.00000000000156
4.841806967827972,359.9999999999969,197.18873385392467,180.00000000000156
4.84280713452242,359.9999999999969,197.18873385392467,180.00000000000156
4.84380730121687,359.9999999999969,197.18873385392467,180.00000000000156
4.844807467911319,359.9999999999969,197.18873385392467,180.00000000000156
4.845807634605768,359.9999999999969,197.18873385392467,180.00000000000156
4.8468078013002165,359.9999999999969,197.18873385392467,180.00000000000156
4.847807967994666,359.9999999999969,197.18873385392467,180.00000000000156
4.848808134689115,359.9999999999969,197.18873385392467,180.00000000000156
4.849808301383564,359.9999999999969,197.18873385392467,180.00000000000156
4.8508084680780135,359.9999999999969,197.18873385392467,180.00000000000156
4.851808634772462,359.9999999999969,197.18873385392467,180.00000000000156
4.852808801466911,359.9999999999969,197.18873385392467,180.00000000000156
4.853808968161361,359.9999999999969,197.18873385392467,180.00000000000156
4.85480913485581,359.9999999999969,197.18873385392467,180.00000000000156
4.855809301550258,359.9999999999969,197.18873385392467,180.00000000000156
4.856809468244708,359.9999999999969,197.18873385392467,180.00000000000156
4.857809634939157,359.9999999999969,197.18873385392467,180.00000000000156
4.858809801633606,359.9999999999969,197.18873385392467,180.00000000000156
4.8598099683280545,359.9999999999969,197.18873385392467,180.00000000000156
4.860810135022504,359.9999999999969,197.18873385392467,180.00000000000156
4.861810301716953,359.9999999999969,197.18873385392467,180.00000000000156
4.862810468411402,359.9999999999969,197.18873385392467,180.00000000000156
4.863810635105851,359.9999999999969,197.18873385392467,180.00000000000156
4.8648108018003,359.9999999999969,197.18873385392467,180.00000000000156
4.865810968494749,359.9999999999969,197.18873385392467,180.00000000000156
4.866811135189199,359.9999999999969,197.18873385392467,180.00000000000156
4.8678113018836475,359.9999999999969,197.18873385392467,180.00000000000156
4.868811468578096,359.9999999999969,197.18873385392467,180.00000000000156
4.869811635272546,359.9999999999969,197.18873385392467,180.00000000000156
4.870811801966995,359.9999999999969,197.18873385392467,180.00000000000156
4.871811968661444,359.9999999999969,197.18873385392467,180.00000000000156
4.872812135355892,359.9999999999969,197.18873385392467,180.00000000000156
4.873812302050342,359.9999999999969,197.18873385392467,180.00000000000156
4.874812468744791,359.9999999999969,197.18873385392467,180.00000000000156
4.87581263543924,359.9999999999969,197.18873385392467,180.00000000000156
4.876812802133689,359.9999999999969,197.18873385392467,180.00000000000156
4.877812968828138,359.9999999999969,197.18873385392467,180.00000000000156
4.878813135522587,359.9999999999969,197.18873385392467,180.00000000000156
4.879813302217037,359.9999999999969,197.18873385392467,180.00000000000156
4.8808134689114855,359.9999999999969,197.18873385392467,180.00000000000156
4.881813635605934,359.9999999999969,197.18873385392467,180.00000000000156
4.882813802300384,359.9999999999969,197.18873385392467,180.00000000000156
4.883813968994833,359.9999999999969,197.18873385392467,180.00000000000156
4.884814135689282,359.9999999999969,197.18873385392467,180.00000000000156
4.88581430238373,359.9999999999969,197.18873385392467,180.00000000000156
4.88681446907818,359.9999999999969,197.18873385392467,180.00000000000156
4.887814635772629,359.9999999999969,197.18873385392467,180.00000000000156
4.888814802467078,359.9999999999969,197.18873385392467,180.00000000000156
4.889814969161527,359.9999999999969,197.18873385392467,180.00000000000156
4.890815135855976,359.9999999999969,197.18873385392467,180.00000000000156
4.891815302550425,359.9999999999969,197.18873385392467,180.00000000000156
4.892815469244875,359.9999999999969,197.18873385392467,180.00000000000156
4.8938156359393234,359.9999999999969,197.18873385392467,180.00000000000156
4.894815802633772,359.9999999999969,197.18873385392467,180.00000000000156
4.895815969328222,359.9999999999969,197.18873385392467,180.00000000000156
4.896816136022671,359.9999999999969,197.18873385392467,180.00000000000156
4.8978163027171195,359.9999999999969,197.18873385392467,180.00000000000156
4.898816469411568,359.9999999999969,197.18873385392467,180.00000000000156
4.899816636106018,359.9999999999969,197.18873385392467,180.00000000000156
4.900816802800467,359.9999999999969,197.18873385392467,180.00000000000156
4.901816969494916,359.9999999999969,197.18873385392467,180.00000000000156
4.902817136189365,359.9999999999969,197.18873385392467,180.00000000000156
4.903817302883814,359.9999999999969,197.18873385392467,180.00000000000156
4.904817469578263,359.9999999999969,197.18873385392467,180.00000000000156
4.905817636272713,359.9999999999969,197.18873385392467,180.00000000000156
4.906817802967161,359.9999999999969,197.18873385392467,180.00000000000156
4.90781796966161,359.9999999999969,197.18873385392467,180.00000000000156
4.90881813635606,359.9999999999969,197.18873385392467,180.00000000000156
4.909818303050509,359.9999999999969,197.18873385392467,180.00000000000156
4.9108184697449575,359.9999999999969,197.18873385392467,180.00000000000156
4.911818636439407,359.9999999999969,197.18873385392467,180.00000000000156
4.912818803133856,359.9999999999969,197.18873385392467,180.00000000000156
4.913818969828305,359.9999999999969,197.18873385392467,180.00000000000156
4.914819136522754,359.9999999999969,197.18873385392467,180.00000000000156
4.915819303217203,359.9999999999969,197.18873385392467,180.00000000000156
4.916819469911652,359.9999999999969,197.18873385392467,180.00000000000156
4.917819636606101,359.9999999999969,197.18873385392467,180.00000000000156
4.918819803300551,359.9999999999969,197.18873385392467,180.00000000000156
4.919819969994999,359.9999999999969,197.18873385392467,180.00000000000156
4.920820136689448,359.9999999999969,197.18873385392467,180.00000000000156
4.921820303383898,359.9999999999969,197.18873385392467,180.00000000000156
4.922820470078347,359.9999999999969,197.18873385392467,180.00000000000156
4.9238206367727955,359.9999999999969,197.18873385392467,180.00000000000156
4.924820803467245,359.9999999999969,197.18873385392467,180.00000000000156
4.925820970161694,359.9999999999969,197.18873385392467,180.00000000000156
4.926821136856143,359.9999999999969,197.18873385392467,180.00000000000156
4.927821303550592,359.9999999999969,197.18873385392467,180.00000000000156
4.928821470245041,359.9999999999969,197.18873385392467,180.00000000000156
4.92982163693949,359.9999999999969,197.18873385392467,180.00000000000156
4.930821803633939,359.9999999999969,197.18873385392467,180.00000000000156
4.9318219703283885,359.9999999999969,197.18873385392467,180.00000000000156
4.932822137022837,359.9999999999969,197.18873385392467,180.00000000000156
4.933822303717286,359.9999999999969,197.18873385392467,180.00000000000156
4.934822470411736,359.9999999999969,197.18873385392467,180.00000000000156
4.935822637106185,359.9999999999969,197.18873385392467,180.00000000000156
4.936822803800633,359.9999999999969,197.18873385392467,180.00000000000156
4.937822970495083,359.9999999999969,197.18873385392467,180.00000000000156
4.938823137189532,359.9999999999969,197.18873385392467,180.00000000000156
4.939823303883981,359.9999999999969,197.18873385392467,180.00000000000156
4.9408234705784295,359.9999999999969,197.18873385392467,180.00000000000156
4.941823637272879,359.9999999999969,197.18873385392467,180.00000000000156
4.942823803967328,359.9999999999969,197.18873385392467,180.00000000000156
4.943823970661777,359.9999999999969,197.18873385392467,180.00000000000156
4.9448241373562265,359.9999999999969,197.18873385392467,180.00000000000156
4.945824304050675,359.9999999999969,197.18873385392467,180.00000000000156
4.946824470745124,359.9999999999969,197.18873385392467,180.00000000000156
4.947824637439574,359.9999999999969,197.18873385392467,180.00000000000156
4.948824804134023,359.9999999999969,197.18873385392467,180.00000000000156
4.949824970828471,359.9999999999969,197.18873385392467,180.00000000000156
4.950825137522921,359.9999999999969,197.18873385392467,180.00000000000156
4.95182530421737,359.9999999999969,197.18873385392467,180.00000000000156
4.952825470911819,359.9999999999969,197.18873385392467,180.00000000000156
4.9538256376062675,359.9999999999969,197.18873385392467,180.00000000000156
4.954825804300717,359.9999999999969,197.18873385392467,180.00000000000156
4.955825970995166,359.9999999999969,197.18873385392467,180.00000000000156
4.956826137689615,359.9999999999969,197.18873385392467,180.00000000000156
4.9578263043840645,359.9999999999969,197.18873385392467,180.00000000000156
4.958826471078513,359.9999999999969,197.18873385392467,180.00000000000156
4.959826637772962,359.9999999999969,197.18873385392467,180.00000000000156
4.960826804467412,359.9999999999969,197.18873385392467,180.00000000000156
4.9618269711618606,359.9999999999969,197.18873385392467,180.00000000000156
4.962827137856309,359.9999999999969,197.18873385392467,180.00000000000156
4.963827304550759,359.9999999999969,197.18873385392467,180.00000000000156
4.964827471245208,359.9999999999969,197.18873385392467,180.00000000000156
4.965827637939657,359.9999999999969,197.18873385392467,180.00000000000156
4.9668278046341054,359.9999999999969,197.18873385392467,180.00000000000156
4.967827971328555,359.9999999999969,197.18873385392467,180.00000000000156
4.968828138023004,359.9999999999969,197.18873385392467,180.00000000000156
4.969828304717453,359.9999999999969,197.18873385392467,180.00000000000156
4.970828471411902,359.9999999999969,197.18873385392467,180.00000000000156
4.971828638106351,359.9999999999969,197.18873385392467,180.00000000000156
4.9728288048008,359.9999999999969,197.18873385392467,180.00000000000156
4.97382897149525,359.9999999999969,197.18873385392467,180.00000000000156
4.9748291381896985,359.9999999999969,197.18873385392467,180.00000000000156
4.975829304884147,359.9999999999969,197.18873385392467,180.00000000000156
4.976829471578597,359.9999999999969,197.18873385392467,180.00000000000156
4.977829638273046,359.9999999999969,197.18873385392467,180.00000000000156
4.978829804967495,359.9999999999969,197.18873385392467,180.00000000000156
4.979829971661943,359.9999999999969,197.18873385392467,180.00000000000156
4.980830138356393,359.9999999999969,197.18873385392467,180.00000000000156
4.981830305050842,359.9999999999969,197.18873385392467,180.00000000000156
4.982830471745291,359.9999999999969,197.18873385392467,180.00000000000156
4.98383063843974,359.9999999999969,197.18873385392467,180.00000000000156
4.984830805134189,359.9999999999969,197.18873385392467,180.00000000000156
4.985830971828638,359.9999999999969,197.18873385392467,180.00000000000156
4.986831138523088,359.9999999999969,197.18873385392467,180.00000000000156
4.9878313052175365,359.9999999999969,197.18873385392467,180.00000000000156
4.988831471911985,359.9999999999969,197.18873385392467,180.00000000000156
4.989831638606435,359.9999999999969,197.18873385392467,180.00000000000156
4.990831805300884,359.9999999999969,197.18873385392467,180.00000000000156
4.991831971995333,359.9999999999969,197.18873385392467,180.00000000000156
4.992832138689781,359.9999999999969,197.18873385392467,180.00000000000156
4.993832305384231,359.9999999999969,197.18873385392467,180.00000000000156
4.99483247207868,359.9999999999969,197.18873385392467,180.00000000000156
4.995832638773129,359.9999999999969,197.18873385392467,180.00000000000156
4.996832805467578,359.9999999999969,197.18873385392467,180.00000000000156
4.997832972162027,359.9999999999969,197.18873385392467,180.00000000000156
4.998833138856476,359.9999999999969,197.18873385392467,180.00000000000156
4.999833305550926,359.9999999999969,197.18873385392467,180.00000000000156
5.0008334722453744,359.9999999999969,197.18873385392467,180.00000000000156
5.001833638939823,359.9999999999969,197.18873385392467,180.00000000000156
5.002833805634273,359.9999999999969,197.18873385392467,180.00000000000156
5.003833972328722,359.9999999999969,197.18873385392467,180.00000000000156
5.0048341390231705,359.9999999999969,197.18873385392467,180.00000000000156
5.00583430571762,359.9999999999969,197.18873385392467,180.00000000000156
5.006834472412069,359.9999999999969,197.18873385392467,180.00000000000156
5.007834639106518,359.9999999999969,197.18873385392467,180.00000000000156
5.008834805800967,359.9999999999969,197.18873385392467,180.00000000000156
5.009834972495416,359.9999999999969,197.18873385392467,180.00000000000156
5.010835139189865,359.9999999999969,197.18873385392467,180.00000000000156
5.011835305884314,359.9999999999969,197.18873385392467,180.00000000000156
5.012835472578764,359.9999999999969,197.18873385392467,180.00000000000156
5.013835639273212,359.9999999999969,197.18873385392467,180.00000000000156
5.014835805967661,359.9999999999969,197.18873385392467,180.00000000000156
5.015835972662111,359.9999999999969,197.18873385392467,180.00000000000156
5.01683613935656,359.9999999999969,197.18873385392467,180.00000000000156
5.0178363060510085,359.9999999999969,197.18873385392467,180.00000000000156
5.018836472745458,359.9999999999969,197.18873385392467,180.00000000000156
5.019836639439907,359.9999999999969,197.18873385392467,180.00000000000156
5.020836806134356,359.9999999999969,197.18873385392467,180.00000000000156
5.021836972828805,359.9999999999969,197.18873385392467,180.00000000000156
5.022837139523254,359.9999999999969,197.18873385392467,180.00000000000156
5.023837306217703,359.9999999999969,197.18873385392467,180.00000000000156
5.024837472912152,359.9999999999969,197.18873385392467,180.00000000000156
5.025837639606602,359.9999999999969,197.18873385392467,180.00000000000156
5.02683780630105,359.9999999999969,197.18873385392467,180.00000000000156
5.027837972995499,359.9999999999969,197.18873385392467,180.00000000000156
5.028838139689949,359.9999999999969,197.18873385392467,180.00000000000156
5.029838306384398,359.9999999999969,197.18873385392467,180.00000000000156
5.0308384730788465,359.9999999999969,197.18873385392467,180.00000000000156
5.031838639773296,359.9999999999969,197.18873385392467,180.00000000000156
5.032838806467745,359.9999999999969,197.18873385392467,180.00000000000156
5.033838973162194,359.9999999999969,197.18873385392467,180.00000000000156
5.0348391398566426,359.9999999999969,197.18873385392467,180.00000000000156
5.035839306551092,359.9999999999969,197.18873385392467,180.00000000000156
5.036839473245541,359.9999999999969,197.18873385392467,180.00000000000156
5.03783963993999,359.9999999999969,197.18873385392467,180.00000000000156
5.0388398066344395,359.9999999999969,197.18873385392467,180.00000000000156
5.039839973328888,359.9999999999969,197.18873385392467,180.00000000000156
5.040840140023337,359.9999999999969,197.18873385392467,180.00000000000156
5.041840306717787,359.9999999999969,197.18873385392467,180.00000000000156
5.042840473412236,359.9999999999969,197.18873385392467,180.00000000000156
5.043840640106684,359.9999999999969,197.18873385392467,180.00000000000156
5.044840806801134,359.9999999999969,197.18873385392467,180.00000000000156
5.045840973495583,359.9999999999969,197.18873385392467,180.00000000000156
5.046841140190032,359.9999999999969,197.18873385392467,180.00000000000156
5.0478413068844805,359.9999999999969,197.18873385392467,180.00000000000156
5.04884147357893,359.9999999999969,197.18873385392467,180.00000000000156
5.049841640273379,359.9999999999969,197.18873385392467,180.00000000000156
5.050841806967828,359.9999999999969,197.18873385392467,180.00000000000156
5.0518419736622775,359.9999999999969,197.18873385392467,180.00000000000156
5.052842140356726,359.9999999999969,197.18873385392467,180.00000000000156
5.053842307051175,359.9999999999969,197.18873385392467,180.00000000000156
5.054842473745625,359.9999999999969,197.18873385392467,180.00000000000156
5.055842640440074,359.9999999999969,197.18873385392467,180.00000000000156
5.056842807134522,359.9999999999969,197.18873385392467,180.00000000000156
5.057842973828972,359.9999999999969,197.18873385392467,180.00000000000156
5.058843140523421,359.9999999999969,197.18873385392467,180.00000000000156
5.05984330721787,359.9999999999969,197.18873385392467,180.00000000000156
5.0608434739123185,359.9999999999969,197.18873385392467,180.00000000000156
5.061843640606768,359.9999999999969,197.18873385392467,180.00000000000156
5.062843807301217,359.9999999999969,197.18873385392467,180.00000000000156
5.063843973995666,359.9999999999969,197.18873385392467,180.00000000000156
5.0648441406901155,359.9999999999969,197.18873385392467,180.00000000000156
5.065844307384564,359.9999999999969,197.18873385392467,180.00000000000156
5.066844474079013,359.9999999999969,197.18873385392467,180.00000000000156
5.067844640773463,359.9999999999969,197.18873385392467,180.00000000000156
5.0688448074679116,359.9999999999969,197.18873385392467,180.00000000000156
5.06984497416236,359.9999999999969,197.18873385392467,180.00000000000156
5.07084514085681,359.9999999999969,197.18873385392467,180.00000000000156
5.071845307551259,359.9999999999969,197.18873385392467,180.00000000000156
5.072845474245708,359.9999999999969,197.18873385392467,180.00000000000156
5.073845640940156,359.9999999999969,197.18873385392467,180.00000000000156
5.074845807634606,359.9999999999969,197.18873385392467,180.00000000000156
5.075845974329055,359.9999999999969,197.18873385392467,180.00000000000156
5.076846141023504,359.9999999999969,197.18873385392467,180.00000000000156
5.077846307717953,359.9999999999969,197.18873385392467,180.00000000000156
5.078846474412402,359.9999999999969,197.18873385392467,180.00000000000156
5.079846641106851,359.9999999999969,197.18873385392467,180.00000000000156
5.080846807801301,359.9999999999969,197.18873385392467,180.00000000000156
5.0818469744957495,359.9999999999969,197.18873385392467,180.00000000000156
5.082847141190198,359.9999999999969,197.18873385392467,180.00000000000156
5.083847307884648,359.9999999999969,197.18873385392467,180.00000000000156
5.084847474579097,359.9999999999969,197.18873385392467,180.00000000000156
5.085847641273546,359.9999999999969,197.18873385392467,180.00000000000156
5.086847807967995,359.9999999999969,197.18873385392467,180.00000000000156
5.087847974662444,359.9999999999969,197.18873385392467,180.00000000000156
5.088848141356893,359.9999999999969,197.18873385392467,180.00000000000156
5.089848308051342,359.9999999999969,197.18873385392467,180.00000000000156
5.090848474745791,359.9999999999969,197.18873385392467,180.00000000000156
5.09184864144024,359.9999999999969,197.18873385392467,180.00000000000156
5.092848808134689,359.9999999999969,197.18873385392467,180.00000000000156
5.093848974829139,359.9999999999969,197.18873385392467,180.00000000000156
5.0948491415235875,359.9999999999969,197.18873385392467,180.00000000000156
5.095849308218036,359.9999999999969,197.18873385392467,180.00000000000156
5.096849474912486,359.9999999999969,197.18873385392467,180.00000000000156
5.097849641606935,359.9999999999969,197.18873385392467,180.00000000000156
5.098849808301384,359.9999999999969,197.18873385392467,180.00000000000156
5.099849974995833,359.9999999999969,197.18873385392467,180.00000000000156
5.100850141690282,359.9999999999969,197.18873385392467,180.00000000000156
5.101850308384731,359.9999999999969,197.18873385392467,180.00000000000156
5.10285047507918,359.9999999999969,197.18873385392467,180.00000000000156
5.103850641773629,359.9999999999969,197.18873385392467,180.00000000000156
5.104850808468078,359.9999999999969,197.18873385392467,180.00000000000156
5.105850975162527,359.9999999999969,197.18873385392467,180.00000000000156
5.106851141856977,359.9999999999969,197.18873385392467,180.00000000000156
5.107851308551425,359.9999999999969,197.18873385392467,180.00000000000156
5.108851475245874,359.9999999999969,197.18873385392467,180.00000000000156
5.109851641940324,359.9999999999969,197.18873385392467,180.00000000000156
5.110851808634773,359.9999999999969,197.18873385392467,180.00000000000156
5.1118519753292215,359.9999999999969,197.18873385392467,180.00000000000156
5.112852142023671,359.9999999999969,197.18873385392467,180.00000000000156
5.11385230871812,359.9999999999969,197.18873385392467,180.00000000000156
5.114852475412569,359.9999999999969,197.18873385392467,180.00000000000156
5.115852642107018,359.9999999999969,197.18873385392467,180.00000000000156
5.116852808801467,359.9999999999969,197.18873385392467,180.00000000000156
5.117852975495916,359.9999999999969,197.18873385392467,180.00000000000156
5.118853142190365,359.9999999999969,197.18873385392467,180.00000000000156
5.119853308884815,359.9999999999969,197.18873385392467,180.00000000000156
5.120853475579263,359.9999999999969,197.18873385392467,180.00000000000156
5.121853642273712,359.9999999999969,197.18873385392467,180.00000000000156
5.122853808968162,359.9999999999969,197.18873385392467,180.00000000000156
5.123853975662611,359.9999999999969,197.18873385392467,180.00000000000156
5.1248541423570595,359.9999999999969,197.18873385392467,180.00000000000156
5.125854309051509,359.9999999999969,197.18873385392467,180.00000000000156
5.126854475745958,359.9999999999969,197.18873385392467,180.00000000000156
5.127854642440407,359.9999999999969,197.18873385392467,180.00000000000156
5.128854809134856,359.9999999999969,197.18873385392467,180.00000000000156
5.129854975829305,359.9999999999969,197.18873385392467,180.00000000000156
5.130855142523754,359.9999999999969,197.18873385392467,180.00000000000156
5.131855309218203,359.9999999999969,197.18873385392467,180.00000000000156
5.132855475912653,359.9999999999969,197.18873385392467,180.00000000000156
5.133855642607101,359.9999999999969,197.18873385392467,180.00000000000156
5.13485580930155,359.9999999999969,197.18873385392467,180.00000000000156
5.135855975996,359.9999999999969,197.18873385392467,180.00000000000156
5.136856142690449,359.9999999999969,197.18873385392467,180.00000000000156
5.1378563093848975,359.9999999999969,197.18873385392467,180.00000000000156
5.138856476079347,359.9999999999969,197.18873385392467,180.00000000000156
5.139856642773796,359.9999999999969,197.18873385392467,180.00000000000156
5.140856809468245,359.9999999999969,197.18873385392467,180.00000000000156
5.1418569761626935,359.9999999999969,197.18873385392467,180.00000000000156
5.142857142857143,359.9999999999969,197.18873385392467,180.00000000000156
5.143857309551592,359.9999999999969,197.18873385392467,180.00000000000156
5.144857476246041,359.9999999999969,197.18873385392467,180.00000000000156
5.1458576429404905,359.9999999999969,197.18873385392467,180.00000000000156
5.146857809634939,359.9999999999969,197.18873385392467,180.00000000000156
5.147857976329388,359.9999999999969,197.18873385392467,180.00000000000156
5.148858143023838,359.9999999999969,197.18873385392467,180.00000000000156
5.149858309718287,359.9999999999969,197.18873385392467,180.00000000000156
5.150858476412735,359.9999999999969,197.18873385392467,180.00000000000156
5.151858643107185,359.9999999999969,197.18873385392467,180.00000000000156
5.152858809801634,359.9999999999969,197.18873385392467,180.00000000000156
5.153858976496083,359.9999999999969,197.18873385392467,180.00000000000156
5.1548591431905315,359.9999999999969,197.18873385392467,180.00000000000156
5.155859309884981,359.9999999999969,197.18873385392467,180.00000000000156
5.15685947657943,359.9999999999969,197.18873385392467,180.00000000000156
5.157859643273879,359.9999999999969,197.18873385392467,180.00000000000156
5.1588598099683285,359.9999999999969,197.18873385392467,180.00000000000156
5.159859976662777,359.9999999999969,197.18873385392467,180.00000000000156
5.160860143357226,359.9999999999969,197.18873385392467,180.00000000000156
5.161860310051676,359.9999999999969,197.18873385392467,180.00000000000156
5.162860476746125,359.9999999999969,197.18873385392467,180.00000000000156
5.163860643440573,359.9999999999969,197.18873385392467,180.00000000000156
5.164860810135023,359.9999999999969,197.18873385392467,180.00000000000156
5.165860976829472,359.9999999999969,197.18873385392467,180.00000000000156
5.166861143523921,359.9999999999969,197.18873385392467,180.00000000000156
5.16786131021837,359.9999999999969,197.18873385392467,180.00000000000156
5.168861476912819,359.9999999999969,197.18873385392467,180.00000000000156
5.169861643607268,359.9999999999969,197.18873385392467,180.00000000000156
5.170861810301717,359.9999999999969,197.18873385392467,180.00000000000156
5.1718619769961665,359.9999999999969,197.18873385392467,180.00000000000156
5.172862143690615,359.9999999999969,197.18873385392467,180.00000000000156
5.173862310385064,359.9999999999969,197.18873385392467,180.00000000000156
5.174862477079514,359.9999999999969,197.18873385392467,180.00000000000156
5.1758626437739625,359.9999999999969,197.18873385392467,180.00000000000156
5.176862810468411,359.9999999999969,197.18873385392467,180.00000000000156
5.177862977162861,359.9999999999969,197.18873385392467,180.00000000000156
5.17886314385731,359.9999999999969,197.18873385392467,180.00000000000156
5.179863310551759,359.9999999999969,197.18873385392467,180.00000000000156
5.180863477246208,359.9999999999969,197.18873385392467,180.00000000000156
5.181863643940657,359.9999999999969,197.18873385392467,180.00000000000156
5.182863810635106,359.9999999999969,197.18873385392467,180.00000000000156
5.183863977329555,359.9999999999969,197.18873385392467,180.00000000000156
5.184864144024004,359.9999999999969,197.18873385392467,180.00000000000156
5.185864310718453,359.9999999999969,197.18873385392467,180.00000000000156
5.186864477412902,359.9999999999969,197.18873385392467,180.00000000000156
5.187864644107352,359.9999999999969,197.18873385392467,180.00000000000156
5.1888648108018005,359.9999999999969,197.18873385392467,180.00000000000156
5.189864977496249,359.9999999999969,197.18873385392467,180.00000000000156
5.190865144190699,359.9999999999969,197.18873385392467,180.00000000000156
5.191865310885148,359.9999999999969,197.18873385392467,180.00000000000156
5.192865477579597,359.9999999999969,197.18873385392467,180.00000000000156
5.193865644274046,359.9999999999969,197.18873385392467,180.00000000000156
5.194865810968495,359.9999999999969,197.18873385392467,180.00000000000156
5.195865977662944,359.9999999999969,197.18873385392467,180.00000000000156
5.196866144357393,359.9999999999969,197.18873385392467,180.00000000000156
5.197866311051842,359.9999999999969,197.18873385392467,180.00000000000156
5.198866477746291,359.9999999999969,197.18873385392467,180.00000000000156
5.19986664444074,359.9999999999969,197.18873385392467,180.00000000000156
5.20086681113519,359.9999999999969,197.18873385392467,180.00000000000156
5.2018669778296385,359.9999999999969,197.18873385392467,180.00000000000156
5.202867144524087,359.9999999999969,197.18873385392467,180.00000000000156
5.203867311218537,359.9999999999969,197.18873385392467,180.00000000000156
5.204867477912986,359.9999999999969,197.18873385392467,180.00000000000156
5.205867644607435,359.9999999999969,197.18873385392467,180.00000000000156
5.206867811301884,359.9999999999969,197.18873385392467,180.00000000000156
5.207867977996333,359.9999999999969,197.18873385392467,180.00000000000156
5.208868144690782,359.9999999999969,197.18873385392467,180.00000000000156
5.209868311385231,359.9999999999969,197.18873385392467,180.00000000000156
5.21086847807968,359.9999999999969,197.18873385392467,180.00000000000156
5.211868644774129,359.9999999999969,197.18873385392467,180.00000000000156
5.212868811468578,359.9999999999969,197.18873385392467,180.00000000000156
5.213868978163028,359.9999999999969,197.18873385392467,180.00000000000156
5.214869144857476,359.9999999999969,197.18873385392467,180.00000000000156
5.215869311551925,359.9999999999969,197.18873385392467,180.00000000000156
5.216869478246375,359.9999999999969,197.18873385392467,180.00000000000156
5.217869644940824,359.9999999999969,197.18873385392467,180.00000000000156
5.2188698116352725,359.9999999999969,197.18873385392467,180.00000000000156
5.219869978329722,359.9999999999969,197.18873385392467,180.00000000000156
5.220870145024171,359.9999999999969,197.18873385392467,180.00000000000156
5.22187031171862,359.9999999999969,197.18873385392467,180.00000000000156
5.222870478413069,359.9999999999969,197.18873385392467,180.00000000000156
5.223870645107518,359.9999999999969,197.18873385392467,180.00000000000156
5.224870811801967,359.9999999999969,197.18873385392467,180.00000000000156
5.225870978496416,359.9999999999969,197.18873385392467,180.00000000000156
5.226871145190866,359.9999999999969,197.18873385392467,180.00000000000156
5.227871311885314,359.9999999999969,197.18873385392467,180.00000000000156
5.228871478579763,359.9999999999969,197.18873385392467,180.00000000000156
5.229871645274213,359.9999999999969,197.18873385392467,180.00000000000156
5.230871811968662,359.9999999999969,197.18873385392467,180.00000000000156
5.2318719786631105,359.9999999999969,197.18873385392467,180.00000000000156
5.23287214535756,359.9999999999969,197.18873385392467,180.00000000000156
5.233872312052009,359.9999999999969,197.18873385392467,180.00000000000156
5.234872478746458,359.9999999999969,197.18873385392467,180.00000000000156
5.235872645440907,359.9999999999969,197.18873385392467,180.00000000000156
5.236872812135356,359.9999999999969,197.18873385392467,180.00000000000156
5.237872978829805,359.9999999999969,197.18873385392467,180.00000000000156
5.238873145524254,359.9999999999969,197.18873385392467,180.00000000000156
5.239873312218704,359.9999999999969,197.18873385392467,180.00000000000156
5.240873478913152,359.9999999999969,197.18873385392467,180.00000000000156
5.241873645607601,359.9999999999969,197.18873385392467,180.00000000000156
5.242873812302051,359.9999999999969,197.18873385392467,180.00000000000156
5.2438739789965,359.9999999999969,197.18873385392467,180.00000000000156
5.2448741456909485,359.9999999999969,197.18873385392467,180.00000000000156
5.245874312385398,359.9999999999969,197.18873385392467,180.00000000000156
5.246874479079847,359.9999999999969,197.18873385392467,180.00000000000156
5.247874645774296,359.9999999999969,197.18873385392467,180.00000000000156
5.248874812468745,359.9999999999969,197.18873385392467,180.00000000000156
5.249874979163194,359.9999999999969,197.18873385392467,180.00000000000156
5.250875145857643,359.9999999999969,197.18873385392467,180.00000000000156
5.251875312552092,359.9999999999969,197.18873385392467,180.00000000000156
5.2528754792465415,359.9999999999969,197.18873385392467,180.00000000000156
5.25387564594099,359.9999999999969,197.18873385392467,180.00000000000156
5.254875812635439,359.9999999999969,197.18873385392467,180.00000000000156
5.255875979329889,359.9999999999969,197.18873385392467,180.00000000000156
5.256876146024338,359.9999999999969,197.18873385392467,180.00000000000156
5.257876312718786,359.9999999999969,197.18873385392467,180.00000000000156
5.258876479413236,359.9999999999969,197.18873385392467,180.00000000000156
5.259876646107685,359.9999999999969,197.18873385392467,180.00000000000156
5.260876812802134,359.9999999999969,197.18873385392467,180.00000000000156
5.261876979496583,359.9999999999969,197.18873385392467,180.00000000000156
5.262877146191032,359.9999999999969,197.18873385392467,180.00000000000156
5.263877312885481,359.9999999999969,197.18873385392467,180.00000000000156
5.26487747957993,359.9999999999969,197.18873385392467,180.00000000000156
5.2658776462743795,359.9999999999969,197.18873385392467,180.00000000000156
5.266877812968828,359.9999999999969,197.18873385392467,180.00000000000156
5.267877979663277,359.9999999999969,197.18873385392467,180.00000000000156
5.268878146357727,359.9999999999969,197.18873385392467,180.00000000000156
5.269878313052176,359.9999999999969,197.18873385392467,180.00000000000156
5.270878479746624,359.9999999999969,197.18873385392467,180.00000000000156
5.271878646441074,359.9999999999969,197.18873385392467,180.00000000000156
5.272878813135523,359.9999999999969,197.18873385392467,180.00000000000156
5.273878979829972,359.9999999999969,197.18873385392467,180.00000000000156
5.274879146524421,359.9999999999969,197.18873385392467,180.00000000000156
5.27587931321887,359.9999999999969,197.18873385392467,180.00000000000156
5.276879479913319,359.9999999999969,197.18873385392467,180.00000000000156
5.277879646607768,359.9999999999969,197.18873385392467,180.00000000000156
5.2788798133022174,359.9999999999969,197.18873385392467,180.00000000000156
5.279879979996666,359.9999999999969,197.18873385392467,180.00000000000156
5.280880146691115,359.9999999999969,197.18873385392467,180.00000000000156
5.281880313385565,359.9999999999969,197.18873385392467,180.00000000000156
5.2828804800800135,359.9999999999969,197.18873385392467,180.00000000000156
5.283880646774462,359.9999999999969,197.18873385392467,180.00000000000156
5.284880813468912,359.9999999999969,197.18873385392467,180.00000000000156
5.285880980163361,359.9999999999969,197.18873385392467,180.00000000000156
5.28688114685781,359.9999999999969,197.18873385392467,180.00000000000156
5.287881313552259,359.9999999999969,197.18873385392467,180.00000000000156
5.288881480246708,359.9999999999969,197.18873385392467,180.00000000000156
5.289881646941157,359.9999999999969,197.18873385392467,180.00000000000156
5.290881813635606,359.9999999999969,197.18873385392467,180.00000000000156
5.291881980330055,359.9999999999969,197.18873385392467,180.00000000000156
5.292882147024504,359.9999999999969,197.18873385392467,180.00000000000156
5.293882313718953,359.9999999999969,197.18873385392467,180.00000000000156
5.294882480413403,359.9999999999969,197.18873385392467,180.00000000000156
5.2958826471078515,359.9999999999969,197.18873385392467,180.00000000000156
5.2968828138023,359.9999999999969,197.18873385392467,180.00000000000156
5.29788298049675,359.9999999999969,197.18873385392467,180.00000000000156
5.298883147191199,359.9999999999969,197.18873385392467,180.00000000000156
5.299883313885648,359.9999999999969,197.18873385392467,180.00000000000156
5.300883480580097,359.9999999999969,197.18873385392467,180.00000000000156
5.301883647274546,359.9999999999969,197.18873385392467,180.00000000000156
5.302883813968995,359.9999999999969,197.18873385392467,180.00000000000156
5.303883980663444,359.9999999999969,197.18873385392467,180.00000000000156
5.304884147357893,359.9999999999969,197.18873385392467,180.00000000000156
5.305884314052342,359.9999999999969,197.18873385392467,180.00000000000156
5.306884480746791,359.9999999999969,197.18873385392467,180.00000000000156
5.307884647441241,359.9999999999969,197.18873385392467,180.00000000000156
5.3088848141356895,359.9999999999969,197.18873385392467,180.00000000000156
5.309884980830138,359.9999999999969,197.18873385392467,180.00000000000156
5.310885147524588,359.9999999999969,197.18873385392467,180.00000000000156
5.311885314219037,359.9999999999969,197.18873385392467,180.00000000000156
5.312885480913486,359.9999999999969,197.18873385392467,180.00000000000156
5.313885647607935,359.9999999999969,197.18873385392467,180.00000000000156
5.314885814302384,359.9999999999969,197.18873385392467,180.00000000000156
5.315885980996833,359.9999999999969,197.18873385392467,180.00000000000156
5.316886147691282,359.9999999999969,197.18873385392467,180.00000000000156
5.317886314385731,359.9999999999969,197.18873385392467,180.00000000000156
5.31888648108018,359.9999999999969,197.18873385392467,180.00000000000156
5.319886647774629,359.9999999999969,197.18873385392467,180.00000000000156
5.320886814469079,359.9999999999969,197.18873385392467,180.00000000000156
5.321886981163527,359.9999999999969,197.18873385392467,180.00000000000156
5.322887147857976,359.9999999999969,197.18873385392467,180.00000000000156
5.323887314552426,359.9999999999969,197.18873385392467,180.00000000000156
5.324887481246875,359.9999999999969,197.18873385392467,180.00000000000156
5.3258876479413235,359.9999999999969,197.18873385392467,180.00000000000156
5.326887814635773,359.9999999999969,197.18873385392467,180.00000000000156
5.327887981330222,359.9999999999969,197.18873385392467,180.00000000000156
5.328888148024671,359.9999999999969,197.18873385392467,180.00000000000156
5.32988831471912,359.9999999999969,197.18873385392467,180.00000000000156
5.330888481413569,359.9999999999969,197.18873385392467,180.00000000000156
5.331888648108018,359.9999999999969,197.18873385392467,180.00000000000156
5.332888814802467,359.9999999999969,197.18873385392467,180.00000000000156
5.333888981496917,359.9999999999969,197.18873385392467,180.00000000000156
5.334889148191365,359.9999999999969,197.18873385392467,180.00000000000156
5.335889314885814,359.9999999999969,197.18873385392467,180.00000000000156
5.336889481580264,359.9999999999969,197.18873385392467,180.00000000000156
5.337889648274713,359.9999999999969,197.18873385392467,180.00000000000156
5.3388898149691615,359.9999999999969,197.18873385392467,180.00000000000156
5.339889981663611,359.9999999999969,197.18873385392467,180.00000000000156
5.34089014835806,359.9999999999969,197.18873385392467,180.00000000000156
5.341890315052509,359.9999999999969,197.18873385392467,180.00000000000156
5.3428904817469585,359.9999999999969,197.18873385392467,180.00000000000156
5.343890648441407,359.9999999999969,197.18873385392467,180.00000000000156
5.344890815135856,359.9999999999969,197.18873385392467,180.00000000000156
5.345890981830305,359.9999999999969,197.18873385392467,180.00000000000156
5.3468911485247546,359.9999999999969,197.18873385392467,180.00000000000156
5.347891315219203,359.9999999999969,197.18873385392467,180.00000000000156
5.348891481913652,359.9999999999969,197.18873385392467,180.00000000000156
5.349891648608102,359.9999999999969,197.18873385392467,180.00000000000156
5.350891815302551,359.9999999999969,197.18873385392467,180.00000000000156
5.3518919819969994,359.9999999999969,197.18873385392467,180.00000000000156
5.352892148691449,359.9999999999969,197.18873385392467,180.00000000000156
5.353892315385898,359.9999999999969,197.18873385392467,180.00000000000156
5.354892482080347,359.9999999999969,197.18873385392467,180.00000000000156
5.355892648774796,359.9999999999969,197.18873385392467,180.00000000000156
5.356892815469245,359.9999999999969,197.18873385392467,180.00000000000156
5.357892982163694,359.9999999999969,197.18873385392467,180.00000000000156
5.358893148858143,359.9999999999969,197.18873385392467,180.00000000000156
5.3598933155525925,359.9999999999969,197.18873385392467,180.00000000000156
5.360893482247041,359.9999999999969,197.18873385392467,180.00000000000156
5.36189364894149,359.9999999999969,197.18873385392467,180.00000000000156
5.36289381563594,359.9999999999969,197.18873385392467,180.00000000000156
5.363893982330389,359.9999999999969,197.18873385392467,180.00000000000156
5.364894149024837,359.9999999999969,197.18873385392467,180.00000000000156
5.365894315719287,359.9999999999969,197.18873385392467,180.00000000000156
5.366894482413736,359.9999999999969,197.18873385392467,180.00000000000156
5.367894649108185,359.9999999999969,197.18873385392467,180.00000000000156
5.368894815802634,359.9999999999969,197.18873385392467,180.00000000000156
5.369894982497083,359.9999999999969,197.18873385392467,180.00000000000156
5.370895149191532,359.9999999999969,197.18873385392467,180.00000000000156
5.371895315885981,359.9999999999969,197.18873385392467,180.00000000000156
5.3728954825804305,359.9999999999969,197.18873385392467,180.00000000000156
5.373895649274879,359.9999999999969,197.18873385392467,180.00000000000156
5.374895815969328,359.9999999999969,197.18873385392467,180.00000000000156
5.375895982663778,359.9999999999969,197.18873385392467,180.00000000000156
5.376896149358227,359.9999999999969,197.18873385392467,180.00000000000156
5.377896316052675,359.9999999999969,197.18873385392467,180.00000000000156
5.378896482747125,359.9999999999969,197.18873385392467,180.00000000000156
5.379896649441574,359.9999999999969,197.18873385392467,180.00000000000156
5.380896816136023,359.9999999999969,197.18873385392467,180.00000000000156
5.381896982830472,359.9999999999969,197.18873385392467,180.00000000000156
5.382897149524921,359.9999999999969,197.18873385392467,180.00000000000156
5.38389731621937,359.9999999999969,197.18873385392467,180.00000000000156
5.384897482913819,359.9999999999969,197.18873385392467,180.00000000000156
5.3858976496082684,359.9999999999969,197.18873385392467,180.00000000000156
5.386897816302717,359.9999999999969,197.18873385392467,180.00000000000156
5.387897982997166,359.9999999999969,197.18873385392467,180.00000000000156
5.388898149691616,359.9999999999969,197.18873385392467,180.00000000000156
5.3898983163860645,359.9999999999969,197.18873385392467,180.00000000000156
5.390898483080513,359.9999999999969,197.18873385392467,180.00000000000156
5.391898649774963,359.9999999999969,197.18873385392467,180.00000000000156
5.392898816469412,359.9999999999969,197.18873385392467,180.00000000000156
5.393898983163861,359.9999999999969,197.18873385392467,180.00000000000156
5.39489914985831,359.9999999999969,197.18873385392467,180.00000000000156
5.395899316552759,359.9999999999969,197.18873385392467,180.00000000000156
5.396899483247208,359.9999999999969,197.18873385392467,180.00000000000156
5.397899649941657,359.9999999999969,197.18873385392467,180.00000000000156
5.398899816636106,359.9999999999969,197.18873385392467,180.00000000000156
5.399899983330555,359.9999999999969,197.18873385392467,180.00000000000156
5.400900150025004,359.9999999999969,197.18873385392467,180.00000000000156
5.401900316719454,359.9999999999969,197.18873385392467,180.00000000000156
5.4029004834139025,359.9999999999969,197.18873385392467,180.00000000000156
5.403900650108351,359.9999999999969,197.18873385392467,180.00000000000156
5.404900816802801,359.9999999999969,197.18873385392467,180.00000000000156
5.40590098349725,359.9999999999969,197.18873385392467,180.00000000000156
5.406901150191699,359.9999999999969,197.18873385392467,180.00000000000156
5.407901316886148,359.9999999999969,197.18873385392467,180.00000000000156
5.408901483580597,359.9999999999969,197.18873385392467,180.00000000000156
5.409901650275046,359.9999999999969,197.18873385392467,180.00000000000156
5.410901816969495,359.9999999999969,197.18873385392467,180.00000000000156
5.411901983663944,359.9999999999969,197.18873385392467,180.00000000000156
5.412902150358393,359.9999999999969,197.18873385392467,180.00000000000156
5.413902317052842,359.9999999999969,197.18873385392467,180.00000000000156
5.414902483747292,359.9999999999969,197.18873385392467,180.00000000000156
5.4159026504417405,359.9999999999969,197.18873385392467,180.00000000000156
5.416902817136189,359.9999999999969,197.18873385392467,180.00000000000156
5.417902983830639,359.9999999999969,197.18873385392467,180.00000000000156
5.418903150525088,359.9999999999969,197.18873385392467,180.00000000000156
5.4199033172195366,359.9999999999969,197.18873385392467,180.00000000000156
5.420903483913986,359.9999999999969,197.18873385392467,180.00000000000156
5.421903650608435,359.9999999999969,197.18873385392467,180.00000000000156
5.422903817302884,359.9999999999969,197.18873385392467,180.00000000000156
5.4239039839973335,359.9999999999969,197.18873385392467,180.00000000000156
5.424904150691782,359.9999999999969,197.18873385392467,180.00000000000156
5.425904317386231,359.9999999999969,197.18873385392467,180.00000000000156
5.42690448408068,359.9999999999969,197.18873385392467,180.00000000000156
5.42790465077513,359.9999999999969,197.18873385392467,180.00000000000156
5.428904817469578,359.9999999999969,197.18873385392467,180.00000000000156
5.429904984164027,359.9999999999969,197.18873385392467,180.00000000000156
5.430905150858477,359.9999999999969,197.18873385392467,180.00000000000156
5.431905317552926,359.9999999999969,197.18873385392467,180.00000000000156
5.4329054842473745,359.9999999999969,197.18873385392467,180.00000000000156
5.433905650941824,359.9999999999969,197.18873385392467,180.00000000000156
5.434905817636273,359.9999999999969,197.18873385392467,180.00000000000156
5.435905984330722,359.9999999999969,197.18873385392467,180.00000000000156
5.4369061510251715,359.9999999999969,197.18873385392467,180.00000000000156
5.43790631771962,359.9999999999969,197.18873385392467,180.00000000000156
5.438906484414069,359.9999999999969,197.18873385392467,180.00000000000156
5.439906651108518,359.9999999999969,197.18873385392467,180.00000000000156
5.440906817802968,359.9999999999969,197.18873385392467,180.00000000000156
5.441906984497416,359.9999999999969,197.18873385392467,180.00000000000156
5.442907151191865,359.9999999999969,197.18873385392467,180.00000000000156
5.443907317886315,359.9999999999969,197.18873385392467,180.00000000000156
5.444907484580764,359.9999999999969,197.18873385392467,180.00000000000156
5.4459076512752125,359.9999999999969,197.18873385392467,180.00000000000156
5.446907817969662,359.9999999999969,197.18873385392467,180.00000000000156
5.447907984664111,359.9999999999969,197.18873385392467,180.00000000000156
5.44890815135856,359.9999999999969,197.18873385392467,180.00000000000156
5.4499083180530095,359.9999999999969,197.18873385392467,180.00000000000156
5.450908484747458,359.9999999999969,197.18873385392467,180.00000000000156
5.451908651441907,359.9999999999969,197.18873385392467,180.00000000000156
5.452908818136356,359.9999999999969,197.18873385392467,180.00000000000156
5.4539089848308056,359.9999999999969,197.18873385392467,180.00000000000156
5.454909151525254,359.9999999999969,197.18873385392467,180.00000000000156
5.455909318219703,359.9999999999969,197.18873385392467,180.00000000000156
5.456909484914153,359.9999999999969,197.18873385392467,180.00000000000156
5.457909651608602,359.9999999999969,197.18873385392467,180.00000000000156
5.45890981830305,359.9999999999969,197.18873385392467,180.00000000000156
5.4599099849975,359.9999999999969,197.18873385392467,180.00000000000156
5.460910151691949,359.9999999999969,197.18873385392467,180.00000000000156
5.461910318386398,359.9999999999969,197.18873385392467,180.00000000000156
5.462910485080847,359.9999999999969,197.18873385392467,180.00000000000156
5.463910651775296,359.9999999999969,197.18873385392467,180.00000000000156
5.464910818469745,359.9999999999969,197.18873385392467,180.00000000000156
5.465910985164194,359.9999999999969,197.18873385392467,180.00000000000156
5.4669111518586435,359.9999999999969,197.18873385392467,180.00000000000156
5.467911318553092,359.9999999999969,197.18873385392467,180.00000000000156
5.468911485247541,359.9999999999969,197.18873385392467,180.00000000000156
5.469911651941991,359.9999999999969,197.18873385392467,180.00000000000156
5.47091181863644,359.9999999999969,197.18873385392467,180.00000000000156
5.471911985330888,359.9999999999969,197.18873385392467,180.00000000000156
5.472912152025338,359.9999999999969,197.18873385392467,180.00000000000156
5.473912318719787,359.9999999999969,197.18873385392467,180.00000000000156
5.474912485414236,359.9999999999969,197.18873385392467,180.00000000000156
5.475912652108685,359.9999999999969,197.18873385392467,180.00000000000156
5.476912818803134,359.9999999999969,197.18873385392467,180.00000000000156
5.477912985497583,359.9999999999969,197.18873385392467,180.00000000000156
5.478913152192032,359.9999999999969,197.18873385392467,180.00000000000156
5.4799133188864815,359.9999999999969,197.18873385392467,180.00000000000156
5.48091348558093,359.9999999999969,197.18873385392467,180.00000000000156
5.481913652275379,359.9999999999969,197.18873385392467,180.00000000000156
5.482913818969829,359.9999999999969,197.18873385392467,180.00000000000156
5.483913985664278,359.9999999999969,197.18873385392467,180.00000000000156
5.484914152358726,359.9999999999969,197.18873385392467,180.00000000000156
5.485914319053176,359.9999999999969,197.18873385392467,180.00000000000156
5.486914485747625,359.9999999999969,197.18873385392467,180.00000000000156
5.487914652442074,359.9999999999969,197.18873385392467,180.00000000000156
5.488914819136523,359.9999999999969,197.18873385392467,180.00000000000156
5.489914985830972,359.9999999999969,197.18873385392467,180.00000000000156
5.490915152525421,359.9999999999969,197.18873385392467,180.00000000000156
5.49191531921987,359.9999999999969,197.18873385392467,180.00000000000156
5.492915485914319,359.9999999999969,197.18873385392467,180.00000000000156
5.493915652608768,359.9999999999969,197.18873385392467,180.00000000000156
5.494915819303217,359.9999999999969,197.18873385392467,180.00000000000156
5.495915985997667,359.9999999999969,197.18873385392467,180.00000000000156
5.4969161526921155,359.9999999999969,197.18873385392467,180.00000000000156
5.497916319386564,359.9999999999969,197.18873385392467,180.00000000000156
5.498916486081014,359.9999999999969,197.18873385392467,180.00000000000156
5.499916652775463,359.9999999999969,197.18873385392467,180.00000000000156
5.500916819469912,359.9999999999969,197.18873385392467,180.00000000000156
5.501916986164361,359.9999999999969,197.18873385392467,180.00000000000156
5.50291715285881,359.9999999999969,197.18873385392467,180.00000000000156
5.503917319553259,359.9999999999969,197.18873385392467,180.00000000000156
5.504917486247708,359.9999999999969,197.18873385392467,180.00000000000156
5.505917652942157,359.9999999999969,197.18873385392467,180.00000000000156
5.506917819636606,359.9999999999969,197.18873385392467,180.00000000000156
5.507917986331055,359.9999999999969,197.18873385392467,180.00000000000156
5.508918153025505,359.9999999999969,197.18873385392467,180.00000000000156
5.5099183197199535,359.9999999999969,197.18873385392467,180.00000000000156
5.510918486414402,359.9999999999969,197.18873385392467,180.00000000000156
5.511918653108852,359.9999999999969,197.18873385392467,180.00000000000156
5.512918819803301,359.9999999999969,197.18873385392467,180.00000000000156
5.51391898649775,359.9999999999969,197.18873385392467,180.00000000000156
5.514919153192199,359.9999999999969,197.18873385392467,180.00000000000156
5.515919319886648,359.9999999999969,197.18873385392467,180.00000000000156
5.516919486581097,359.9999999999969,197.18873385392467,180.00000000000156
5.517919653275547,359.9999999999969,197.18873385392467,180.00000000000156
5.518919819969995,359.9999999999969,197.18873385392467,180.00000000000156
5.519919986664444,359.9999999999969,197.18873385392467,180.00000000000156
5.520920153358893,359.9999999999969,197.18873385392467,180.00000000000156
5.521920320053343,359.9999999999969,197.18873385392467,180.00000000000156
5.5229204867477915,359.9999999999969,197.18873385392467,180.00000000000156
5.52392065344224,359.9999999999969,197.18873385392467,180.00000000000156
5.52492082013669,359.9999999999969,197.18873385392467,180.00000000000156
5.525920986831139,359.9999999999969,197.18873385392467,180.00000000000156
5.5269211535255875,359.9999999999969,197.18873385392467,180.00000000000156
5.527921320220037,359.9999999999969,197.18873385392467,180.00000000000156
5.528921486914486,359.9999999999969,197.18873385392467,180.00000000000156
5.529921653608935,359.9999999999969,197.18873385392467,180.00000000000156
5.5309218203033845,359.9999999999969,197.18873385392467,180.00000000000156
5.531921986997833,359.9999999999969,197.18873385392467,180.00000000000156
5.532922153692282,359.9999999999969,197.18873385392467,180.00000000000156
5.533922320386731,359.9999999999969,197.18873385392467,180.00000000000156
5.534922487081181,359.9999999999969,197.18873385392467,180.00000000000156
5.535922653775629,359.9999999999969,197.18873385392467,180.00000000000156
5.536922820470078,359.9999999999969,197.18873385392467,180.00000000000156
5.537922987164528,359.9999999999969,197.18873385392467,180.00000000000156
5.538923153858977,359.9999999999969,197.18873385392467,180.00000000000156
5.5399233205534255,359.9999999999969,197.18873385392467,180.00000000000156
5.540923487247875,359.9999999999969,197.18873385392467,180.00000000000156
5.541923653942324,359.9999999999969,197.18873385392467,180.00000000000156
5.542923820636773,359.9999999999969,197.18873385392467,180.00000000000156
5.5439239873312225,359.9999999999969,197.18873385392467,180.00000000000156
5.544924154025671,359.9999999999969,197.18873385392467,180.00000000000156
5.54592432072012,359.9999999999969,197.18873385392467,180.00000000000156
5.546924487414569,359.9999999999969,197.18873385392467,180.00000000000156
5.547924654109019,359.9999999999969,197.18873385392467,180.00000000000156
5.548924820803467,359.9999999999969,197.18873385392467,180.00000000000156
5.549924987497916,359.9999999999969,197.18873385392467,180.00000000000156
5.550925154192366,359.9999999999969,197.18873385392467,180.00000000000156
5.551925320886815,359.9999999999969,197.18873385392467,180.00000000000156
5.5529254875812635,359.9999999999969,197.18873385392467,180.00000000000156
5.553925654275713,359.9999999999969,197.18873385392467,180.00000000000156
5.554925820970162,359.9999999999969,197.18873385392467,180.00000000000156
5.555925987664611,359.9999999999969,197.18873385392467,180.00000000000156
5.5569261543590605,359.9999999999969,197.18873385392467,180.00000000000156
5.557926321053509,359.9999999999969,197.18873385392467,180.00000000000156
5.558926487747958,359.9999999999969,197.18873385392467,180.00000000000156
5.559926654442407,359.9999999999969,197.18873385392467,180.00000000000156
5.5609268211368565,359.9999999999969,197.18873385392467,180.00000000000156
5.561926987831305,359.9999999999969,197.18873385392467,180.00000000000156
5.562927154525754,359.9999999999969,197.18873385392467,180.00000000000156
5.563927321220204,359.9999999999969,197.18873385392467,180.00000000000156
5.564927487914653,359.9999999999969,197.18873385392467,180.00000000000156
5.565927654609101,359.9999999999969,197.18873385392467,180.00000000000156
5.566927821303551,359.9999999999969,197.18873385392467,180.00000000000156
5.567927987998,359.9999999999969,197.18873385392467,180.00000000000156
5.568928154692449,359.9999999999969,197.18873385392467,180.00000000000156
5.569928321386898,359.9999999999969,197.18873385392467,180.00000000000156
5.570928488081347,359.9999999999969,197.18873385392467,180.00000000000156
5.571928654775796,359.9999999999969,197.18873385392467,180.00000000000156
5.572928821470245,359.9999999999969,197.18873385392467,180.00000000000156
5.5739289881646945,359.9999999999969,197.18873385392467,180.00000000000156
5.574929154859143,359.9999999999969,197.18873385392467,180.00000000000156
5.575929321553592,359.9999999999969,197.18873385392467,180.00000000000156
5.576929488248042,359.9999999999969,197.18873385392467,180.00000000000156
5.577929654942491,359.9999999999969,197.18873385392467,180.00000000000156
5.578929821636939,359.9999999999969,197.18873385392467,180.00000000000156
5.579929988331389,359.9999999999969,197.18873385392467,180.00000000000156
5.580930155025838,359.9999999999969,197.18873385392467,180.00000000000156
5.581930321720287,359.9999999999969,197.18873385392467,180.00000000000156
5.582930488414736,359.9999999999969,197.18873385392467,180.00000000000156
5.583930655109185,359.9999999999969,197.18873385392467,180.00000000000156
5.584930821803634,359.9999999999969,197.18873385392467,180.00000000000156
5.585930988498083,359.9999999999969,197.18873385392467,180.00000000000156
5.5869311551925325,359.9999999999969,197.18873385392467,180.00000000000156
5.587931321886981,359.9999999999969,197.18873385392467,180.00000000000156
5.58893148858143,359.9999999999969,197.18873385392467,180.00000000000156
5.58993165527588,359.9999999999969,197.18873385392467,180.00000000000156
5.590931821970329,359.9999999999969,197.18873385392467,180.00000000000156
5.591931988664777,359.9999999999969,197.18873385392467,180.00000000000156
5.592932155359227,359.9999999999969,197.18873385392467,180.00000000000156
5.593932322053676,359.9999999999969,197.18873385392467,180.00000000000156
5.594932488748125,359.9999999999969,197.18873385392467,180.00000000000156
5.595932655442574,359.9999999999969,197.18873385392467,180.00000000000156
5.596932822137023,359.9999999999969,197.18873385392467,180.00000000000156
5.597932988831472,359.9999999999969,197.18873385392467,180.00000000000156
5.598933155525922,359.9999999999969,197.18873385392467,180.00000000000156
5.59993332222037,359.9999999999969,197.18873385392467,180.00000000000156
5.600933488914819,359.9999999999969,197.18873385392467,180.00000000000156
5.601933655609268,359.9999999999969,197.18873385392467,180.00000000000156
5.602933822303718,359.9999999999969,197.18873385392467,180.00000000000156
5.6039339889981665,359.9999999999969,197.18873385392467,180.00000000000156
5.604934155692615,359.9999999999969,197.18873385392467,180.00000000000156
5.605934322387065,359.9999999999969,197.18873385392467,180.00000000000156
5.606934489081514,359.9999999999969,197.18873385392467,180.00000000000156
5.607934655775963,359.9999999999969,197.18873385392467,180.00000000000156
5.608934822470412,359.9999999999969,197.18873385392467,180.00000000000156
5.609934989164861,359.9999999999969,197.18873385392467,180.00000000000156
5.61093515585931,359.9999999999969,197.18873385392467,180.00000000000156
5.61193532255376,359.9999999999969,197.18873385392467,180.00000000000156
5.612935489248208,359.9999999999969,197.18873385392467,180.00000000000156
5.613935655942657,359.9999999999969,197.18873385392467,180.00000000000156
5.614935822637106,359.9999999999969,197.18873385392467,180.00000000000156
5.615935989331556,359.9999999999969,197.18873385392467,180.00000000000156
5.6169361560260045,359.9999999999969,197.18873385392467,180.00000000000156
5.617936322720453,359.9999999999969,197.18873385392467,180.00000000000156
5.618936489414903,359.9999999999969,197.18873385392467,180.00000000000156
5.619936656109352,359.9999999999969,197.18873385392467,180.00000000000156
5.620936822803801,359.9999999999969,197.18873385392467,180.00000000000156
5.62193698949825,359.9999999999969,197.18873385392467,180.00000000000156
5.622937156192699,359.9999999999969,197.18873385392467,180.00000000000156
5.623937322887148,359.9999999999969,197.18873385392467,180.00000000000156
5.624937489581598,359.9999999999969,197.18873385392467,180.00000000000156
5.625937656276046,359.9999999999969,197.18873385392467,180.00000000000156
5.626937822970495,359.9999999999969,197.18873385392467,180.00000000000156
5.627937989664944,359.9999999999969,197.18873385392467,180.00000000000156
5.628938156359394,359.9999999999969,197.18873385392467,180.00000000000156
5.6299383230538425,359.9999999999969,197.18873385392467,180.00000000000156
5.630938489748291,359.9999999999969,197.18873385392467,180.00000000000156
5.631938656442741,359.9999999999969,197.18873385392467,180.00000000000156
5.63293882313719,359.9999999999969,197.18873385392467,180.00000000000156
5.6339389898316385,359.9999999999969,197.18873385392467,180.00000000000156
5.634939156526088,359.9999999999969,197.18873385392467,180.00000000000156
5.635939323220537,359.9999999999969,197.18873385392467,180.00000000000156
5.636939489914986,359.9999999999969,197.18873385392467,180.00000000000156
5.6379396566094355,359.9999999999969,197.18873385392467,180.00000000000156
5.638939823303884,359.9999999999969,197.18873385392467,180.00000000000156
5.639939989998333,359.9999999999969,197.18873385392467,180.00000000000156
5.640940156692782,359.9999999999969,197.18873385392467,180.00000000000156
5.641940323387232,359.9999999999969,197.18873385392467,180.00000000000156
5.64294049008168,359.9999999999969,197.18873385392467,180.00000000000156
5.643940656776129,359.9999999999969,197.18873385392467,180.00000000000156
5.644940823470579,359.9999999999969,197.18873385392467,180.00000000000156
5.645940990165028,359.9999999999969,197.18873385392467,180.00000000000156
5.6469411568594765,359.9999999999969,197.18873385392467,180.00000000000156
5.647941323553926,359.9999999999969,197.18873385392467,180.00000000000156
5.648941490248375,359.9999999999969,197.18873385392467,180.00000000000156
5.649941656942824,359.9999999999969,197.18873385392467,180.00000000000156
5.6509418236372735,359.9999999999969,197.18873385392467,180.00000000000156
5.651941990331722,359.9999999999969,197.18873385392467,180.00000000000156
5.652942157026171,359.9999999999969,197.18873385392467,180.00000000000156
5.65394232372062,359.9999999999969,197.18873385392467,180.00000000000156
5.65494249041507,359.9999999999969,197.18873385392467,180.00000000000156
5.655942657109518,359.9999999999969,197.18873385392467,180.00000000000156
5.656942823803967,359.9999999999969,197.18873385392467,180.00000000000156
5.657942990498417,359.9999999999969,197.18873385392467,180.00000000000156
5.658943157192866,359.9999999999969,197.18873385392467,180.00000000000156
5.6599433238873145,359.9999999999969,197.18873385392467,180.00000000000156
5.660943490581764,359.9999999999969,197.18873385392467,180.00000000000156
5.661943657276213,359.9999999999969,197.18873385392467,180.00000000000156
5.662943823970662,359.9999999999969,197.18873385392467,180.00000000000156
5.6639439906651114,359.9999999999969,197.18873385392467,180.00000000000156
5.66494415735956,359.9999999999969,197.18873385392467,180.00000000000156
5.665944324054009,359.9999999999969,197.18873385392467,180.00000000000156
5.666944490748458,359.9999999999969,197.18873385392467,180.00000000000156
5.6679446574429075,359.9999999999969,197.18873385392467,180.00000000000156
5.668944824137356,359.9999999999969,197.18873385392467,180.00000000000156
5.669944990831805,359.9999999999969,197.18873385392467,180.00000000000156
5.670945157526255,359.9999999999969,197.18873385392467,180.00000000000156
5.671945324220704,359.9999999999969,197.18873385392467,180.00000000000156
5.672945490915152,359.9999999999969,197.18873385392467,180.00000000000156
5.673945657609602,359.9999999999969,197.18873385392467,180.00000000000156
5.674945824304051,359.9999999999969,197.18873385392467,180.00000000000156
5.6759459909985,359.9999999999969,197.18873385392467,180.00000000000156
5.676946157692949,359.9999999999969,197.18873385392467,180.00000000000156
5.677946324387398,359.9999999999969,197.18873385392467,180.00000000000156
5.678946491081847,359.9999999999969,197.18873385392467,180.00000000000156
5.679946657776297,359.9999999999969,197.18873385392467,180.00000000000156
5.6809468244707455,359.9999999999969,197.18873385392467,180.00000000000156
5.681946991165194,359.9999999999969,197.18873385392467,180.00000000000156
5.682947157859643,359.9999999999969,197.18873385392467,180.00000000000156
5.683947324554093,359.9999999999969,197.18873385392467,180.00000000000156
5.684947491248542,359.9999999999969,197.18873385392467,180.00000000000156
5.68594765794299,359.9999999999969,197.18873385392467,180.00000000000156
5.68694782463744,359.9999999999969,197.18873385392467,180.00000000000156
5.687947991331889,359.9999999999969,197.18873385392467,180.00000000000156
5.688948158026338,359.9999999999969,197.18873385392467,180.00000000000156
5.689948324720787,359.9999999999969,197.18873385392467,180.00000000000156
5.690948491415236,359.9999999999969,197.18873385392467,180.00000000000156
5.691948658109685,359.9999999999969,197.18873385392467,180.00000000000156
5.692948824804135,359.9999999999969,197.18873385392467,180.00000000000156
5.6939489914985835,359.9999999999969,197.18873385392467,180.00000000000156
5.694949158193032,359.9999999999969,197.18873385392467,180.00000000000156
5.695949324887481,359.9999999999969,197.18873385392467,180.00000000000156
5.696949491581931,359.9999999999969,197.18873385392467,180.00000000000156
5.69794965827638,359.9999999999969,197.18873385392467,180.00000000000156
5.698949824970828,359.9999999999969,197.18873385392467,180.00000000000156
5.699949991665278,359.9999999999969,197.18873385392467,180.00000000000156
5.700950158359727,359.9999999999969,197.18873385392467,180.00000000000156
5.701950325054176,359.9999999999969,197.18873385392467,180.00000000000156
5.702950491748625,359.9999999999969,197.18873385392467,180.00000000000156
5.703950658443074,359.9999999999969,197.18873385392467,180.00000000000156
5.704950825137523,359.9999999999969,197.18873385392467,180.00000000000156
5.705950991831973,359.9999999999969,197.18873385392467,180.00000000000156
5.706951158526421,359.9999999999969,197.18873385392467,180.00000000000156
5.70795132522087,359.9999999999969,197.18873385392467,180.00000000000156
5.708951491915319,359.9999999999969,197.18873385392467,180.00000000000156
5.709951658609769,359.9999999999969,197.18873385392467,180.00000000000156
5.7109518253042175,359.9999999999969,197.18873385392467,180.00000000000156
5.711951991998666,359.9999999999969,197.18873385392467,180.00000000000156
5.712952158693116,359.9999999999969,197.18873385392467,180.00000000000156
5.713952325387565,359.9999999999969,197.18873385392467,180.00000000000156
5.714952492082014,359.9999999999969,197.18873385392467,180.00000000000156
5.715952658776463,359.9999999999969,197.18873385392467,180.00000000000156
5.716952825470912,359.9999999999969,197.18873385392467,180.00000000000156
5.717952992165361,359.9999999999969,197.18873385392467,180.00000000000156
5.718953158859811,359.9999999999969,197.18873385392467,180.00000000000156
5.719953325554259,359.9999999999969,197.18873385392467,180.00000000000156
5.720953492248708,359.9999999999969,197.18873385392467,180.00000000000156
5.721953658943157,359.9999999999969,197.18873385392467,180.00000000000156
5.722953825637607,359.9999999999969,197.18873385392467,180.00000000000156
5.7239539923320555,359.9999999999969,197.18873385392467,180.00000000000156
5.724954159026504,359.9999999999969,197.18873385392467,180.00000000000156
5.725954325720954,359.9999999999969,197.18873385392467,180.00000000000156
5.726954492415403,359.9999999999969,197.18873385392467,180.00000000000156
5.727954659109852,359.9999999999969,197.18873385392467,180.00000000000156
5.728954825804301,359.9999999999969,197.18873385392467,180.00000000000156
5.72995499249875,359.9999999999969,197.18873385392467,180.00000000000156
5.730955159193199,359.9999999999969,197.18873385392467,180.00000000000156
5.7319553258876486,359.9999999999969,197.18873385392467,180.00000000000156
5.732955492582097,359.9999999999969,197.18873385392467,180.00000000000156
5.733955659276546,359.9999999999969,197.18873385392467,180.00000000000156
5.734955825970995,359.9999999999969,197.18873385392467,180.00000000000156
5.735955992665445,359.9999999999969,197.18873385392467,180.00000000000156
5.7369561593598934,359.9999999999969,197.18873385392467,180.00000000000156
5.737956326054342,359.9999999999969,197.18873385392467,180.00000000000156
5.738956492748792,359.9999999999969,197.18873385392467,180.00000000000156
5.739956659443241,359.9999999999969,197.18873385392467,180.00000000000156
5.7409568261376895,359.9999999999969,197.18873385392467,180.00000000000156
5.741956992832139,359.9999999999969,197.18873385392467,180.00000000000156
5.742957159526588,359.9999999999969,197.18873385392467,180.00000000000156
5.743957326221037,359.9999999999969,197.18873385392467,180.00000000000156
5.7449574929154865,359.9999999999969,197.18873385392467,180.00000000000156
5.745957659609935,359.9999999999969,197.18873385392467,180.00000000000156
5.746957826304384,359.9999999999969,197.18873385392467,180.00000000000156
5.747957992998833,359.9999999999969,197.18873385392467,180.00000000000156
5.748958159693283,359.9999999999969,197.18873385392467,180.00000000000156
5.749958326387731,359.9999999999969,197.18873385392467,180.00000000000156
5.75095849308218,359.9999999999969,197.18873385392467,180.00000000000156
5.75195865977663,359.9999999999969,197.18873385392467,180.00000000000156
5.752958826471079,359.9999999999969,197.18873385392467,180.00000000000156
5.7539589931655275,359.9999999999969,197.18873385392467,180.00000000000156
5.754959159859977,359.9999999999969,197.18873385392467,180.00000000000156
5.755959326554426,359.9999999999969,197.18873385392467,180.00000000000156
5.756959493248875,359.9999999999969,197.18873385392467,180.00000000000156
5.7579596599433245,359.9999999999969,197.18873385392467,180.00000000000156
5.758959826637773,359.9999999999969,197.18873385392467,180.00000000000156
5.759959993332222,359.9999999999969,197.18873385392467,180.00000000000156
5.760960160026672,359.9999999999969,197.18873385392467,180.00000000000156
5.761960326721121,359.9999999999969,197.18873385392467,180.00000000000156
5.762960493415569,359.9999999999969,197.18873385392467,180.00000000000156
5.763960660110018,359.9999999999969,197.18873385392467,180.00000000000156
5.764960826804468,359.9999999999969,197.18873385392467,180.00000000000156
5.765960993498917,359.9999999999969,197.18873385392467,180.00000000000156
5.7669611601933655,359.9999999999969,197.18873385392467,180.00000000000156
5.767961326887815,359.9999999999969,197.18873385392467,180.00000000000156
5.768961493582264,359.9999999999969,197.18873385392467,180.00000000000156
5.769961660276713,359.9999999999969,197.18873385392467,180.00000000000156
5.7709618269711624,359.9999999999969,197.18873385392467,180.00000000000156
5.771961993665611,359.9999999999969,197.18873385392467,180.00000000000156
5.77296216036006,359.9999999999969,197.18873385392467,180.00000000000156
5.77396232705451,359.9999999999969,197.18873385392467,180.00000000000156
5.7749624937489585,359.9999999999969,197.18873385392467,180.00000000000156
5.775962660443407,359.9999999999969,197.18873385392467,180.00000000000156
5.776962827137856,359.9999999999969,197.18873385392467,180.00000000000156
5.777962993832306,359.9999999999969,197.18873385392467,180.00000000000156
5.778963160526755,359.9999999999969,197.18873385392467,180.00000000000156
5.779963327221203,359.9999999999969,197.18873385392467,180.00000000000156
5.780963493915653,359.9999999999969,197.18873385392467,180.00000000000156
5.781963660610102,359.9999999999969,197.18873385392467,180.00000000000156
5.782963827304551,359.9999999999969,197.18873385392467,180.00000000000156
5.783963993999,359.9999999999969,197.18873385392467,180.00000000000156
5.784964160693449,359.9999999999969,197.18873385392467,180.00000000000156
5.785964327387898,359.9999999999969,197.18873385392467,180.00000000000156
5.786964494082348,359.9999999999969,197.18873385392467,180.00000000000156
5.7879646607767965,359.9999999999969,197.18873385392467,180.00000000000156
5.788964827471245,359.9999999999969,197.18873385392467,180.00000000000156
5.789964994165694,359.9999999999969,197.18873385392467,180.00000000000156
5.790965160860144,359.9999999999969,197.18873385392467,180.00000000000156
5.791965327554593,359.9999999999969,197.18873385392467,180.00000000000156
5.792965494249041,359.9999999999969,197.18873385392467,180.00000000000156
5.793965660943491,359.9999999999969,197.18873385392467,180.00000000000156
5.79496582763794,359.9999999999969,197.18873385392467,180.00000000000156
5.795965994332389,359.9999999999969,197.18873385392467,180.00000000000156
5.796966161026838,359.9999999999969,197.18873385392467,180.00000000000156
5.797966327721287,359.9999999999969,197.18873385392467,180.00000000000156
5.798966494415736,359.9999999999969,197.18873385392467,180.00000000000156
5.799966661110186,359.9999999999969,197.18873385392467,180.00000000000156
5.8009668278046345,359.9999999999969,197.18873385392467,180.00000000000156
5.801966994499083,359.9999999999969,197.18873385392467,180.00000000000156
5.802967161193532,359.9999999999969,197.18873385392467,180.00000000000156
5.803967327887982,359.9999999999969,197.18873385392467,180.00000000000156
5.8049674945824306,359.9999999999969,197.18873385392467,180.00000000000156
5.805967661276879,359.9999999999969,197.18873385392467,180.00000000000156
5.806967827971329,359.9999999999969,197.18873385392467,180.00000000000156
5.807967994665778,359.9999999999969,197.18873385392467,180.00000000000156
5.808968161360227,359.9999999999969,197.18873385392467,180.00000000000156
5.809968328054676,359.9999999999969,197.18873385392467,180.00000000000156
5.810968494749125,359.9999999999969,197.18873385392467,180.00000000000156
5.811968661443574,359.9999999999969,197.18873385392467,180.00000000000156
5.812968828138024,359.9999999999969,197.18873385392467,180.00000000000156
5.813968994832472,359.9999999999969,197.18873385392467,180.00000000000156
5.814969161526921,359.9999999999969,197.18873385392467,180.00000000000156
5.81596932822137,359.9999999999969,197.18873385392467,180.00000000000156
5.81696949491582,359.9999999999969,197.18873385392467,180.00000000000156
5.8179696616102685,359.9999999999969,197.18873385392467,180.00000000000156
5.818969828304717,359.9999999999969,197.18873385392467,180.00000000000156
5.819969994999167,359.9999999999969,197.18873385392467,180.00000000000156
5.820970161693616,359.9999999999969,197.18873385392467,180.00000000000156
5.821970328388065,359.9999999999969,197.18873385392467,180.00000000000156
5.822970495082514,359.9999999999969,197.18873385392467,180.00000000000156
5.823970661776963,359.9999999999969,197.18873385392467,180.00000000000156
5.824970828471412,359.9999999999969,197.18873385392467,180.00000000000156
5.825970995165862,359.9999999999969,197.18873385392467,180.00000000000156
5.82697116186031,359.9999999999969,197.18873385392467,180.00000000000156
5.827971328554759,359.9999999999969,197.18873385392467,180.00000000000156
5.828971495249208,359.9999999999969,197.18873385392467,180.00000000000156
5.829971661943658,359.9999999999969,197.18873385392467,180.00000000000156
5.8309718286381065,359.9999999999969,197.18873385392467,180.00000000000156
5.831971995332555,359.9999999999969,197.18873385392467,180.00000000000156
5.832972162027005,359.9999999999969,197.18873385392467,180.00000000000156
5.833972328721454,359.9999999999969,197.18873385392467,180.00000000000156
5.834972495415903,359.9999999999969,197.18873385392467,180.00000000000156
5.835972662110352,359.9999999999969,197.18873385392467,180.00000000000156
5.836972828804801,359.9999999999969,197.18873385392467,180.00000000000156
5.83797299549925,359.9999999999969,197.18873385392467,180.00000000000156
5.8389731621936996,359.9999999999969,197.18873385392467,180.00000000000156
5.839973328888148,359.9999999999969,197.18873385392467,180.00000000000156
5.840973495582597,359.9999999999969,197.18873385392467,180.00000000000156
5.841973662277046,359.9999999999969,197.18873385392467,180.00000000000156
5.842973828971496,359.9999999999969,197.18873385392467,180.00000000000156
5.843973995665944,359.9999999999969,197.18873385392467,180.00000000000156
5.844974162360393,359.9999999999969,197.18873385392467,180.00000000000156
5.845974329054843,359.9999999999969,197.18873385392467,180.00000000000156
5.846974495749292,359.9999999999969,197.18873385392467,180.00000000000156
5.8479746624437405,359.9999999999969,197.18873385392467,180.00000000000156
5.84897482913819,359.9999999999969,197.18873385392467,180.00000000000156
5.849974995832639,359.9999999999969,197.18873385392467,180.00000000000156
5.850975162527088,359.9999999999969,197.18873385392467,180.00000000000156
5.8519753292215375,359.9999999999969,197.18873385392467,180.00000000000156
5.852975495915986,359.9999999999969,197.18873385392467,180.00000000000156
5.853975662610435,359.9999999999969,197.18873385392467,180.00000000000156
5.854975829304885,359.9999999999969,197.18873385392467,180.00000000000156
5.855975995999334,359.9999999999969,197.18873385392467,180.00000000000156
5.856976162693782,359.9999999999969,197.18873385392467,180.00000000000156
5.857976329388231,359.9999999999969,197.18873385392467,180.00000000000156
5.858976496082681,359.9999999999969,197.18873385392467,180.00000000000156
5.85997666277713,359.9999999999969,197.18873385392467,180.00000000000156
5.8609768294715785,359.9999999999969,197.18873385392467,180.00000000000156
5.861976996166028,359.9999999999969,197.18873385392467,180.00000000000156
5.862977162860477,359.9999999999969,197.18873385392467,180.00000000000156
5.863977329554926,359.9999999999969,197.18873385392467,180.00000000000156
5.8649774962493755,359.9999999999969,197.18873385392467,180.00000000000156
5.865977662943824,359.9999999999969,197.18873385392467,180.00000000000156
5.866977829638273,359.9999999999969,197.18873385392467,180.00000000000156
5.867977996332723,359.9999999999969,197.18873385392467,180.00000000000156
5.868978163027172,359.9999999999969,197.18873385392467,180.00000000000156
5.86997832972162,359.9999999999969,197.18873385392467,180.00000000000156
5.870978496416069,359.9999999999969,197.18873385392467,180.00000000000156
5.871978663110519,359.9999999999969,197.18873385392467,180.00000000000156
5.872978829804968,359.9999999999969,197.18873385392467,180.00000000000156
5.8739789964994165,359.9999999999969,197.18873385392467,180.00000000000156
5.874979163193866,359.9999999999969,197.18873385392467,180.00000000000156
5.875979329888315,359.9999999999969,197.18873385392467,180.00000000000156
5.876979496582764,359.9999999999969,197.18873385392467,180.00000000000156
5.877979663277213,359.9999999999969,197.18873385392467,180.00000000000156
5.878979829971662,359.9999999999969,197.18873385392467,180.00000000000156
5.879979996666111,359.9999999999969,197.18873385392467,180.00000000000156
5.880980163360561,359.9999999999969,197.18873385392467,180.00000000000156
5.8819803300550095,359.9999999999969,197.18873385392467,180.00000000000156
5.882980496749458,359.9999999999969,197.18873385392467,180.00000000000156
5.883980663443907,359.9999999999969,197.18873385392467,180.00000000000156
5.884980830138357,359.9999999999969,197.18873385392467,180.00000000000156
5.885980996832806,359.9999999999969,197.18873385392467,180.00000000000156
5.886981163527254,359.9999999999969,197.18873385392467,180.00000000000156
5.887981330221704,359.9999999999969,197.18873385392467,180.00000000000156
5.888981496916153,359.9999999999969,197.18873385392467,180.00000000000156
5.889981663610602,359.9999999999969,197.18873385392467,180.00000000000156
5.890981830305051,359.9999999999969,197.18873385392467,180.00000000000156
5.8919819969995,359.9999999999969,197.18873385392467,180.00000000000156
5.892982163693949,359.9999999999969,197.18873385392467,180.00000000000156
5.893982330388399,359.9999999999969,197.18873385392467,180.00000000000156
5.8949824970828475,359.9999999999969,197.18873385392467,180.00000000000156
5.895982663777296,359.9999999999969,197.18873385392467,180.00000000000156
5.896982830471745,359.9999999999969,197.18873385392467,180.00000000000156
5.897982997166195,359.9999999999969,197.18873385392467,180.00000000000156
5.898983163860644,359.9999999999969,197.18873385392467,180.00000000000156
5.899983330555092,359.9999999999969,197.18873385392467,180.00000000000156
5.900983497249542,359.9999999999969,197.18873385392467,180.00000000000156
5.901983663943991,359.9999999999969,197.18873385392467,180.00000000000156
5.90298383063844,359.9999999999969,197.18873385392467,180.00000000000156
5.903983997332889,359.9999999999969,197.18873385392467,180.00000000000156
5.904984164027338,359.9999999999969,197.18873385392467,180.00000000000156
5.905984330721787,359.9999999999969,197.18873385392467,180.00000000000156
5.906984497416237,359.9999999999969,197.18873385392467,180.00000000000156
5.9079846641106855,359.9999999999969,197.18873385392467,180.00000000000156
5.908984830805134,359.9999999999969,197.18873385392467,180.00000000000156
5.909984997499583,359.9999999999969,197.18873385392467,180.00000000000156
5.910985164194033,359.9999999999969,197.18873385392467,180.00000000000156
5.9119853308884815,359.9999999999969,197.18873385392467,180.00000000000156
5.91298549758293,359.9999999999969,197.18873385392467,180.00000000000156
5.91398566427738,359.9999999999969,197.18873385392467,180.00000000000156
5.914985830971829,359.9999999999969,197.18873385392467,180.00000000000156
5.915985997666278,359.9999999999969,197.18873385392467,180.00000000000156
5.916986164360727,359.9999999999969,197.18873385392467,180.00000000000156
5.917986331055176,359.9999999999969,197.18873385392467,180.00000000000156
5.918986497749625,359.9999999999969,197.18873385392467,180.00000000000156
5.919986664444075,359.9999999999969,197.18873385392467,180.00000000000156
5.920986831138523,359.9999999999969,197.18873385392467,180.00000000000156
5.921986997832972,359.9999999999969,197.18873385392467,180.00000000000156
5.922987164527421,359.9999999999969,197.18873385392467,180.00000000000156
5.923987331221871,359.9999999999969,197.18873385392467,180.00000000000156
5.9249874979163195,359.9999999999969,197.18873385392467,180.00000000000156
5.925987664610768,359.9999999999969,197.18873385392467,180.00000000000156
5.926987831305218,359.9999999999969,197.18873385392467,180.00000000000156
5.927987997999667,359.9999999999969,197.18873385392467,180.00000000000156
5.928988164694116,359.9999999999969,197.18873385392467,180.00000000000156
5.929988331388565,359.9999999999969,197.18873385392467,180.00000000000156
5.930988498083014,359.9999999999969,197.18873385392467,180.00000000000156
5.931988664777463,359.9999999999969,197.18873385392467,180.00000000000156
5.932988831471913,359.9999999999969,197.18873385392467,180.00000000000156
5.933988998166361,359.9999999999969,197.18873385392467,180.00000000000156
5.93498916486081,359.9999999999969,197.18873385392467,180.00000000000156
5.93598933155526,359.9999999999969,197.18873385392467,180.00000000000156
5.936989498249709,359.9999999999969,197.18873385392467,180.00000000000156
5.9379896649441575,359.9999999999969,197.18873385392467,180.00000000000156
5.938989831638606,359.9999999999969,197.18873385392467,180.00000000000156
5.939989998333056,359.9999999999969,197.18873385392467,180.00000000000156
5.940990165027505,359.9999999999969,197.18873385392467,180.00000000000156
5.941990331721954,359.9999999999969,197.18873385392467,180.00000000000156
5.942990498416403,359.9999999999969,197.18873385392467,180.00000000000156
5.943990665110852,359.9999999999969,197.18873385392467,180.00000000000156
5.944990831805301,359.9999999999969,197.18873385392467,180.00000000000156
5.9459909984997505,359.9999999999969,197.18873385392467,180.00000000000156
5.946991165194199,359.9999999999969,197.18873385392467,180.00000000000156
5.947991331888648,359.9999999999969,197.18873385392467,180.00000000000156
5.948991498583098,359.9999999999969,197.18873385392467,180.00000000000156
5.949991665277547,359.9999999999969,197.18873385392467,180.00000000000156
5.950991831971995,359.9999999999969,197.18873385392467,180.00000000000156
5.951991998666444,359.9999999999969,197.18873385392467,180.00000000000156
5.952992165360894,359.9999999999969,197.18873385392467,180.00000000000156
5.953992332055343,359.9999999999969,197.18873385392467,180.00000000000156
5.9549924987497915,359.9999999999969,197.18873385392467,180.00000000000156
5.955992665444241,359.9999999999969,197.18873385392467,180.00000000000156
5.95699283213869,359.9999999999969,197.18873385392467,180.00000000000156
5.957992998833139,359.9999999999969,197.18873385392467,180.00000000000156
5.9589931655275885,359.9999999999969,197.18873385392467,180.00000000000156
5.959993332222037,359.9999999999969,197.18873385392467,180.00000000000156
5.960993498916486,359.9999999999969,197.18873385392467,180.00000000000156
5.961993665610936,359.9999999999969,197.18873385392467,180.00000000000156
5.962993832305385,359.9999999999969,197.18873385392467,180.00000000000156
5.963993998999833,359.9999999999969,197.18873385392467,180.00000000000156
5.964994165694282,359.9999999999969,197.18873385392467,180.00000000000156
5.965994332388732,359.9999999999969,197.18873385392467,180.00000000000156
5.966994499083181,359.9999999999969,197.18873385392467,180.00000000000156
5.9679946657776295,359.9999999999969,197.18873385392467,180.00000000000156
5.968994832472079,359.9999999999969,197.18873385392467,180.00000000000156
5.969994999166528,359.9999999999969,197.18873385392467,180.00000000000156
5.970995165860977,359.9999999999969,197.18873385392467,180.00000000000156
5.9719953325554265,359.9999999999969,197.18873385392467,180.00000000000156
5.972995499249875,359.9999999999969,197.18873385392467,180.00000000000156
5.973995665944324,359.9999999999969,197.18873385392467,180.00000000000156
5.974995832638774,359.9999999999969,197.18873385392467,180.00000000000156
5.975995999333223,359.9999999999969,197.18873385392467,180.00000000000156
5.976996166027671,359.9999999999969,197.18873385392467,180.00000000000156
5.97799633272212,359.9999999999969,197.18873385392467,180.00000000000156
5.97899649941657,359.9999999999969,197.18873385392467,180.00000000000156
5.979996666111019,359.9999999999969,197.18873385392467,180.00000000000156
5.9809968328054675,359.9999999999969,197.18873385392467,180.00000000000156
5.981996999499917,359.9999999999969,197.18873385392467,180.00000000000156
5.982997166194366,359.9999999999969,197.18873385392467,180.00000000000156
5.983997332888815,359.9999999999969,197.18873385392467,180.00000000000156
5.984997499583264,359.9999999999969,197.18873385392467,180.00000000000156
5.985997666277713,359.9999999999969,197.18873385392467,180.00000000000156
5.986997832972162,359.9999999999969,197.18873385392467,180.00000000000156
5.987997999666612,359.9999999999969,197.18873385392467,180.00000000000156
5.9889981663610605,359.9999999999969,197.18873385392467,180.00000000000156
5.989998333055509,359.9999999999969,197.18873385392467,180.00000000000156
5.990998499749958,359.9999999999969,197.18873385392467,180.00000000000156
5.991998666444408,359.9999999999969,197.18873385392467,180.00000000000156
5.992998833138857,359.9999999999969,197.18873385392467,180.00000000000156
5.993998999833305,359.9999999999969,197.18873385392467,180.00000000000156
5.994999166527755,359.9999999999969,197.18873385392467,180.00000000000156
5.995999333222204,359.9999999999969,197.18873385392467,180.00000000000156
5.996999499916653,359.9999999999969,197.18873385392467,180.00000000000156
5.997999666611102,359.9999999999969,197.18873385392467,180.00000000000156
5.998999833305551,359.9999999999969,197.18873385392467,180.00000000000156
6.0,359.9999999999969,197.18873385392467,180.00000000000156
